snp_id,position,method,beta,se,z_score,p_value,odds_ratio,allele_freq,maf,p_bonferroni,p_fdr,significant_bonferroni,significant_fdr,gene,locus_tag,product
62,62,logistic+PCs,-0.37277765211064817,0.9780755445360023,-0.3811338032048367,0.7031039656964183,0.6888183731295273,0.05,0.05,1.0,0.7767907213485739,False,False,dnaA,SPN23F_RS00005,chromosomal replication initiator protein DnaA
159,159,logistic+PCs,-6.142452933485942,6.607494765637623,-0.9296190388874559,0.3525683662737379,0.0021496442116584404,0.07,0.07,1.0,0.4989589722203148,False,False,dnaA,SPN23F_RS00005,chromosomal replication initiator protein DnaA
805,805,logistic+PCs,-0.6088200743120147,1.640523794079561,-0.37111322402586777,0.710553201891164,0.5439923611045473,0.22,0.22,1.0,0.7799592690004556,False,False,dnaN,SPN23F_RS00010,DNA polymerase III subunit beta
915,915,logistic+PCs,-0.3406404727012193,2.045890636436241,-0.16649984443674104,0.8677636055840456,0.7113145992561531,0.15,0.15,1.0,0.9144955360611808,False,False,dnaN,SPN23F_RS00010,DNA polymerase III subunit beta
1194,1194,logistic+PCs,3.1541765392750376,0.8349627914979557,3.7776252683264153,0.00015833087176192465,23.43373238592939,0.33,0.33,0.5391166183493534,0.0035548650828014718,False,True,dnaN,SPN23F_RS00010,DNA polymerase III subunit beta
1281,1281,logistic+PCs,8.049506613569061,3.646126207391915,2.207687325043775,0.02726607700272311,3132.2491807394445,0.3,0.3,1.0,0.09701253102849759,False,False,dnaN,SPN23F_RS00010,DNA polymerase III subunit beta
1308,1308,logistic+PCs,1.5272700587607453,0.7744931317931112,1.9719607522210048,0.048614087088221396,4.605586663957743,0.43,0.43,1.0,0.14872503731841316,False,False,dnaN,SPN23F_RS00010,DNA polymerase III subunit beta
1491,1491,logistic+PCs,1.698906710736819,0.9780999687902348,1.736945879712189,0.08239672410903152,5.467966054078504,0.09,0.09,1.0,0.2055390810192325,False,False,dnaN,SPN23F_RS00010,DNA polymerase III subunit beta
1590,1590,logistic+PCs,-8.767897233065455,7.071600903855846,-1.2398744431808488,0.21502183803787367,0.0001556505335708582,0.08,0.08,1.0,0.4442653874508251,False,False,dnaN,SPN23F_RS00010,DNA polymerase III subunit beta
1917,1917,logistic+PCs,-0.3406404727012193,2.045890636436241,-0.16649984443674104,0.8677636055840456,0.7113145992561531,0.15,0.15,1.0,0.9144955360611808,False,False,dnaN,SPN23F_RS00010,DNA polymerase III subunit beta
2002,2002,logistic+PCs,-44.70082407843777,2417545364.4445367,-1.8490169713406134e-08,0.9999999852469791,3.860812993754735e-20,0.13,0.13,1.0,0.9999999852469791,False,False,dnaN,SPN23F_RS00010,DNA polymerase III subunit beta
2605,2605,logistic+PCs,2.7042439015351367,0.7770923033281684,3.479951982477848,0.0005015036569904321,14.94301402813457,0.34,0.34,1.0,0.008370686039472655,False,True,SPN23F_RS00015,SPN23F_RS00015,DUF951 domain-containing protein
2708,2708,logistic+PCs,-6.142452933485942,6.607494765637623,-0.9296190388874559,0.3525683662737379,0.0021496442116584404,0.07,0.07,1.0,0.4989589722203148,False,False,SPN23F_RS00015,SPN23F_RS00015,DUF951 domain-containing protein
3001,3001,logistic+PCs,-0.02473636884917661,0.6226580892202915,-0.03972704968813964,0.9683107361626677,0.975567067998523,0.2,0.2,1.0,0.9999999852469791,False,False,SPN23F_RS00015,SPN23F_RS00015,DUF951 domain-containing protein
4220,4220,logistic+PCs,4.062488621885679,2.319686840588039,1.7513090779339167,0.07989268486728736,58.11876689171201,0.17,0.17,1.0,0.2016564803358884,False,False,pth,SPN23F_RS00025,aminoacyl-tRNA hydrolase
4784,4784,logistic+PCs,-6.142452933485942,6.607494765637623,-0.9296190388874559,0.3525683662737379,0.0021496442116584404,0.07,0.07,1.0,0.4989589722203148,False,False,pth,SPN23F_RS00025,aminoacyl-tRNA hydrolase
5369,5369,logistic+PCs,-1.6750925434989015,0.6200816172471414,-2.7014065518269863,0.006904688040479097,0.1872908461297118,0.48,0.48,1.0,0.039381009678109424,False,True,mfd,SPN23F_RS00030,transcription-repair coupling factor
5741,5741,logistic+PCs,8.473861315535846,2.2454437525090754,3.773802530598725,0.00016077803898720313,4787.967675641131,0.45,0.45,0.5474492227514266,0.0035548650828014718,False,True,mfd,SPN23F_RS00030,transcription-repair coupling factor
5786,5786,logistic+PCs,-0.6088200743120147,1.640523794079561,-0.37111322402586777,0.710553201891164,0.5439923611045473,0.22,0.22,1.0,0.7799592690004556,False,False,mfd,SPN23F_RS00030,transcription-repair coupling factor
6239,6239,logistic+PCs,0.7126075356977097,1.4238753944586962,0.5004704333475868,0.6167438698780121,2.039301884276436,0.17,0.17,1.0,0.6988395597120237,False,False,mfd,SPN23F_RS00030,transcription-repair coupling factor
6431,6431,logistic+PCs,-0.6088200743120147,1.640523794079561,-0.37111322402586777,0.710553201891164,0.5439923611045473,0.22,0.22,1.0,0.7799592690004556,False,False,mfd,SPN23F_RS00030,transcription-repair coupling factor
6479,6479,logistic+PCs,11.741987811396758,4.022628019978928,2.9189842443990797,0.003511739725195489,125742.04322366399,0.14,0.14,1.0,0.02256127125337857,False,True,mfd,SPN23F_RS00030,transcription-repair coupling factor
7334,7334,logistic+PCs,-6.142452933485942,6.607494765637623,-0.9296190388874559,0.3525683662737379,0.0021496442116584404,0.07,0.07,1.0,0.4989589722203148,False,False,mfd,SPN23F_RS00030,transcription-repair coupling factor
7571,7571,logistic+PCs,-6.142452933485942,6.607494765637623,-0.9296190388874559,0.3525683662737379,0.0021496442116584404,0.07,0.07,1.0,0.4989589722203148,False,False,SPN23F_RS00035,SPN23F_RS00035,RNA-binding S4 domain-containing protein
7577,7577,logistic+PCs,-0.3406404727012193,2.045890636436241,-0.16649984443674104,0.8677636055840456,0.7113145992561531,0.15,0.15,1.0,0.9144955360611808,False,False,SPN23F_RS00035,SPN23F_RS00035,RNA-binding S4 domain-containing protein
7769,7769,logistic+PCs,-6.142452933485942,6.607494765637623,-0.9296190388874559,0.3525683662737379,0.0021496442116584404,0.07,0.07,1.0,0.4989589722203148,False,False,SPN23F_RS00035,SPN23F_RS00035,RNA-binding S4 domain-containing protein
7847,7847,logistic+PCs,-6.551941458155456,5.94750914419593,-1.1016278074241181,0.270623514025337,0.001427341782211505,0.09,0.09,1.0,0.4989589722203148,False,False,SPN23F_RS00035,SPN23F_RS00035,RNA-binding S4 domain-containing protein
7850,7850,logistic+PCs,-6.551941458155456,5.94750914419593,-1.1016278074241181,0.270623514025337,0.001427341782211505,0.09,0.09,1.0,0.4989589722203148,False,False,SPN23F_RS00035,SPN23F_RS00035,RNA-binding S4 domain-containing protein
7940,7940,logistic+PCs,-0.3406404727012193,2.045890636436241,-0.16649984443674104,0.8677636055840456,0.7113145992561531,0.15,0.15,1.0,0.9144955360611808,False,False,SPN23F_RS00035,SPN23F_RS00035,RNA-binding S4 domain-containing protein
8060,8060,logistic+PCs,-0.3406404727012193,2.045890636436241,-0.16649984443674104,0.8677636055840456,0.7113145992561531,0.15,0.15,1.0,0.9144955360611808,False,False,SPN23F_RS00035,SPN23F_RS00035,RNA-binding S4 domain-containing protein
8201,8201,logistic+PCs,-6.142452933485942,6.607494765637623,-0.9296190388874559,0.3525683662737379,0.0021496442116584404,0.07,0.07,1.0,0.4989589722203148,False,False,SPN23F_RS00040,SPN23F_RS00040,septum formation initiator family protein
8222,8222,logistic+PCs,-0.3406404727012193,2.045890636436241,-0.16649984443674104,0.8677636055840456,0.7113145992561531,0.15,0.15,1.0,0.9144955360611808,False,False,SPN23F_RS00040,SPN23F_RS00040,septum formation initiator family protein
8234,8234,logistic+PCs,-0.3406404727012193,2.045890636436241,-0.16649984443674104,0.8677636055840456,0.7113145992561531,0.15,0.15,1.0,0.9144955360611808,False,False,SPN23F_RS00040,SPN23F_RS00040,septum formation initiator family protein
8375,8375,logistic+PCs,-8.767897233065455,7.071600903855846,-1.2398744431808488,0.21502183803787367,0.0001556505335708582,0.08,0.08,1.0,0.4442653874508251,False,False,SPN23F_RS00040,SPN23F_RS00040,septum formation initiator family protein
8387,8387,logistic+PCs,-6.142452933485942,6.607494765637623,-0.9296190388874559,0.3525683662737379,0.0021496442116584404,0.07,0.07,1.0,0.4989589722203148,False,False,SPN23F_RS00040,SPN23F_RS00040,septum formation initiator family protein
8417,8417,logistic+PCs,-6.142452933485942,6.607494765637623,-0.9296190388874559,0.3525683662737379,0.0021496442116584404,0.07,0.07,1.0,0.4989589722203148,False,False,SPN23F_RS00040,SPN23F_RS00040,septum formation initiator family protein
8426,8426,logistic+PCs,-2.569747690406508,0.846084028617166,-3.0372251496183966,0.0023876703982046773,0.07655485851260142,0.11,0.11,1.0,0.02256127125337857,False,True,SPN23F_RS00040,SPN23F_RS00040,septum formation initiator family protein
8501,8501,logistic+PCs,-0.3406404727012193,2.045890636436241,-0.16649984443674104,0.8677636055840456,0.7113145992561531,0.15,0.15,1.0,0.9144955360611808,False,False,SPN23F_RS00040,SPN23F_RS00040,septum formation initiator family protein
8537,8537,logistic+PCs,1.4759217376723712,1.0673426518825733,1.3828002985443788,0.1667261074355565,4.3750665786563125,0.42,0.42,1.0,0.37032119753298753,False,False,SPN23F_RS00040,SPN23F_RS00040,septum formation initiator family protein
8657,8657,logistic+PCs,-6.142452933485942,6.607494765637623,-0.9296190388874559,0.3525683662737379,0.0021496442116584404,0.07,0.07,1.0,0.4989589722203148,False,False,SPN23F_RS00040,SPN23F_RS00040,septum formation initiator family protein
8785,8785,logistic+PCs,1.4367182462519192,1.0708034450493715,1.3417198580134158,0.17968684578417038,4.20686723608927,0.06,0.06,1.0,0.38625865523680564,False,False,SPN23F_RS00040,SPN23F_RS00040,septum formation initiator family protein
8996,8996,logistic+PCs,-6.142452933485942,6.607494765637623,-0.9296190388874559,0.3525683662737379,0.0021496442116584404,0.07,0.07,1.0,0.4989589722203148,False,False,SPN23F_RS00040,SPN23F_RS00040,septum formation initiator family protein
9563,9563,logistic+PCs,-1.9037383755125004,1.1982692641957933,-1.5887400540062886,0.11211909205388014,0.14901051940241997,0.11,0.11,1.0,0.26274295144078585,False,False,SPN23F_RS14045,SPN23F_RS14045,SP 0009 family protein
9632,9632,logistic+PCs,-0.6088200743120147,1.640523794079561,-0.37111322402586777,0.710553201891164,0.5439923611045473,0.22,0.22,1.0,0.7799592690004556,False,False,SPN23F_RS14045,SPN23F_RS14045,SP 0009 family protein
9834,9834,logistic+PCs,-1.1055305294567161,0.6594323048169093,-1.6764882784498487,0.09364259027113053,0.33103521171588146,0.43,0.43,1.0,0.22694165115530213,False,False,SPN23F_RS00050,SPN23F_RS00050,serine hydrolase
9969,9969,logistic+PCs,-1.369256817138234,0.9081169107062949,-1.507797950897406,0.13160624676747215,0.254295877681858,0.06,0.06,1.0,0.2999459640182347,False,False,SPN23F_RS00050,SPN23F_RS00050,serine hydrolase
10146,10146,logistic+PCs,-1.369256817138234,0.9081169107062949,-1.507797950897406,0.13160624676747215,0.254295877681858,0.06,0.06,1.0,0.2999459640182347,False,False,SPN23F_RS00050,SPN23F_RS00050,serine hydrolase
10185,10185,logistic+PCs,2.7962659682860496,1.6385365270021293,1.7065630959122438,0.08790328938904006,16.383356439763745,0.19,0.19,1.0,0.21425246984229163,False,False,SPN23F_RS00050,SPN23F_RS00050,serine hydrolase
10289,10289,logistic+PCs,-5.96080032068519,6.467287918088709,-0.9216846993951057,0.3566930638040885,0.0025778480411234586,0.09,0.09,1.0,0.49939962263689197,False,False,tilS,SPN23F_RS00055,tRNA lysidine(34) synthetase TilS
10809,10809,logistic+PCs,-6.142452933485942,6.607494765637623,-0.9296190388874559,0.3525683662737379,0.0021496442116584404,0.07,0.07,1.0,0.4989589722203148,False,False,tilS,SPN23F_RS00055,tRNA lysidine(34) synthetase TilS
11043,11043,logistic+PCs,-6.142452933485942,6.607494765637623,-0.9296190388874559,0.3525683662737379,0.0021496442116584404,0.07,0.07,1.0,0.4989589722203148,False,False,tilS,SPN23F_RS00055,tRNA lysidine(34) synthetase TilS
11106,11106,logistic+PCs,-6.142452933485942,6.607494765637623,-0.9296190388874559,0.3525683662737379,0.0021496442116584404,0.07,0.07,1.0,0.4989589722203148,False,False,tilS,SPN23F_RS00055,tRNA lysidine(34) synthetase TilS
11109,11109,logistic+PCs,-0.3406404727012193,2.045890636436241,-0.16649984443674104,0.8677636055840456,0.7113145992561531,0.15,0.15,1.0,0.9144955360611808,False,False,tilS,SPN23F_RS00055,tRNA lysidine(34) synthetase TilS
11191,11191,logistic+PCs,-6.142452933485942,6.607494765637623,-0.9296190388874559,0.3525683662737379,0.0021496442116584404,0.07,0.07,1.0,0.4989589722203148,False,False,tilS,SPN23F_RS00055,tRNA lysidine(34) synthetase TilS
11193,11193,logistic+PCs,-6.142452933485942,6.607494765637623,-0.9296190388874559,0.3525683662737379,0.0021496442116584404,0.07,0.07,1.0,0.4989589722203148,False,False,tilS,SPN23F_RS00055,tRNA lysidine(34) synthetase TilS
11235,11235,logistic+PCs,-6.142452933485942,6.607494765637623,-0.9296190388874559,0.3525683662737379,0.0021496442116584404,0.07,0.07,1.0,0.4989589722203148,False,False,tilS,SPN23F_RS00055,tRNA lysidine(34) synthetase TilS
11382,11382,logistic+PCs,-6.142452933485942,6.607494765637623,-0.9296190388874559,0.3525683662737379,0.0021496442116584404,0.07,0.07,1.0,0.4989589722203148,False,False,hpt,SPN23F_RS00060,hypoxanthine phosphoribosyltransferase
11396,11396,logistic+PCs,-6.142452933485942,6.607494765637623,-0.9296190388874559,0.3525683662737379,0.0021496442116584404,0.07,0.07,1.0,0.4989589722203148,False,False,hpt,SPN23F_RS00060,hypoxanthine phosphoribosyltransferase
11409,11409,logistic+PCs,-6.142452933485942,6.607494765637623,-0.9296190388874559,0.3525683662737379,0.0021496442116584404,0.07,0.07,1.0,0.4989589722203148,False,False,hpt,SPN23F_RS00060,hypoxanthine phosphoribosyltransferase
11616,11616,logistic+PCs,0.2127151951939969,0.6157871485310914,0.3454362366954412,0.7297664388721445,1.2370322883277598,0.22,0.22,1.0,0.7966831434304753,False,False,hpt,SPN23F_RS00060,hypoxanthine phosphoribosyltransferase
11640,11640,logistic+PCs,-6.142452933485942,6.607494765637623,-0.9296190388874559,0.3525683662737379,0.0021496442116584404,0.07,0.07,1.0,0.4989589722203148,False,False,hpt,SPN23F_RS00060,hypoxanthine phosphoribosyltransferase
11688,11688,logistic+PCs,1.1862299087363892,2.2175642713556,0.5349247027736631,0.592701925754926,3.274711942520049,0.15,0.15,1.0,0.6742900291331516,False,False,hpt,SPN23F_RS00060,hypoxanthine phosphoribosyltransferase
11698,11698,logistic+PCs,0.868910272986969,0.7402835610220599,1.1737533004073775,0.24049385420512237,2.3843111890090776,0.17,0.17,1.0,0.48425876615519914,False,False,hpt,SPN23F_RS00060,hypoxanthine phosphoribosyltransferase
12205,12205,logistic+PCs,-1.3701960560592912,0.6551306842607985,-2.0914850868347283,0.036484601896876044,0.2540571452270317,0.44,0.44,1.0,0.11933724251571848,False,False,hpt,SPN23F_RS00060,hypoxanthine phosphoribosyltransferase
12282,12282,logistic+PCs,-1.0846304162095648,0.6224384302160646,-1.7425505295890251,0.08141215778943639,0.33802669199775254,0.46,0.46,1.0,0.20390422862528165,False,False,hpt,SPN23F_RS00060,hypoxanthine phosphoribosyltransferase
12416,12416,logistic+PCs,-0.3406404727012193,2.045890636436241,-0.16649984443674104,0.8677636055840456,0.7113145992561531,0.15,0.15,1.0,0.9144955360611808,False,False,hpt,SPN23F_RS00060,hypoxanthine phosphoribosyltransferase
12735,12735,logistic+PCs,-0.3406404727012193,2.045890636436241,-0.16649984443674104,0.8677636055840456,0.7113145992561531,0.15,0.15,1.0,0.9144955360611808,False,False,hpt,SPN23F_RS00060,hypoxanthine phosphoribosyltransferase
13934,13934,logistic+PCs,-6.142452933485942,6.607494765637623,-0.9296190388874559,0.3525683662737379,0.0021496442116584404,0.07,0.07,1.0,0.4989589722203148,False,False,SPN23F_RS00070,SPN23F_RS00070,ISL3 family transposase
14321,14321,logistic+PCs,2.5863360691446178,1.2007695825869764,2.1538987218284897,0.03124811523189249,13.281021604572274,0.06,0.06,1.0,0.10672568205773438,False,False,SPN23F_RS00070,SPN23F_RS00070,ISL3 family transposase
14329,14329,logistic+PCs,2.2591799607201803,1.1208783378670413,2.015544314130696,0.04384764776372443,9.575233878488287,0.14,0.14,1.0,0.13647279765583334,False,False,SPN23F_RS00070,SPN23F_RS00070,ISL3 family transposase
14345,14345,logistic+PCs,0.868910272986969,0.7402835610220599,1.1737533004073775,0.24049385420512237,2.3843111890090776,0.17,0.17,1.0,0.48425876615519914,False,False,SPN23F_RS00070,SPN23F_RS00070,ISL3 family transposase
14426,14426,logistic+PCs,-0.3406404727012193,2.045890636436241,-0.16649984443674104,0.8677636055840456,0.7113145992561531,0.15,0.15,1.0,0.9144955360611808,False,False,SPN23F_RS00070,SPN23F_RS00070,ISL3 family transposase
14433,14433,logistic+PCs,1.5255429361993487,1.1474915090790898,1.3294590191988966,0.18369657747661094,4.597639116491818,0.13,0.13,1.0,0.3943801048599371,False,False,SPN23F_RS00070,SPN23F_RS00070,ISL3 family transposase
14470,14470,logistic+PCs,1.6075144549393527,0.7139730398509196,2.2515058205489216,0.02435351865491431,4.990391955820786,0.39,0.39,1.0,0.08906952848548144,False,False,SPN23F_RS00070,SPN23F_RS00070,ISL3 family transposase
14506,14506,logistic+PCs,1.4988682905434412,0.7570496128034215,1.9798811929815268,0.047716880156466426,4.476619969351596,0.43,0.43,1.0,0.14658214300857297,False,False,SPN23F_RS00070,SPN23F_RS00070,ISL3 family transposase
14507,14507,logistic+PCs,-8.594485866114335,7.003473806386975,-1.2271746998291622,0.21975693641444116,0.00018512378174488195,0.1,0.1,1.0,0.451713742801396,False,False,SPN23F_RS00070,SPN23F_RS00070,ISL3 family transposase
14517,14517,logistic+PCs,0.3387436251540236,1.0060266522179184,0.3367143647807129,0.7363322335630891,1.4031835581259262,0.06,0.06,1.0,0.8020509453878177,False,False,SPN23F_RS00070,SPN23F_RS00070,ISL3 family transposase
14539,14539,logistic+PCs,-1.6055013470393171,1.292615813935346,-1.2420560925611737,0.21421586698879702,0.2007888647691092,0.19,0.19,1.0,0.4442653874508251,False,False,SPN23F_RS00070,SPN23F_RS00070,ISL3 family transposase
14550,14550,logistic+PCs,0.23537937360765995,0.5716655866508074,0.4117431223850066,0.6805277143580326,1.2653887327729347,0.28,0.28,1.0,0.7611636636247687,False,False,SPN23F_RS00070,SPN23F_RS00070,ISL3 family transposase
14555,14555,logistic+PCs,5.464014087181782,2.456915537313557,2.223932408012792,0.026152992233064668,236.04302250985546,0.21,0.21,1.0,0.09393558919154557,False,False,SPN23F_RS00070,SPN23F_RS00070,ISL3 family transposase
14577,14577,logistic+PCs,1.698906710736819,0.9780999687902348,1.736945879712189,0.08239672410903152,5.467966054078504,0.09,0.09,1.0,0.2055390810192325,False,False,SPN23F_RS00070,SPN23F_RS00070,ISL3 family transposase
14613,14613,logistic+PCs,30.448562235846268,1237884.4122500094,2.4597257978636475e-05,0.9999803742276228,16735649083820.238,0.16,0.16,1.0,0.9999999852469791,False,False,SPN23F_RS00070,SPN23F_RS00070,ISL3 family transposase
14635,14635,logistic+PCs,-1.8254264000735072,2.6167900403835045,-0.6975822943005321,0.48543845757589266,0.1611489155684423,0.17,0.17,1.0,0.5731338238716763,False,False,SPN23F_RS00070,SPN23F_RS00070,ISL3 family transposase
14802,14802,logistic+PCs,-0.3406404727012193,2.045890636436241,-0.16649984443674104,0.8677636055840456,0.7113145992561531,0.15,0.15,1.0,0.9144955360611808,False,False,SPN23F_RS00070,SPN23F_RS00070,ISL3 family transposase
14856,14856,logistic+PCs,-6.142452933485942,6.607494765637623,-0.9296190388874559,0.3525683662737379,0.0021496442116584404,0.07,0.07,1.0,0.4989589722203148,False,False,SPN23F_RS00070,SPN23F_RS00070,ISL3 family transposase
15180,15180,logistic+PCs,2.4480777840384342,1.1018303847058397,2.2218281670386206,0.026294920403397364,11.566092809454013,0.31,0.31,1.0,0.09424653049849266,False,False,SPN23F_RS00070,SPN23F_RS00070,ISL3 family transposase
15201,15201,logistic+PCs,1.2727429134692247,1.4613505029675924,0.8709361038879047,0.38378904219144716,3.570633080235807,0.25,0.25,1.0,0.5290695095797076,False,False,SPN23F_RS00070,SPN23F_RS00070,ISL3 family transposase
15714,15714,logistic+PCs,-2.978215109737263,1.1267727262759433,-2.6431373783606356,0.00821416996647979,0.05088357445638951,0.15,0.15,1.0,0.045337207078551066,False,True,SPN23F_RS00075,SPN23F_RS00075,sigma-70 RNA polymerase sigma factor region 4 domain-containing protein
15819,15819,logistic+PCs,-2.8881827472456627,1.1112273149859184,-2.599092650347838,0.009347054146591144,0.05567730046019323,0.08,0.08,1.0,0.045337207078551066,False,True,SPN23F_RS00075,SPN23F_RS00075,sigma-70 RNA polymerase sigma factor region 4 domain-containing protein
15839,15839,logistic+PCs,-2.978215109737263,1.1267727262759433,-2.6431373783606356,0.00821416996647979,0.05088357445638951,0.15,0.15,1.0,0.045337207078551066,False,True,SPN23F_RS00075,SPN23F_RS00075,sigma-70 RNA polymerase sigma factor region 4 domain-containing protein
16384,16384,logistic+PCs,1.4367182462519192,1.0708034450493715,1.3417198580134158,0.17968684578417038,4.20686723608927,0.06,0.06,1.0,0.38625865523680564,False,False,SPN23F_RS00075,SPN23F_RS00075,sigma-70 RNA polymerase sigma factor region 4 domain-containing protein
16419,16419,logistic+PCs,1.4907028997365632,1.0569909794267909,1.410326983627595,0.15844315441503465,4.4402154486454855,0.33,0.33,1.0,0.35493351367315323,False,False,SPN23F_RS00075,SPN23F_RS00075,sigma-70 RNA polymerase sigma factor region 4 domain-containing protein
16461,16461,logistic+PCs,-1.3922585348383691,0.6353006157193151,-2.191495648500188,0.02841594429335678,0.24851339416482066,0.46,0.46,1.0,0.10078780241549981,False,False,SPN23F_RS00075,SPN23F_RS00075,sigma-70 RNA polymerase sigma factor region 4 domain-containing protein
16506,16506,logistic+PCs,-6.142452933485942,6.607494765637623,-0.9296190388874559,0.3525683662737379,0.0021496442116584404,0.07,0.07,1.0,0.4989589722203148,False,False,SPN23F_RS00075,SPN23F_RS00075,sigma-70 RNA polymerase sigma factor region 4 domain-containing protein
16686,16686,logistic+PCs,-0.6088200743120147,1.640523794079561,-0.37111322402586777,0.710553201891164,0.5439923611045473,0.22,0.22,1.0,0.7799592690004556,False,False,SPN23F_RS00075,SPN23F_RS00075,sigma-70 RNA polymerase sigma factor region 4 domain-containing protein
16764,16764,logistic+PCs,2.834082120062283,1.7446680052997237,1.6244248828162609,0.10428516008165918,17.014775609521305,0.28,0.28,1.0,0.24539804428337908,False,False,SPN23F_RS00075,SPN23F_RS00075,sigma-70 RNA polymerase sigma factor region 4 domain-containing protein
16911,16911,logistic+PCs,-0.7297073137092575,0.5526196089550143,-1.3204513590987303,0.18668436576994973,0.482050058888432,0.21,0.21,1.0,0.3990334371918888,False,False,SPN23F_RS00075,SPN23F_RS00075,sigma-70 RNA polymerase sigma factor region 4 domain-containing protein
16962,16962,logistic+PCs,4.982427731731632,1.992546435860485,2.500532806694646,0.012400664695181248,145.82798347760033,0.31,0.31,1.0,0.05288964410811788,False,False,SPN23F_RS00075,SPN23F_RS00075,sigma-70 RNA polymerase sigma factor region 4 domain-containing protein
16974,16974,logistic+PCs,4.982427731731632,1.992546435860485,2.500532806694646,0.012400664695181248,145.82798347760033,0.31,0.31,1.0,0.05288964410811788,False,False,SPN23F_RS00075,SPN23F_RS00075,sigma-70 RNA polymerase sigma factor region 4 domain-containing protein
16980,16980,logistic+PCs,-2.8881827472456627,1.1112273149859184,-2.599092650347838,0.009347054146591144,0.05567730046019323,0.08,0.08,1.0,0.045337207078551066,False,True,SPN23F_RS00075,SPN23F_RS00075,sigma-70 RNA polymerase sigma factor region 4 domain-containing protein
16993,16993,logistic+PCs,1.8285257785787123,0.9591542241578878,1.9063939171868944,0.056599117331931785,6.2247033000899075,0.07,0.07,1.0,0.15980099047697158,False,False,SPN23F_RS00075,SPN23F_RS00075,sigma-70 RNA polymerase sigma factor region 4 domain-containing protein
17058,17058,logistic+PCs,4.982427731731632,1.992546435860485,2.500532806694646,0.012400664695181248,145.82798347760033,0.31,0.31,1.0,0.05288964410811788,False,False,SPN23F_RS00075,SPN23F_RS00075,sigma-70 RNA polymerase sigma factor region 4 domain-containing protein
17106,17106,logistic+PCs,1.1071894234343418,0.7266229581388507,1.5237468222450088,0.12757196816656033,3.025842071335642,0.19,0.19,1.0,0.29212007505523735,False,False,SPN23F_RS00075,SPN23F_RS00075,sigma-70 RNA polymerase sigma factor region 4 domain-containing protein
17231,17231,logistic+PCs,6.538573131228565,3.9794492291297434,1.6430849483807766,0.10036535859977037,691.2994803343246,0.18,0.18,1.0,0.23965220619370137,False,False,SPN23F_RS00075,SPN23F_RS00075,sigma-70 RNA polymerase sigma factor region 4 domain-containing protein
17596,17596,logistic+PCs,3.584079863504116,1.5594090061212034,2.2983578069867496,0.02154143285204756,36.020198966251655,0.24,0.24,1.0,0.08232163733021543,False,False,intergenic,,intergenic region
17668,17668,logistic+PCs,-2.8881827472456627,1.1112273149859184,-2.599092650347838,0.009347054146591144,0.05567730046019323,0.08,0.08,1.0,0.045337207078551066,False,True,intergenic,,intergenic region
17713,17713,logistic+PCs,-1.8254264000735072,2.6167900403835045,-0.6975822943005321,0.48543845757589266,0.1611489155684423,0.17,0.17,1.0,0.5731338238716763,False,False,intergenic,,intergenic region
18639,18639,logistic+PCs,6.265326622048363,5.729585294950995,1.0935043811232676,0.2741724064714991,526.0133654672064,0.1,0.1,1.0,0.4989589722203148,False,False,intergenic,,intergenic region
18939,18939,logistic+PCs,2.5863360691446178,1.2007695825869764,2.1538987218284897,0.03124811523189249,13.281021604572274,0.06,0.06,1.0,0.10672568205773438,False,False,intergenic,,intergenic region
19176,19176,logistic+PCs,0.49809634018091337,1.321951310409306,0.3767887185093765,0.7063306252437422,1.6455856517870253,0.26,0.26,1.0,0.7788393066563932,False,False,intergenic,,intergenic region
19473,19473,logistic+PCs,-0.28104184051526376,0.5802658335495896,-0.4843329113418253,0.6281496224966268,0.7549967453664906,0.31,0.31,1.0,0.7103452223849267,False,False,intergenic,,intergenic region
19599,19599,logistic+PCs,11.741987811396758,4.022628019978928,2.9189842443990797,0.003511739725195489,125742.04322366399,0.14,0.14,1.0,0.02256127125337857,False,True,intergenic,,intergenic region
19707,19707,logistic+PCs,1.709332331149185,1.7415089391981453,0.9815237192731404,0.3263345434737287,5.525271194348724,0.31,0.31,1.0,0.4989589722203148,False,False,intergenic,,intergenic region
19722,19722,logistic+PCs,1.709332331149185,1.7415089391981453,0.9815237192731404,0.3263345434737287,5.525271194348724,0.31,0.31,1.0,0.4989589722203148,False,False,intergenic,,intergenic region
20136,20136,logistic+PCs,-2.978215109737263,1.1267727262759433,-2.6431373783606356,0.00821416996647979,0.05088357445638951,0.15,0.15,1.0,0.045337207078551066,False,True,intergenic,,intergenic region
20505,20505,logistic+PCs,11.741987811396758,4.022628019978928,2.9189842443990797,0.003511739725195489,125742.04322366399,0.14,0.14,1.0,0.02256127125337857,False,True,intergenic,,intergenic region
20937,20937,logistic+PCs,11.741987811396758,4.022628019978928,2.9189842443990797,0.003511739725195489,125742.04322366399,0.14,0.14,1.0,0.02256127125337857,False,True,SPN23F_RS11705,SPN23F_RS11705,IS630 family transposase
20976,20976,logistic+PCs,-0.8212857721919222,1.0957867995257036,-0.7494941283718737,0.4535594363114165,0.43986572363924553,0.18,0.18,1.0,0.5731338238716763,False,False,SPN23F_RS11705,SPN23F_RS11705,IS630 family transposase
21075,21075,logistic+PCs,-0.06807694928000806,1.2309017523814687,-0.05530656622130661,0.9558942310869549,0.9341885856723285,0.17,0.17,1.0,0.9905112163271702,False,False,SPN23F_RS11705,SPN23F_RS11705,IS630 family transposase
21084,21084,logistic+PCs,-6.142452933485942,6.607494765637623,-0.9296190388874559,0.3525683662737379,0.0021496442116584404,0.07,0.07,1.0,0.4989589722203148,False,False,SPN23F_RS11705,SPN23F_RS11705,IS630 family transposase
21471,21471,logistic+PCs,2.3373418892015057,0.7452870166887715,3.136163433499834,0.0017117378438967527,10.353678727837924,0.35,0.35,1.0,0.02216147284588762,False,True,SPN23F_RS11705,SPN23F_RS11705,IS630 family transposase
21655,21655,logistic+PCs,8.473861315535846,2.2454437525090754,3.773802530598725,0.00016077803898720313,4787.967675641131,0.45,0.45,0.5474492227514266,0.0035548650828014718,False,True,SPN23F_RS11705,SPN23F_RS11705,IS630 family transposase
22038,22038,logistic+PCs,30.448562235846268,1237884.4122500094,2.4597257978636475e-05,0.9999803742276228,16735649083820.238,0.16,0.16,1.0,0.9999999852469791,False,False,SPN23F_RS11710,SPN23F_RS11710,transposase
22065,22065,logistic+PCs,8.473861315535846,2.2454437525090754,3.773802530598725,0.00016077803898720313,4787.967675641131,0.45,0.45,0.5474492227514266,0.0035548650828014718,False,True,SPN23F_RS11710,SPN23F_RS11710,transposase
22092,22092,logistic+PCs,0.868910272986969,0.7402835610220599,1.1737533004073775,0.24049385420512237,2.3843111890090776,0.17,0.17,1.0,0.48425876615519914,False,False,SPN23F_RS11710,SPN23F_RS11710,transposase
22140,22140,logistic+PCs,-3.896654884199469,1.440615040429581,-2.704855061791882,0.006833419769888047,0.020309736361467635,0.42,0.42,1.0,0.03903992334977986,False,True,SPN23F_RS11710,SPN23F_RS11710,transposase
22789,22789,logistic+PCs,0.6944523949180695,0.5883783878021877,1.1802819568409162,0.23788809193125326,2.002612133042192,0.43,0.43,1.0,0.48186136408442437,False,False,SPN23F_RS11710,SPN23F_RS11710,transposase
22801,22801,logistic+PCs,-6.142452933485942,6.607494765637623,-0.9296190388874559,0.3525683662737379,0.0021496442116584404,0.07,0.07,1.0,0.4989589722203148,False,False,SPN23F_RS11710,SPN23F_RS11710,transposase
23015,23015,logistic+PCs,1.6810832072802895,0.7555351205352673,2.225023247217558,0.026079677569907367,5.371371129354967,0.48,0.48,1.0,0.09377117436698477,False,False,SPN23F_RS11710,SPN23F_RS11710,transposase
23302,23302,logistic+PCs,-2.438943779257492,0.6854624079424854,-3.5580999789300405,0.000373547138010377,0.08725296119677318,0.43,0.43,1.0,0.006659308926310647,False,True,comW,SPN23F_RS00140,sigma(X)-activator ComW
23422,23422,logistic+PCs,-3.850426459907323,2.1647167078584255,-1.778720719403781,0.07528556056341072,0.02127066341872487,0.2,0.2,1.0,0.19538668728537614,False,False,comW,SPN23F_RS00140,sigma(X)-activator ComW
23497,23497,logistic+PCs,-6.142452933485942,6.607494765637623,-0.9296190388874559,0.3525683662737379,0.0021496442116584404,0.07,0.07,1.0,0.4989589722203148,False,False,comW,SPN23F_RS00140,sigma(X)-activator ComW
23843,23843,logistic+PCs,1.2727429134692247,1.4613505029675924,0.8709361038879047,0.38378904219144716,3.570633080235807,0.25,0.25,1.0,0.5290695095797076,False,False,comW,SPN23F_RS00140,sigma(X)-activator ComW
23864,23864,logistic+PCs,-2.267150265990254,0.6613260684872702,-3.4281882629792237,0.0006076239306044834,0.10360701221335118,0.39,0.39,1.0,0.009852188017658409,False,True,comW,SPN23F_RS00140,sigma(X)-activator ComW
23896,23896,logistic+PCs,-2.8100210084203208,0.7170921979502615,-3.91863280126669,8.905265999748121e-05,0.06020372759387371,0.34,0.34,0.3032243072914235,0.0035548650828014718,False,True,comW,SPN23F_RS00140,sigma(X)-activator ComW
23934,23934,logistic+PCs,-0.3406404727012193,2.045890636436241,-0.16649984443674104,0.8677636055840456,0.7113145992561531,0.15,0.15,1.0,0.9144955360611808,False,False,comW,SPN23F_RS00140,sigma(X)-activator ComW
23971,23971,logistic+PCs,2.9807471181640666,0.710508847637995,4.195228712595512,2.725963810305228e-05,19.702531266284566,0.49,0.49,0.09281906774089302,0.0035548650828014718,False,True,comW,SPN23F_RS00140,sigma(X)-activator ComW
24348,24348,logistic+PCs,-6.142452933485942,6.607494765637623,-0.9296190388874559,0.3525683662737379,0.0021496442116584404,0.07,0.07,1.0,0.4989589722203148,False,False,comW,SPN23F_RS00140,sigma(X)-activator ComW
24453,24453,logistic+PCs,4.982427731731632,1.992546435860485,2.500532806694646,0.012400664695181248,145.82798347760033,0.31,0.31,1.0,0.05288964410811788,False,False,comW,SPN23F_RS00140,sigma(X)-activator ComW
25409,25409,logistic+PCs,-0.3406404727012193,2.045890636436241,-0.16649984443674104,0.8677636055840456,0.7113145992561531,0.15,0.15,1.0,0.9144955360611808,False,False,tadA,SPN23F_RS00150,tRNA adenosine(34) deaminase TadA
25493,25493,logistic+PCs,-0.3406404727012193,2.045890636436241,-0.16649984443674104,0.8677636055840456,0.7113145992561531,0.15,0.15,1.0,0.9144955360611808,False,False,tadA,SPN23F_RS00150,tRNA adenosine(34) deaminase TadA
25775,25775,logistic+PCs,-0.25168573717334514,0.5934258805884826,-0.4241232905510558,0.671475900671752,0.7774890355821372,0.24,0.24,1.0,0.7543303997978607,False,False,tadA,SPN23F_RS00150,tRNA adenosine(34) deaminase TadA
26606,26606,logistic+PCs,-2.8881827472456627,1.1112273149859184,-2.599092650347838,0.009347054146591144,0.05567730046019323,0.08,0.08,1.0,0.045337207078551066,False,True,SPN23F_RS14285,SPN23F_RS14285,tyrosine-type recombinase/integrase
26687,26687,logistic+PCs,-0.6088200743120147,1.640523794079561,-0.37111322402586777,0.710553201891164,0.5439923611045473,0.22,0.22,1.0,0.7799592690004556,False,False,SPN23F_RS14285,SPN23F_RS14285,tyrosine-type recombinase/integrase
26714,26714,logistic+PCs,0.3638412543989447,0.6406282096158861,0.5679444784629452,0.5700726688169102,1.4388457855884516,0.2,0.2,1.0,0.6540085705261386,False,False,SPN23F_RS14285,SPN23F_RS14285,tyrosine-type recombinase/integrase
27018,27018,logistic+PCs,-0.3406404727012193,2.045890636436241,-0.16649984443674104,0.8677636055840456,0.7113145992561531,0.15,0.15,1.0,0.9144955360611808,False,False,SPN23F_RS14285,SPN23F_RS14285,tyrosine-type recombinase/integrase
27101,27101,logistic+PCs,-2.8881827472456627,1.1112273149859184,-2.599092650347838,0.009347054146591144,0.05567730046019323,0.08,0.08,1.0,0.045337207078551066,False,True,SPN23F_RS14285,SPN23F_RS14285,tyrosine-type recombinase/integrase
27215,27215,logistic+PCs,-8.767897233065455,7.071600903855846,-1.2398744431808488,0.21502183803787367,0.0001556505335708582,0.08,0.08,1.0,0.4442653874508251,False,False,SPN23F_RS00165,SPN23F_RS00165,type I restriction endonuclease
27669,27669,logistic+PCs,0.3480630775533442,0.5016025584569762,0.6939021176926443,0.48774359545001833,1.4163215850228001,0.38,0.38,1.0,0.5754563210351048,False,False,SPN23F_RS00165,SPN23F_RS00165,type I restriction endonuclease
27687,27687,logistic+PCs,-0.3406404727012193,2.045890636436241,-0.16649984443674104,0.8677636055840456,0.7113145992561531,0.15,0.15,1.0,0.9144955360611808,False,False,SPN23F_RS00165,SPN23F_RS00165,type I restriction endonuclease
27770,27770,logistic+PCs,-6.142452933485942,6.607494765637623,-0.9296190388874559,0.3525683662737379,0.0021496442116584404,0.07,0.07,1.0,0.4989589722203148,False,False,SPN23F_RS00165,SPN23F_RS00165,type I restriction endonuclease
27774,27774,logistic+PCs,-2.8881827472456627,1.1112273149859184,-2.599092650347838,0.009347054146591144,0.05567730046019323,0.08,0.08,1.0,0.045337207078551066,False,True,SPN23F_RS00165,SPN23F_RS00165,type I restriction endonuclease
27936,27936,logistic+PCs,-1.5650490547705933,0.7441463676255257,-2.103146803987583,0.03545293869674281,0.2090777566603304,0.11,0.11,1.0,0.11674783004101477,False,False,SPN23F_RS00165,SPN23F_RS00165,type I restriction endonuclease
28101,28101,logistic+PCs,1.0395679578771326,2.6498497334698543,0.39231204122501956,0.69482766771609,2.8279949374399878,0.08,0.08,1.0,0.7683950011605347,False,False,SPN23F_RS00170,SPN23F_RS00170,ImmA/IrrE family metallo-endopeptidase
28459,28459,logistic+PCs,-0.6088200743120147,1.640523794079561,-0.37111322402586777,0.710553201891164,0.5439923611045473,0.22,0.22,1.0,0.7799592690004556,False,False,SPN23F_RS00170,SPN23F_RS00170,ImmA/IrrE family metallo-endopeptidase
28524,28524,logistic+PCs,-6.142452933485942,6.607494765637623,-0.9296190388874559,0.3525683662737379,0.0021496442116584404,0.07,0.07,1.0,0.4989589722203148,False,False,SPN23F_RS00170,SPN23F_RS00170,ImmA/IrrE family metallo-endopeptidase
28536,28536,logistic+PCs,-1.4337390352577464,0.6183754519960353,-2.3185574890300447,0.020419042392607615,0.23841580847842664,0.3,0.3,1.0,0.08141316082766854,False,False,SPN23F_RS00170,SPN23F_RS00170,ImmA/IrrE family metallo-endopeptidase
28558,28558,logistic+PCs,0.15377378015914575,0.6034237754891583,0.2548354678840602,0.7988501800059407,1.1662270332412523,0.34,0.34,1.0,0.8621505112266966,False,False,SPN23F_RS00175,SPN23F_RS00175,type II toxin-antitoxin system RelE family toxin
28629,28629,logistic+PCs,-6.142452933485942,6.607494765637623,-0.9296190388874559,0.3525683662737379,0.0021496442116584404,0.07,0.07,1.0,0.4989589722203148,False,False,SPN23F_RS00175,SPN23F_RS00175,type II toxin-antitoxin system RelE family toxin
28662,28662,logistic+PCs,0.8751480464869075,0.6165263157503577,1.4194820628569411,0.1557585226486275,2.3992304653171854,0.45,0.45,1.0,0.35030235774014307,False,False,SPN23F_RS00175,SPN23F_RS00175,type II toxin-antitoxin system RelE family toxin
28734,28734,logistic+PCs,-2.8881827472456627,1.1112273149859184,-2.599092650347838,0.009347054146591144,0.05567730046019323,0.08,0.08,1.0,0.045337207078551066,False,True,SPN23F_RS00175,SPN23F_RS00175,type II toxin-antitoxin system RelE family toxin
28785,28785,logistic+PCs,0.3387436251540236,1.0060266522179184,0.3367143647807129,0.7363322335630891,1.4031835581259262,0.06,0.06,1.0,0.8020509453878177,False,False,SPN23F_RS00175,SPN23F_RS00175,type II toxin-antitoxin system RelE family toxin
28963,28963,logistic+PCs,-0.18868808960509043,0.9240718387635184,-0.2041920137481628,0.8382034519924342,0.8280447421820104,0.39,0.39,1.0,0.8989254201944459,False,False,SPN23F_RS00175,SPN23F_RS00175,type II toxin-antitoxin system RelE family toxin
28983,28983,logistic+PCs,0.004300678207771383,1.253443004463661,0.003431091954286036,0.9972623900743508,1.0043099393959987,0.17,0.17,1.0,0.9999999852469791,False,False,SPN23F_RS00175,SPN23F_RS00175,type II toxin-antitoxin system RelE family toxin
29028,29028,logistic+PCs,0.004300678207771383,1.253443004463661,0.003431091954286036,0.9972623900743508,1.0043099393959987,0.17,0.17,1.0,0.9999999852469791,False,False,SPN23F_RS00175,SPN23F_RS00175,type II toxin-antitoxin system RelE family toxin
29040,29040,logistic+PCs,1.698906710736819,0.9780999687902348,1.736945879712189,0.08239672410903152,5.467966054078504,0.09,0.09,1.0,0.2055390810192325,False,False,SPN23F_RS00175,SPN23F_RS00175,type II toxin-antitoxin system RelE family toxin
29070,29070,logistic+PCs,-0.982860448949919,0.8180947186883778,-1.2014017771997163,0.22959538708199234,0.37423907457910593,0.41,0.41,1.0,0.4681271215653796,False,False,SPN23F_RS00175,SPN23F_RS00175,type II toxin-antitoxin system RelE family toxin
29085,29085,logistic+PCs,0.004300678207771383,1.253443004463661,0.003431091954286036,0.9972623900743508,1.0043099393959987,0.17,0.17,1.0,0.9999999852469791,False,False,SPN23F_RS00175,SPN23F_RS00175,type II toxin-antitoxin system RelE family toxin
29130,29130,logistic+PCs,0.1678141733610113,0.5768256704584664,0.2909270199913797,0.7711071357160743,1.1827168099363636,0.36,0.36,1.0,0.8345898910086563,False,False,SPN23F_RS00175,SPN23F_RS00175,type II toxin-antitoxin system RelE family toxin
29136,29136,logistic+PCs,0.1678141733610113,0.5768256704584664,0.2909270199913797,0.7711071357160743,1.1827168099363636,0.36,0.36,1.0,0.8345898910086563,False,False,SPN23F_RS00175,SPN23F_RS00175,type II toxin-antitoxin system RelE family toxin
29247,29247,logistic+PCs,0.004300678207771383,1.253443004463661,0.003431091954286036,0.9972623900743508,1.0043099393959987,0.17,0.17,1.0,0.9999999852469791,False,False,SPN23F_RS00175,SPN23F_RS00175,type II toxin-antitoxin system RelE family toxin
29266,29266,logistic+PCs,-1.9746131053038791,0.6651971018189679,-2.9684631816710265,0.002992929554288281,0.1388150086454457,0.16,0.16,1.0,0.02256127125337857,False,True,SPN23F_RS00175,SPN23F_RS00175,type II toxin-antitoxin system RelE family toxin
29334,29334,logistic+PCs,-2.4497698689170626,0.7358699379210938,-3.3290799673620417,0.0008713338267077831,0.08631344762112524,0.14,0.14,1.0,0.013186185244177785,False,True,SPN23F_RS00175,SPN23F_RS00175,type II toxin-antitoxin system RelE family toxin
29499,29499,logistic+PCs,0.4486850999114553,0.5958275761817383,0.7530452061094234,0.45142274929243764,1.5662513668408373,0.37,0.37,1.0,0.5731338238716763,False,False,SPN23F_RS00175,SPN23F_RS00175,type II toxin-antitoxin system RelE family toxin
29646,29646,logistic+PCs,0.5836626843619144,0.5914690090173566,0.9868018027378792,0.32373981080763137,1.7925921205020259,0.23,0.23,1.0,0.4989589722203148,False,False,SPN23F_RS00180,SPN23F_RS00180,hypothetical protein
29654,29654,logistic+PCs,30.448562235846268,1237884.4122500094,2.4597257978636475e-05,0.9999803742276228,16735649083820.238,0.16,0.16,1.0,0.9999999852469791,False,False,SPN23F_RS00180,SPN23F_RS00180,hypothetical protein
29767,29767,logistic+PCs,-1.436722775094306,0.6716687417180104,-2.139034744149954,0.03243285461107064,0.23770549795088627,0.49,0.49,1.0,0.10901665345577051,False,False,SPN23F_RS00185,SPN23F_RS00185,helix-turn-helix domain-containing protein
29805,29805,logistic+PCs,-1.436722775094306,0.6716687417180104,-2.139034744149954,0.03243285461107064,0.23770549795088627,0.49,0.49,1.0,0.10901665345577051,False,False,SPN23F_RS00185,SPN23F_RS00185,helix-turn-helix domain-containing protein
29910,29910,logistic+PCs,-0.8019588704370826,1.4516471488523743,-0.5524475221620389,0.5806417792705374,0.44844964840683627,0.16,0.16,1.0,0.6641200061861537,False,False,SPN23F_RS00185,SPN23F_RS00185,helix-turn-helix domain-containing protein
29933,29933,logistic+PCs,-2.005938144341485,0.7504477016938205,-2.672988590429316,0.007517880737178963,0.1345340241408098,0.34,0.34,1.0,0.04252223240879463,False,True,SPN23F_RS00185,SPN23F_RS00185,helix-turn-helix domain-containing protein
30138,30138,logistic+PCs,30.448562235846268,1237884.4122500094,2.4597257978636475e-05,0.9999803742276228,16735649083820.238,0.16,0.16,1.0,0.9999999852469791,False,False,SPN23F_RS00190,SPN23F_RS00190,DNA-binding protein
30150,30150,logistic+PCs,30.448562235846268,1237884.4122500094,2.4597257978636475e-05,0.9999803742276228,16735649083820.238,0.16,0.16,1.0,0.9999999852469791,False,False,SPN23F_RS00190,SPN23F_RS00190,DNA-binding protein
30213,30213,logistic+PCs,33.27252760246174,4855826.9780423,6.852082611863585e-06,0.9999945328290747,281887057820761.0,0.17,0.17,1.0,0.9999999852469791,False,False,SPN23F_RS00190,SPN23F_RS00190,DNA-binding protein
30276,30276,logistic+PCs,1.170979464283551,0.6653427295505806,1.759964319553793,0.07841385648172032,3.225150011254291,0.41,0.41,1.0,0.2016564803358884,False,False,SPN23F_RS00190,SPN23F_RS00190,DNA-binding protein
30312,30312,logistic+PCs,1.8285257785787123,0.9591542241578878,1.9063939171868944,0.056599117331931785,6.2247033000899075,0.07,0.07,1.0,0.15980099047697158,False,False,SPN23F_RS00190,SPN23F_RS00190,DNA-binding protein
30510,30510,logistic+PCs,-6.142452933485942,6.607494765637623,-0.9296190388874559,0.3525683662737379,0.0021496442116584404,0.07,0.07,1.0,0.4989589722203148,False,False,SPN23F_RS00195,SPN23F_RS00195,hypothetical protein
30624,30624,logistic+PCs,2.636002830847022,1.0329920380089428,2.551813309159505,0.010716392391026851,13.957302260538336,0.4,0.4,1.0,0.05139340294569919,False,False,SPN23F_RS00195,SPN23F_RS00195,hypothetical protein
30761,30761,logistic+PCs,0.5983040909568372,0.6144837542647382,0.973669501926441,0.3302206648942325,1.8190312714633294,0.47,0.47,1.0,0.4989589722203148,False,False,SPN23F_RS00195,SPN23F_RS00195,hypothetical protein
31064,31064,logistic+PCs,-2.8881827472456627,1.1112273149859184,-2.599092650347838,0.009347054146591144,0.05567730046019323,0.08,0.08,1.0,0.045337207078551066,False,True,SPN23F_RS11720,SPN23F_RS11720,YjzC family protein
31130,31130,logistic+PCs,-1.9051093294454688,0.7619696742587813,-2.5002429805342263,0.012410815166633242,0.14880637281455003,0.19,0.19,1.0,0.05288964410811788,False,False,SPN23F_RS11720,SPN23F_RS11720,YjzC family protein
31156,31156,logistic+PCs,-1.9421586051719317,0.7325478424090779,-2.651237902475957,0.00801973302249939,0.143394084247474,0.35,0.35,1.0,0.04521058102915633,False,True,SPN23F_RS11720,SPN23F_RS11720,YjzC family protein
31215,31215,logistic+PCs,-1.1500091995497697,0.5993968591432433,-1.9186106533717115,0.05503362633813657,0.31663385647673314,0.18,0.18,1.0,0.15980099047697158,False,False,SPN23F_RS00200,SPN23F_RS00200,autolysin
31263,31263,logistic+PCs,0.868910272986969,0.7402835610220599,1.1737533004073775,0.24049385420512237,2.3843111890090776,0.17,0.17,1.0,0.48425876615519914,False,False,SPN23F_RS00200,SPN23F_RS00200,autolysin
31283,31283,logistic+PCs,30.448562235846268,1237884.4122500094,2.4597257978636475e-05,0.9999803742276228,16735649083820.238,0.16,0.16,1.0,0.9999999852469791,False,False,SPN23F_RS00200,SPN23F_RS00200,autolysin
31333,31333,logistic+PCs,-1.7942938811992795,0.8041657706865686,-2.2312487631342157,0.025664655534181995,0.1662447994898871,0.3,0.3,1.0,0.09262792350609132,False,False,SPN23F_RS00200,SPN23F_RS00200,autolysin
31549,31549,logistic+PCs,11.741987811396758,4.022628019978928,2.9189842443990797,0.003511739725195489,125742.04322366399,0.14,0.14,1.0,0.02256127125337857,False,True,SPN23F_RS00200,SPN23F_RS00200,autolysin
31576,31576,logistic+PCs,1.2468882302941182,0.7075707075135139,1.7622100760443138,0.07803381031372353,3.4794986951576488,0.2,0.2,1.0,0.20129176069562774,False,False,SPN23F_RS00200,SPN23F_RS00200,autolysin
31636,31636,logistic+PCs,-2.301147855647694,0.9347114624203354,-2.461880428521886,0.013821073543270333,0.10014382706669298,0.24,0.24,1.0,0.05838803401344353,False,False,SPN23F_RS00200,SPN23F_RS00200,autolysin
31828,31828,logistic+PCs,-0.3406404727012193,2.045890636436241,-0.16649984443674104,0.8677636055840456,0.7113145992561531,0.15,0.15,1.0,0.9144955360611808,False,False,SPN23F_RS00205,SPN23F_RS00205,hypothetical protein
31972,31972,logistic+PCs,-4.088295302828672,1.4748210211329307,-2.772061995487505,0.005570242676355956,0.016767793218547742,0.49,0.49,1.0,0.03298552402259483,False,True,SPN23F_RS00205,SPN23F_RS00205,hypothetical protein
32158,32158,logistic+PCs,-1.7070025745580557,0.7127231970285556,-2.395042818410839,0.016618424448458548,0.18140873765761895,0.39,0.39,1.0,0.06801170101803047,False,False,SPN23F_RS13455,SPN23F_RS13455,hypothetical protein
32167,32167,logistic+PCs,0.49920136077837635,0.5229281058074157,0.9546271375251392,0.339766288559189,1.6474050628853734,0.44,0.44,1.0,0.4989589722203148,False,False,SPN23F_RS13455,SPN23F_RS13455,hypothetical protein
32563,32563,logistic+PCs,-0.9910098564760998,0.6087971635530074,-1.6278161525793862,0.10356387449426424,0.3712016412993183,0.32,0.32,1.0,0.24539804428337908,False,False,SPN23F_RS13455,SPN23F_RS13455,hypothetical protein
32584,32584,logistic+PCs,3.0840607860121394,1.4576709526492027,2.1157455188409298,0.03436645694881787,21.846938253216067,0.48,0.48,1.0,0.1137199085624148,False,False,SPN23F_RS13455,SPN23F_RS13455,hypothetical protein
32951,32951,logistic+PCs,2.7962659682860496,1.6385365270021293,1.7065630959122438,0.08790328938904006,16.383356439763745,0.19,0.19,1.0,0.21425246984229163,False,False,SPN23F_RS00210,SPN23F_RS00210,dUTP diphosphatase
32981,32981,logistic+PCs,-1.459301806084025,0.6335560573130697,-2.303350728383796,0.02125911759065015,0.23239847730167912,0.37,0.37,1.0,0.08232163733021543,False,False,SPN23F_RS00210,SPN23F_RS00210,dUTP diphosphatase
32994,32994,logistic+PCs,0.23209140560909636,0.8302165868959623,0.2795552501267728,0.7798187438235604,1.2612350075137653,0.07,0.07,1.0,0.8434824722742132,False,False,SPN23F_RS00210,SPN23F_RS00210,dUTP diphosphatase
32996,32996,logistic+PCs,-0.6974494169045407,0.5950220709006981,-1.1721404146383947,0.24114068632066232,0.4978535025082985,0.26,0.26,1.0,0.4849876177919995,False,False,SPN23F_RS00210,SPN23F_RS00210,dUTP diphosphatase
33046,33046,logistic+PCs,-0.7619419008208823,0.5604641559947318,-1.3594837291040685,0.17399335496356272,0.46675914640099053,0.4,0.4,1.0,0.37721854569064445,False,False,SPN23F_RS00215,SPN23F_RS00215,histidine phosphatase family protein
33161,33161,logistic+PCs,3.3599331003952386,1.7921183456566803,1.8748388512054817,0.06081489653094611,28.787264958173854,0.16,0.16,1.0,0.16740074590773765,False,False,SPN23F_RS00215,SPN23F_RS00215,histidine phosphatase family protein
33173,33173,logistic+PCs,2.756859331414923,1.6471432680941265,1.6737216396511911,0.0941853188518962,15.750298719589445,0.21,0.21,1.0,0.2269646218617881,False,False,SPN23F_RS00215,SPN23F_RS00215,histidine phosphatase family protein
33245,33245,logistic+PCs,1.2260315795593755,0.7239281495873368,1.6935818565119405,0.0903447681350711,3.4076795628440735,0.2,0.2,1.0,0.2200457335478663,False,False,SPN23F_RS00215,SPN23F_RS00215,histidine phosphatase family protein
33262,33262,logistic+PCs,-0.8416571825361164,0.9359395546831433,-0.8992644645957446,0.36851181049036275,0.4309956927550422,0.28,0.28,1.0,0.5136237063936493,False,False,SPN23F_RS00215,SPN23F_RS00215,histidine phosphatase family protein
33289,33289,logistic+PCs,-2.8881827472456627,1.1112273149859184,-2.599092650347838,0.009347054146591144,0.05567730046019323,0.08,0.08,1.0,0.045337207078551066,False,True,SPN23F_RS00215,SPN23F_RS00215,histidine phosphatase family protein
33569,33569,logistic+PCs,-0.3406404727012193,2.045890636436241,-0.16649984443674104,0.8677636055840456,0.7113145992561531,0.15,0.15,1.0,0.9144955360611808,False,False,SPN23F_RS00215,SPN23F_RS00215,histidine phosphatase family protein
33572,33572,logistic+PCs,0.1800435823221759,0.5847027488055153,0.3079232698836897,0.7581407187246139,1.1972695417716694,0.39,0.39,1.0,0.8229101521381289,False,False,SPN23F_RS00215,SPN23F_RS00215,histidine phosphatase family protein
33704,33704,logistic+PCs,-1.9150591561524586,1.1596031163405145,-1.651478104160343,0.09864098811225575,0.14733311666805257,0.05,0.05,1.0,0.2363836895272327,False,False,SPN23F_RS00215,SPN23F_RS00215,histidine phosphatase family protein
33938,33938,logistic+PCs,-1.6417147787289217,0.8821076720691647,-1.8611274232293462,0.06272618439820067,0.19364769447345823,0.07,0.07,1.0,0.17100292864361352,False,False,SPN23F_RS00215,SPN23F_RS00215,histidine phosphatase family protein
34019,34019,logistic+PCs,1.9923809433232569,0.7800772707179179,2.5540815225774187,0.010646832554730656,7.3329723855256175,0.35,0.35,1.0,0.05120404639669192,False,False,SPN23F_RS00215,SPN23F_RS00215,histidine phosphatase family protein
34097,34097,logistic+PCs,-2.1544299047578983,0.6583242771482635,-3.2725967726581224,0.0010656438552974464,0.11596928530873728,0.45,0.45,1.0,0.01557303573943264,False,True,radA,SPN23F_RS00220,DNA repair protein RadA
34136,34136,logistic+PCs,-3.4989909653642486,0.7563011379765262,-4.626452070038865,3.7198290085937025e-06,0.03022786900601903,0.3,0.3,0.012666017774261558,0.0035548650828014718,True,True,radA,SPN23F_RS00220,DNA repair protein RadA
34177,34177,logistic+PCs,1.0000222634964209,0.7360501031735577,1.3586334125689534,0.17426278190055322,2.718342347590485,0.18,0.18,1.0,0.37721854569064445,False,False,radA,SPN23F_RS00220,DNA repair protein RadA
34188,34188,logistic+PCs,2.007204322291218,1.0990610527310567,1.8262901021772322,0.06780657534878293,7.442481456166732,0.14,0.14,1.0,0.1795827991800801,False,False,radA,SPN23F_RS00220,DNA repair protein RadA
34201,34201,logistic+PCs,30.448562235846268,1237884.4122500094,2.4597257978636475e-05,0.9999803742276228,16735649083820.238,0.16,0.16,1.0,0.9999999852469791,False,False,radA,SPN23F_RS00220,DNA repair protein RadA
34345,34345,logistic+PCs,1.57182538160055,0.8329991840897495,1.8869470842497218,0.05916744328251935,4.815430173742261,0.18,0.18,1.0,0.16500011824486352,False,False,radA,SPN23F_RS00220,DNA repair protein RadA
34552,34552,logistic+PCs,1.57182538160055,0.8329991840897495,1.8869470842497218,0.05916744328251935,4.815430173742261,0.18,0.18,1.0,0.16500011824486352,False,False,radA,SPN23F_RS00220,DNA repair protein RadA
34597,34597,logistic+PCs,1.57182538160055,0.8329991840897495,1.8869470842497218,0.05916744328251935,4.815430173742261,0.18,0.18,1.0,0.16500011824486352,False,False,SPN23F_RS00225,SPN23F_RS00225,beta-class carbonic anhydrase
35015,35015,logistic+PCs,30.448562235846268,1237884.4122500094,2.4597257978636475e-05,0.9999803742276228,16735649083820.238,0.16,0.16,1.0,0.9999999852469791,False,False,SPN23F_RS00225,SPN23F_RS00225,beta-class carbonic anhydrase
35024,35024,logistic+PCs,30.448562235846268,1237884.4122500094,2.4597257978636475e-05,0.9999803742276228,16735649083820.238,0.16,0.16,1.0,0.9999999852469791,False,False,SPN23F_RS00225,SPN23F_RS00225,beta-class carbonic anhydrase
35096,35096,logistic+PCs,30.448562235846268,1237884.4122500094,2.4597257978636475e-05,0.9999803742276228,16735649083820.238,0.16,0.16,1.0,0.9999999852469791,False,False,SPN23F_RS00225,SPN23F_RS00225,beta-class carbonic anhydrase
35105,35105,logistic+PCs,30.448562235846268,1237884.4122500094,2.4597257978636475e-05,0.9999803742276228,16735649083820.238,0.16,0.16,1.0,0.9999999852469791,False,False,SPN23F_RS00225,SPN23F_RS00225,beta-class carbonic anhydrase
35324,35324,logistic+PCs,1.57182538160055,0.8329991840897495,1.8869470842497218,0.05916744328251935,4.815430173742261,0.18,0.18,1.0,0.16500011824486352,False,False,SPN23F_RS00225,SPN23F_RS00225,beta-class carbonic anhydrase
35553,35553,logistic+PCs,1.57182538160055,0.8329991840897495,1.8869470842497218,0.05916744328251935,4.815430173742261,0.18,0.18,1.0,0.16500011824486352,False,False,SPN23F_RS00230,SPN23F_RS00230,PrsW family glutamic-type intramembrane protease
35666,35666,logistic+PCs,1.57182538160055,0.8329991840897495,1.8869470842497218,0.05916744328251935,4.815430173742261,0.18,0.18,1.0,0.16500011824486352,False,False,SPN23F_RS00230,SPN23F_RS00230,PrsW family glutamic-type intramembrane protease
37618,37618,logistic+PCs,0.04391610293547745,0.6122606569592255,0.07172778854284952,0.9428185410558,1.0448946876139558,0.2,0.2,1.0,0.9787491256996947,False,False,SPN23F_RS13675,SPN23F_RS13675,Rpn family recombination-promoting nuclease/putative transposase
37671,37671,logistic+PCs,-1.176946826281868,0.9102822210878911,-1.2929471750808033,0.19602932984826227,0.30821834763486317,0.22,0.22,1.0,0.4150994204809285,False,False,SPN23F_RS13675,SPN23F_RS13675,Rpn family recombination-promoting nuclease/putative transposase
37695,37695,logistic+PCs,1.9575780628298567,1.1048411931392432,1.7718184975233295,0.0764246910021947,7.082153745799343,0.49,0.49,1.0,0.19804115134130365,False,False,SPN23F_RS13675,SPN23F_RS13675,Rpn family recombination-promoting nuclease/putative transposase
39743,39743,logistic+PCs,-1.8254264000735072,2.6167900403835045,-0.6975822943005321,0.48543845757589266,0.1611489155684423,0.17,0.17,1.0,0.5731338238716763,False,False,polA,SPN23F_RS00260,DNA polymerase I
50962,50962,logistic+PCs,1.709332331149185,1.7415089391981453,0.9815237192731404,0.3263345434737287,5.525271194348724,0.31,0.31,1.0,0.4989589722203148,False,False,comB,SPN23F_RS00320,competence pheromone export protein ComB
50968,50968,logistic+PCs,1.709332331149185,1.7415089391981453,0.9815237192731404,0.3263345434737287,5.525271194348724,0.31,0.31,1.0,0.4989589722203148,False,False,comB,SPN23F_RS00320,competence pheromone export protein ComB
51055,51055,logistic+PCs,1.709332331149185,1.7415089391981453,0.9815237192731404,0.3263345434737287,5.525271194348724,0.31,0.31,1.0,0.4989589722203148,False,False,comB,SPN23F_RS00320,competence pheromone export protein ComB
51058,51058,logistic+PCs,2.3102108101250813,1.534257699989987,1.5057514849950946,0.13213098182245991,10.076548669609258,0.29,0.29,1.0,0.30061192890403116,False,False,comB,SPN23F_RS00320,competence pheromone export protein ComB
51093,51093,logistic+PCs,1.709332331149185,1.7415089391981453,0.9815237192731404,0.3263345434737287,5.525271194348724,0.31,0.31,1.0,0.4989589722203148,False,False,comB,SPN23F_RS00320,competence pheromone export protein ComB
51115,51115,logistic+PCs,1.709332331149185,1.7415089391981453,0.9815237192731404,0.3263345434737287,5.525271194348724,0.31,0.31,1.0,0.4989589722203148,False,False,comB,SPN23F_RS00320,competence pheromone export protein ComB
51150,51150,logistic+PCs,2.8071172431009455,1.6113984645039123,1.7420379285052559,0.08150180768252814,16.56210481277371,0.41,0.41,1.0,0.20390422862528165,False,False,comB,SPN23F_RS00320,competence pheromone export protein ComB
51151,51151,logistic+PCs,2.8071172431009455,1.6113984645039123,1.7420379285052559,0.08150180768252814,16.56210481277371,0.41,0.41,1.0,0.20390422862528165,False,False,comB,SPN23F_RS00320,competence pheromone export protein ComB
51201,51201,logistic+PCs,8.473861315535846,2.2454437525090754,3.773802530598725,0.00016077803898720313,4787.967675641131,0.45,0.45,0.5474492227514266,0.0035548650828014718,False,True,comB,SPN23F_RS00320,competence pheromone export protein ComB
51262,51262,logistic+PCs,-1.8254264000735072,2.6167900403835045,-0.6975822943005321,0.48543845757589266,0.1611489155684423,0.17,0.17,1.0,0.5731338238716763,False,False,comB,SPN23F_RS00320,competence pheromone export protein ComB
51468,51468,logistic+PCs,-1.8254264000735072,2.6167900403835045,-0.6975822943005321,0.48543845757589266,0.1611489155684423,0.17,0.17,1.0,0.5731338238716763,False,False,comB,SPN23F_RS00320,competence pheromone export protein ComB
51553,51553,logistic+PCs,-1.8254264000735072,2.6167900403835045,-0.6975822943005321,0.48543845757589266,0.1611489155684423,0.17,0.17,1.0,0.5731338238716763,False,False,purC,SPN23F_RS00325,phosphoribosylaminoimidazolesuccinocarboxamide synthase
51565,51565,logistic+PCs,1.709332331149185,1.7415089391981453,0.9815237192731404,0.3263345434737287,5.525271194348724,0.31,0.31,1.0,0.4989589722203148,False,False,purC,SPN23F_RS00325,phosphoribosylaminoimidazolesuccinocarboxamide synthase
51646,51646,logistic+PCs,2.8071172431009455,1.6113984645039123,1.7420379285052559,0.08150180768252814,16.56210481277371,0.41,0.41,1.0,0.20390422862528165,False,False,purC,SPN23F_RS00325,phosphoribosylaminoimidazolesuccinocarboxamide synthase
51727,51727,logistic+PCs,-1.8254264000735072,2.6167900403835045,-0.6975822943005321,0.48543845757589266,0.1611489155684423,0.17,0.17,1.0,0.5731338238716763,False,False,purC,SPN23F_RS00325,phosphoribosylaminoimidazolesuccinocarboxamide synthase
51778,51778,logistic+PCs,1.3320519638469763,1.4958682456513777,0.8904874929455653,0.3732041811827612,3.7888099174981194,0.2,0.2,1.0,0.5167792748789353,False,False,purC,SPN23F_RS00325,phosphoribosylaminoimidazolesuccinocarboxamide synthase
51793,51793,logistic+PCs,11.741987811396758,4.022628019978928,2.9189842443990797,0.003511739725195489,125742.04322366399,0.14,0.14,1.0,0.02256127125337857,False,True,purC,SPN23F_RS00325,phosphoribosylaminoimidazolesuccinocarboxamide synthase
51835,51835,logistic+PCs,0.08188069079249756,1.064936636432878,0.07688785228271036,0.9387127614128561,1.085326312682354,0.43,0.43,1.0,0.9750814376481924,False,False,purC,SPN23F_RS00325,phosphoribosylaminoimidazolesuccinocarboxamide synthase
51877,51877,logistic+PCs,1.3320519638469763,1.4958682456513777,0.8904874929455653,0.3732041811827612,3.7888099174981194,0.2,0.2,1.0,0.5167792748789353,False,False,purC,SPN23F_RS00325,phosphoribosylaminoimidazolesuccinocarboxamide synthase
51972,51972,logistic+PCs,-1.8254264000735072,2.6167900403835045,-0.6975822943005321,0.48543845757589266,0.1611489155684423,0.17,0.17,1.0,0.5731338238716763,False,False,purC,SPN23F_RS00325,phosphoribosylaminoimidazolesuccinocarboxamide synthase
52062,52062,logistic+PCs,1.709332331149185,1.7415089391981453,0.9815237192731404,0.3263345434737287,5.525271194348724,0.31,0.31,1.0,0.4989589722203148,False,False,purC,SPN23F_RS00325,phosphoribosylaminoimidazolesuccinocarboxamide synthase
52104,52104,logistic+PCs,2.3102108101250813,1.534257699989987,1.5057514849950946,0.13213098182245991,10.076548669609258,0.29,0.29,1.0,0.30061192890403116,False,False,purC,SPN23F_RS00325,phosphoribosylaminoimidazolesuccinocarboxamide synthase
52162,52162,logistic+PCs,-1.8254264000735072,2.6167900403835045,-0.6975822943005321,0.48543845757589266,0.1611489155684423,0.17,0.17,1.0,0.5731338238716763,False,False,purC,SPN23F_RS00325,phosphoribosylaminoimidazolesuccinocarboxamide synthase
52305,52305,logistic+PCs,-1.8254264000735072,2.6167900403835045,-0.6975822943005321,0.48543845757589266,0.1611489155684423,0.17,0.17,1.0,0.5731338238716763,False,False,purC,SPN23F_RS00325,phosphoribosylaminoimidazolesuccinocarboxamide synthase
52329,52329,logistic+PCs,-1.8254264000735072,2.6167900403835045,-0.6975822943005321,0.48543845757589266,0.1611489155684423,0.17,0.17,1.0,0.5731338238716763,False,False,purC,SPN23F_RS00325,phosphoribosylaminoimidazolesuccinocarboxamide synthase
52377,52377,logistic+PCs,-1.8254264000735072,2.6167900403835045,-0.6975822943005321,0.48543845757589266,0.1611489155684423,0.17,0.17,1.0,0.5731338238716763,False,False,purC,SPN23F_RS00325,phosphoribosylaminoimidazolesuccinocarboxamide synthase
52395,52395,logistic+PCs,1.709332331149185,1.7415089391981453,0.9815237192731404,0.3263345434737287,5.525271194348724,0.31,0.31,1.0,0.4989589722203148,False,False,purC,SPN23F_RS00325,phosphoribosylaminoimidazolesuccinocarboxamide synthase
52507,52507,logistic+PCs,-1.8254264000735072,2.6167900403835045,-0.6975822943005321,0.48543845757589266,0.1611489155684423,0.17,0.17,1.0,0.5731338238716763,False,False,purC,SPN23F_RS00325,phosphoribosylaminoimidazolesuccinocarboxamide synthase
52579,52579,logistic+PCs,0.6946147479454201,1.010879445358246,0.6871390561307291,0.49199510450260353,2.00293728957896,0.5,0.5,1.0,0.5794684644868091,False,False,purC,SPN23F_RS00325,phosphoribosylaminoimidazolesuccinocarboxamide synthase
52599,52599,logistic+PCs,2.8071172431009455,1.6113984645039123,1.7420379285052559,0.08150180768252814,16.56210481277371,0.41,0.41,1.0,0.20390422862528165,False,False,purC,SPN23F_RS00325,phosphoribosylaminoimidazolesuccinocarboxamide synthase
52642,52642,logistic+PCs,-1.8254264000735072,2.6167900403835045,-0.6975822943005321,0.48543845757589266,0.1611489155684423,0.17,0.17,1.0,0.5731338238716763,False,False,purC,SPN23F_RS00325,phosphoribosylaminoimidazolesuccinocarboxamide synthase
52665,52665,logistic+PCs,2.4720905601018557,0.7670471374662691,3.2228665480295415,0.0012691466790741284,11.847188240009512,0.38,0.38,1.0,0.017216910128475725,False,True,purC,SPN23F_RS00325,phosphoribosylaminoimidazolesuccinocarboxamide synthase
52677,52677,logistic+PCs,1.3320519638469763,1.4958682456513777,0.8904874929455653,0.3732041811827612,3.7888099174981194,0.2,0.2,1.0,0.5167792748789353,False,False,purC,SPN23F_RS00325,phosphoribosylaminoimidazolesuccinocarboxamide synthase
52689,52689,logistic+PCs,1.3320519638469763,1.4958682456513777,0.8904874929455653,0.3732041811827612,3.7888099174981194,0.2,0.2,1.0,0.5167792748789353,False,False,purC,SPN23F_RS00325,phosphoribosylaminoimidazolesuccinocarboxamide synthase
52701,52701,logistic+PCs,1.3320519638469763,1.4958682456513777,0.8904874929455653,0.3732041811827612,3.7888099174981194,0.2,0.2,1.0,0.5167792748789353,False,False,purC,SPN23F_RS00325,phosphoribosylaminoimidazolesuccinocarboxamide synthase
52717,52717,logistic+PCs,1.3320519638469763,1.4958682456513777,0.8904874929455653,0.3732041811827612,3.7888099174981194,0.2,0.2,1.0,0.5167792748789353,False,False,purC,SPN23F_RS00325,phosphoribosylaminoimidazolesuccinocarboxamide synthase
52847,52847,logistic+PCs,1.3320519638469763,1.4958682456513777,0.8904874929455653,0.3732041811827612,3.7888099174981194,0.2,0.2,1.0,0.5167792748789353,False,False,purC,SPN23F_RS00325,phosphoribosylaminoimidazolesuccinocarboxamide synthase
52867,52867,logistic+PCs,-1.8254264000735072,2.6167900403835045,-0.6975822943005321,0.48543845757589266,0.1611489155684423,0.17,0.17,1.0,0.5731338238716763,False,False,purC,SPN23F_RS00325,phosphoribosylaminoimidazolesuccinocarboxamide synthase
52875,52875,logistic+PCs,-1.8254264000735072,2.6167900403835045,-0.6975822943005321,0.48543845757589266,0.1611489155684423,0.17,0.17,1.0,0.5731338238716763,False,False,SPN23F_RS00330,SPN23F_RS00330,phosphoribosylformylglycinamidine synthase
52881,52881,logistic+PCs,-1.8254264000735072,2.6167900403835045,-0.6975822943005321,0.48543845757589266,0.1611489155684423,0.17,0.17,1.0,0.5731338238716763,False,False,SPN23F_RS00330,SPN23F_RS00330,phosphoribosylformylglycinamidine synthase
52910,52910,logistic+PCs,-1.8254264000735072,2.6167900403835045,-0.6975822943005321,0.48543845757589266,0.1611489155684423,0.17,0.17,1.0,0.5731338238716763,False,False,SPN23F_RS00330,SPN23F_RS00330,phosphoribosylformylglycinamidine synthase
52914,52914,logistic+PCs,-1.8254264000735072,2.6167900403835045,-0.6975822943005321,0.48543845757589266,0.1611489155684423,0.17,0.17,1.0,0.5731338238716763,False,False,SPN23F_RS00330,SPN23F_RS00330,phosphoribosylformylglycinamidine synthase
52955,52955,logistic+PCs,-1.8254264000735072,2.6167900403835045,-0.6975822943005321,0.48543845757589266,0.1611489155684423,0.17,0.17,1.0,0.5731338238716763,False,False,SPN23F_RS00330,SPN23F_RS00330,phosphoribosylformylglycinamidine synthase
53162,53162,logistic+PCs,-1.8254264000735072,2.6167900403835045,-0.6975822943005321,0.48543845757589266,0.1611489155684423,0.17,0.17,1.0,0.5731338238716763,False,False,SPN23F_RS00330,SPN23F_RS00330,phosphoribosylformylglycinamidine synthase
53169,53169,logistic+PCs,-1.8254264000735072,2.6167900403835045,-0.6975822943005321,0.48543845757589266,0.1611489155684423,0.17,0.17,1.0,0.5731338238716763,False,False,SPN23F_RS00330,SPN23F_RS00330,phosphoribosylformylglycinamidine synthase
53272,53272,logistic+PCs,1.709332331149185,1.7415089391981453,0.9815237192731404,0.3263345434737287,5.525271194348724,0.31,0.31,1.0,0.4989589722203148,False,False,SPN23F_RS00330,SPN23F_RS00330,phosphoribosylformylglycinamidine synthase
53312,53312,logistic+PCs,1.709332331149185,1.7415089391981453,0.9815237192731404,0.3263345434737287,5.525271194348724,0.31,0.31,1.0,0.4989589722203148,False,False,SPN23F_RS00330,SPN23F_RS00330,phosphoribosylformylglycinamidine synthase
53498,53498,logistic+PCs,1.709332331149185,1.7415089391981453,0.9815237192731404,0.3263345434737287,5.525271194348724,0.31,0.31,1.0,0.4989589722203148,False,False,SPN23F_RS00330,SPN23F_RS00330,phosphoribosylformylglycinamidine synthase
53502,53502,logistic+PCs,1.709332331149185,1.7415089391981453,0.9815237192731404,0.3263345434737287,5.525271194348724,0.31,0.31,1.0,0.4989589722203148,False,False,SPN23F_RS00330,SPN23F_RS00330,phosphoribosylformylglycinamidine synthase
53562,53562,logistic+PCs,1.709332331149185,1.7415089391981453,0.9815237192731404,0.3263345434737287,5.525271194348724,0.31,0.31,1.0,0.4989589722203148,False,False,SPN23F_RS00330,SPN23F_RS00330,phosphoribosylformylglycinamidine synthase
53660,53660,logistic+PCs,-1.8254264000735072,2.6167900403835045,-0.6975822943005321,0.48543845757589266,0.1611489155684423,0.17,0.17,1.0,0.5731338238716763,False,False,SPN23F_RS00330,SPN23F_RS00330,phosphoribosylformylglycinamidine synthase
53687,53687,logistic+PCs,-1.8254264000735072,2.6167900403835045,-0.6975822943005321,0.48543845757589266,0.1611489155684423,0.17,0.17,1.0,0.5731338238716763,False,False,SPN23F_RS00330,SPN23F_RS00330,phosphoribosylformylglycinamidine synthase
53699,53699,logistic+PCs,-1.8254264000735072,2.6167900403835045,-0.6975822943005321,0.48543845757589266,0.1611489155684423,0.17,0.17,1.0,0.5731338238716763,False,False,SPN23F_RS00330,SPN23F_RS00330,phosphoribosylformylglycinamidine synthase
53749,53749,logistic+PCs,1.3320519638469763,1.4958682456513777,0.8904874929455653,0.3732041811827612,3.7888099174981194,0.2,0.2,1.0,0.5167792748789353,False,False,SPN23F_RS00330,SPN23F_RS00330,phosphoribosylformylglycinamidine synthase
53791,53791,logistic+PCs,8.473861315535846,2.2454437525090754,3.773802530598725,0.00016077803898720313,4787.967675641131,0.45,0.45,0.5474492227514266,0.0035548650828014718,False,True,SPN23F_RS00330,SPN23F_RS00330,phosphoribosylformylglycinamidine synthase
53806,53806,logistic+PCs,2.8071172431009455,1.6113984645039123,1.7420379285052559,0.08150180768252814,16.56210481277371,0.41,0.41,1.0,0.20390422862528165,False,False,SPN23F_RS00330,SPN23F_RS00330,phosphoribosylformylglycinamidine synthase
53834,53834,logistic+PCs,-1.8254264000735072,2.6167900403835045,-0.6975822943005321,0.48543845757589266,0.1611489155684423,0.17,0.17,1.0,0.5731338238716763,False,False,SPN23F_RS00330,SPN23F_RS00330,phosphoribosylformylglycinamidine synthase
53890,53890,logistic+PCs,1.709332331149185,1.7415089391981453,0.9815237192731404,0.3263345434737287,5.525271194348724,0.31,0.31,1.0,0.4989589722203148,False,False,SPN23F_RS00330,SPN23F_RS00330,phosphoribosylformylglycinamidine synthase
53903,53903,logistic+PCs,1.3320519638469763,1.4958682456513777,0.8904874929455653,0.3732041811827612,3.7888099174981194,0.2,0.2,1.0,0.5167792748789353,False,False,SPN23F_RS00330,SPN23F_RS00330,phosphoribosylformylglycinamidine synthase
53920,53920,logistic+PCs,-1.8254264000735072,2.6167900403835045,-0.6975822943005321,0.48543845757589266,0.1611489155684423,0.17,0.17,1.0,0.5731338238716763,False,False,SPN23F_RS00330,SPN23F_RS00330,phosphoribosylformylglycinamidine synthase
53948,53948,logistic+PCs,-1.8254264000735072,2.6167900403835045,-0.6975822943005321,0.48543845757589266,0.1611489155684423,0.17,0.17,1.0,0.5731338238716763,False,False,SPN23F_RS00330,SPN23F_RS00330,phosphoribosylformylglycinamidine synthase
54002,54002,logistic+PCs,1.709332331149185,1.7415089391981453,0.9815237192731404,0.3263345434737287,5.525271194348724,0.31,0.31,1.0,0.4989589722203148,False,False,SPN23F_RS00330,SPN23F_RS00330,phosphoribosylformylglycinamidine synthase
54190,54190,logistic+PCs,1.709332331149185,1.7415089391981453,0.9815237192731404,0.3263345434737287,5.525271194348724,0.31,0.31,1.0,0.4989589722203148,False,False,SPN23F_RS00330,SPN23F_RS00330,phosphoribosylformylglycinamidine synthase
54193,54193,logistic+PCs,1.709332331149185,1.7415089391981453,0.9815237192731404,0.3263345434737287,5.525271194348724,0.31,0.31,1.0,0.4989589722203148,False,False,SPN23F_RS00330,SPN23F_RS00330,phosphoribosylformylglycinamidine synthase
54196,54196,logistic+PCs,1.709332331149185,1.7415089391981453,0.9815237192731404,0.3263345434737287,5.525271194348724,0.31,0.31,1.0,0.4989589722203148,False,False,SPN23F_RS00330,SPN23F_RS00330,phosphoribosylformylglycinamidine synthase
54217,54217,logistic+PCs,1.709332331149185,1.7415089391981453,0.9815237192731404,0.3263345434737287,5.525271194348724,0.31,0.31,1.0,0.4989589722203148,False,False,SPN23F_RS00330,SPN23F_RS00330,phosphoribosylformylglycinamidine synthase
54379,54379,logistic+PCs,-1.8254264000735072,2.6167900403835045,-0.6975822943005321,0.48543845757589266,0.1611489155684423,0.17,0.17,1.0,0.5731338238716763,False,False,SPN23F_RS00330,SPN23F_RS00330,phosphoribosylformylglycinamidine synthase
61447,61447,logistic+PCs,1.2091345702159069,0.7070188038489408,1.7101872872878305,0.08723124575279483,3.350583702515549,0.32,0.32,1.0,0.2129324567899366,False,False,purD,SPN23F_RS00360,phosphoribosylamine--glycine ligase
61500,61500,logistic+PCs,1.2091345702159069,0.7070188038489408,1.7101872872878305,0.08723124575279483,3.350583702515549,0.32,0.32,1.0,0.2129324567899366,False,False,purD,SPN23F_RS00360,phosphoribosylamine--glycine ligase
61564,61564,logistic+PCs,-5.96080032068519,6.467287918088709,-0.9216846993951057,0.3566930638040885,0.0025778480411234586,0.09,0.09,1.0,0.49939962263689197,False,False,purD,SPN23F_RS00360,phosphoribosylamine--glycine ligase
61618,61618,logistic+PCs,-2.067578561242216,0.8762613723185426,-2.3595454810149956,0.01829733783260736,0.12649170308300392,0.08,0.08,1.0,0.07390561722423257,False,False,purD,SPN23F_RS00360,phosphoribosylamine--glycine ligase
61621,61621,logistic+PCs,-2.067578561242216,0.8762613723185426,-2.3595454810149956,0.01829733783260736,0.12649170308300392,0.08,0.08,1.0,0.07390561722423257,False,False,purD,SPN23F_RS00360,phosphoribosylamine--glycine ligase
61666,61666,logistic+PCs,-1.033127568165968,0.6012776504808041,-1.7182204715905216,0.08575640887904992,0.3558921412097459,0.45,0.45,1.0,0.2115946175602645,False,False,purD,SPN23F_RS00360,phosphoribosylamine--glycine ligase
61680,61680,fisher,inf,,,9.98125019602994e-05,,0.13,0.13,0.33986156917481947,0.0035548650828014718,False,True,purD,SPN23F_RS00360,phosphoribosylamine--glycine ligase
61705,61705,logistic+PCs,-2.2866182262013655,0.9418828809511927,-2.427709721077153,0.015194499134720891,0.10160950183614494,0.22,0.22,1.0,0.06286424004097768,False,False,purD,SPN23F_RS00360,phosphoribosylamine--glycine ligase
61725,61725,fisher,inf,,,9.98125019602994e-05,,0.13,0.13,0.33986156917481947,0.0035548650828014718,False,True,purD,SPN23F_RS00360,phosphoribosylamine--glycine ligase
61753,61753,logistic+PCs,-7.003672201811311,2.0428797578909528,-3.4283330552170272,0.0006072999193554084,0.0009085394918240714,0.39,0.39,1.0,0.009852188017658409,False,True,purD,SPN23F_RS00360,phosphoribosylamine--glycine ligase
61783,61783,fisher,inf,,,9.98125019602994e-05,,0.13,0.13,0.33986156917481947,0.0035548650828014718,False,True,purD,SPN23F_RS00360,phosphoribosylamine--glycine ligase
61807,61807,fisher,inf,,,9.98125019602994e-05,,0.13,0.13,0.33986156917481947,0.0035548650828014718,False,True,purD,SPN23F_RS00360,phosphoribosylamine--glycine ligase
61831,61831,logistic+PCs,30.448562235846268,1237884.4122500094,2.4597257978636475e-05,0.9999803742276228,16735649083820.238,0.16,0.16,1.0,0.9999999852469791,False,False,purD,SPN23F_RS00360,phosphoribosylamine--glycine ligase
61846,61846,logistic+PCs,2.5882157487003985,0.7467746456466279,3.465859163522186,0.000528540061467416,13.306009146290775,0.34,0.34,1.0,0.008778921508763665,False,True,purD,SPN23F_RS00360,phosphoribosylamine--glycine ligase
61945,61945,logistic+PCs,-0.680551452652622,0.599056228774871,-1.1360393565131888,0.2559400933272993,0.5063376940982494,0.46,0.46,1.0,0.4989589722203148,False,False,purD,SPN23F_RS00360,phosphoribosylamine--glycine ligase
61947,61947,logistic+PCs,4.982427731731632,1.992546435860485,2.500532806694646,0.012400664695181248,145.82798347760033,0.31,0.31,1.0,0.05288964410811788,False,False,purD,SPN23F_RS00360,phosphoribosylamine--glycine ligase
61954,61954,logistic+PCs,4.982427731731632,1.992546435860485,2.500532806694646,0.012400664695181248,145.82798347760033,0.31,0.31,1.0,0.05288964410811788,False,False,purD,SPN23F_RS00360,phosphoribosylamine--glycine ligase
62061,62061,logistic+PCs,-1.550632609836657,0.6717995428986611,-2.308177530377637,0.020989264381391058,0.2121137461320462,0.48,0.48,1.0,0.08232163733021543,False,False,purD,SPN23F_RS00360,phosphoribosylamine--glycine ligase
62154,62154,logistic+PCs,-2.101699039154115,1.151099424384889,-1.8258188603275483,0.06787755140815363,0.12224854663621841,0.05,0.05,1.0,0.1795827991800801,False,False,purD,SPN23F_RS00360,phosphoribosylamine--glycine ligase
62199,62199,logistic+PCs,1.0965455266824127,0.6175262004976292,1.7757068862807264,0.07578124178621551,2.993806116888755,0.42,0.42,1.0,0.1965233269474972,False,False,purD,SPN23F_RS00360,phosphoribosylamine--glycine ligase
62230,62230,logistic+PCs,30.448562235846268,1237884.4122500094,2.4597257978636475e-05,0.9999803742276228,16735649083820.238,0.16,0.16,1.0,0.9999999852469791,False,False,purD,SPN23F_RS00360,phosphoribosylamine--glycine ligase
62232,62232,logistic+PCs,-3.0845835677315416,0.7562455871119418,-4.078811989517041,4.526642508716251e-05,0.045749081327678444,0.33,0.33,0.15413217742178834,0.0035548650828014718,False,True,purD,SPN23F_RS00360,phosphoribosylamine--glycine ligase
62249,62249,logistic+PCs,-3.1086740140168265,0.7465245106882354,-4.164195507995952,3.124522983333362e-05,0.044660134808793786,0.32,0.32,0.10639000758250099,0.0035548650828014718,False,True,purD,SPN23F_RS00360,phosphoribosylamine--glycine ligase
62267,62267,logistic+PCs,1.5667750723633425,0.8339348518634382,1.8787739460251163,0.060275365984550106,4.791172069279024,0.18,0.18,1.0,0.16645386956803981,False,False,purD,SPN23F_RS00360,phosphoribosylamine--glycine ligase
62371,62371,logistic+PCs,1.1259321472260486,0.6855097741713428,1.6424742427445278,0.10049175984628146,3.083089403123099,0.27,0.27,1.0,0.23978587405507243,False,False,purD,SPN23F_RS00360,phosphoribosylamine--glycine ligase
62428,62428,logistic+PCs,-5.96080032068519,6.467287918088709,-0.9216846993951057,0.3566930638040885,0.0025778480411234586,0.09,0.09,1.0,0.49939962263689197,False,False,purD,SPN23F_RS00360,phosphoribosylamine--glycine ligase
62440,62440,logistic+PCs,1.6425058530597476,0.7655618962637714,2.145490601185601,0.031913642097685005,5.1681038084851565,0.47,0.47,1.0,0.1083409285569466,False,False,purD,SPN23F_RS00360,phosphoribosylamine--glycine ligase
62442,62442,logistic+PCs,3.5222906358207373,1.5462653196893579,2.2779341882467876,0.022730498964461925,33.861904987245175,0.22,0.22,1.0,0.08609271298553155,False,False,purD,SPN23F_RS00360,phosphoribosylamine--glycine ligase
62585,62585,logistic+PCs,-1.5185271714103754,0.944610635524043,-1.6075694199313562,0.10792951414234143,0.21903424940625496,0.14,0.14,1.0,0.2536231854069514,False,False,purD,SPN23F_RS00360,phosphoribosylamine--glycine ligase
62627,62627,logistic+PCs,-2.2866182262013655,0.9418828809511927,-2.427709721077153,0.015194499134720891,0.10160950183614494,0.22,0.22,1.0,0.06286424004097768,False,False,SPN23F_RS13685,SPN23F_RS13685,hypothetical protein
62699,62699,logistic+PCs,-2.2866182262013655,0.9418828809511927,-2.427709721077153,0.015194499134720891,0.10160950183614494,0.22,0.22,1.0,0.06286424004097768,False,False,SPN23F_RS13685,SPN23F_RS13685,hypothetical protein
62708,62708,logistic+PCs,-2.2866182262013655,0.9418828809511927,-2.427709721077153,0.015194499134720891,0.10160950183614494,0.22,0.22,1.0,0.06286424004097768,False,False,SPN23F_RS13685,SPN23F_RS13685,hypothetical protein
62884,62884,logistic+PCs,-4.153659414603951,0.9264343200575968,-4.483490437126418,7.343189494635526e-06,0.01570683337344591,0.39,0.39,0.025003560229233966,0.0035548650828014718,True,True,SPN23F_RS13685,SPN23F_RS13685,hypothetical protein
62901,62901,logistic+PCs,-2.5189440814602473,0.8279447082005236,-3.0424061613184117,0.002346949807470214,0.0805446104105733,0.26,0.26,1.0,0.02256127125337857,False,True,SPN23F_RS13685,SPN23F_RS13685,hypothetical protein
62915,62915,logistic+PCs,4.217692576146475,1.1471304436481453,3.676733190632809,0.0002362399012726273,67.87668317781453,0.3,0.3,0.8043968638332959,0.004596553507618834,False,True,SPN23F_RS13685,SPN23F_RS13685,hypothetical protein
63086,63086,logistic+PCs,1.0000222634964209,0.7360501031735577,1.3586334125689534,0.17426278190055322,2.718342347590485,0.18,0.18,1.0,0.37721854569064445,False,False,SPN23F_RS13685,SPN23F_RS13685,hypothetical protein
63170,63170,logistic+PCs,1.80221502261913,0.756512405761962,2.382267638828649,0.017206386976558557,6.0630624221169125,0.49,0.49,1.0,0.0700810378650501,False,False,purE,SPN23F_RS00365,5-(carboxyamino)imidazole ribonucleotide mutase
63215,63215,logistic+PCs,-2.35320039711086,1.162632890643276,-2.0240270304144348,0.042967370620535204,0.09506443091501862,0.05,0.05,1.0,0.13647279765583334,False,False,purE,SPN23F_RS00365,5-(carboxyamino)imidazole ribonucleotide mutase
63239,63239,logistic+PCs,-0.25920212443249646,0.840700002347003,-0.3083170259413292,0.7578411118482375,0.7716670345182602,0.36,0.36,1.0,0.822847253138791,False,False,purE,SPN23F_RS00365,5-(carboxyamino)imidazole ribonucleotide mutase
63384,63384,logistic+PCs,2.380763923671436,0.6444981122962095,3.693981220812706,0.00022077011333658186,10.813160138558795,0.48,0.48,0.7517222359110612,0.004596553507618834,False,True,purE,SPN23F_RS00365,5-(carboxyamino)imidazole ribonucleotide mutase
63402,63402,logistic+PCs,-1.8134833622839008,1.2259351238252365,-1.4792653600015644,0.1390694070920691,0.16308506187744745,0.12,0.12,1.0,0.314847959540223,False,False,purE,SPN23F_RS00365,5-(carboxyamino)imidazole ribonucleotide mutase
63465,63465,logistic+PCs,3.0095456772822797,0.7590713706850555,3.964773002262212,7.346582443928645e-05,20.278184992006675,0.32,0.32,0.2501511322157704,0.0035548650828014718,False,True,purE,SPN23F_RS00365,5-(carboxyamino)imidazole ribonucleotide mutase
63480,63480,logistic+PCs,3.0095456772822797,0.7590713706850555,3.964773002262212,7.346582443928645e-05,20.278184992006675,0.32,0.32,0.2501511322157704,0.0035548650828014718,False,True,purE,SPN23F_RS00365,5-(carboxyamino)imidazole ribonucleotide mutase
63578,63578,logistic+PCs,3.0095456772822797,0.7590713706850555,3.964773002262212,7.346582443928645e-05,20.278184992006675,0.32,0.32,0.2501511322157704,0.0035548650828014718,False,True,purE,SPN23F_RS00365,5-(carboxyamino)imidazole ribonucleotide mutase
63600,63600,logistic+PCs,3.0095456772822797,0.7590713706850555,3.964773002262212,7.346582443928645e-05,20.278184992006675,0.32,0.32,0.2501511322157704,0.0035548650828014718,False,True,purE,SPN23F_RS00365,5-(carboxyamino)imidazole ribonucleotide mutase
63636,63636,logistic+PCs,3.0095456772822797,0.7590713706850555,3.964773002262212,7.346582443928645e-05,20.278184992006675,0.32,0.32,0.2501511322157704,0.0035548650828014718,False,True,purE,SPN23F_RS00365,5-(carboxyamino)imidazole ribonucleotide mutase
63637,63637,logistic+PCs,3.0095456772822797,0.7590713706850555,3.964773002262212,7.346582443928645e-05,20.278184992006675,0.32,0.32,0.2501511322157704,0.0035548650828014718,False,True,purE,SPN23F_RS00365,5-(carboxyamino)imidazole ribonucleotide mutase
63651,63651,logistic+PCs,3.0095456772822797,0.7590713706850555,3.964773002262212,7.346582443928645e-05,20.278184992006675,0.32,0.32,0.2501511322157704,0.0035548650828014718,False,True,purE,SPN23F_RS00365,5-(carboxyamino)imidazole ribonucleotide mutase
63749,63749,logistic+PCs,2.726458112059791,0.7131447148255812,3.8231484513302743,0.00013175839748208958,15.27867571414111,0.39,0.39,0.448637343426515,0.0035548650828014718,False,True,purE,SPN23F_RS00365,5-(carboxyamino)imidazole ribonucleotide mutase
63864,63864,logistic+PCs,-5.96080032068519,6.467287918088709,-0.9216846993951057,0.3566930638040885,0.0025778480411234586,0.09,0.09,1.0,0.49939962263689197,False,False,purE,SPN23F_RS00365,5-(carboxyamino)imidazole ribonucleotide mutase
63873,63873,logistic+PCs,2.726458112059791,0.7131447148255812,3.8231484513302743,0.00013175839748208958,15.27867571414111,0.39,0.39,0.448637343426515,0.0035548650828014718,False,True,purE,SPN23F_RS00365,5-(carboxyamino)imidazole ribonucleotide mutase
63900,63900,logistic+PCs,2.007204322291218,1.0990610527310567,1.8262901021772322,0.06780657534878293,7.442481456166732,0.14,0.14,1.0,0.1795827991800801,False,False,purE,SPN23F_RS00365,5-(carboxyamino)imidazole ribonucleotide mutase
63903,63903,logistic+PCs,2.726458112059791,0.7131447148255812,3.8231484513302743,0.00013175839748208958,15.27867571414111,0.39,0.39,0.448637343426515,0.0035548650828014718,False,True,purE,SPN23F_RS00365,5-(carboxyamino)imidazole ribonucleotide mutase
63936,63936,logistic+PCs,2.334265522331259,0.9513642244067164,2.453598172442251,0.014143492724126402,10.321875957191294,0.18,0.18,1.0,0.05923566140916408,False,False,purE,SPN23F_RS00365,5-(carboxyamino)imidazole ribonucleotide mutase
63990,63990,logistic+PCs,2.334265522331259,0.9513642244067164,2.453598172442251,0.014143492724126402,10.321875957191294,0.18,0.18,1.0,0.05923566140916408,False,False,purE,SPN23F_RS00365,5-(carboxyamino)imidazole ribonucleotide mutase
64047,64047,logistic+PCs,1.273029632187492,0.8380161328750605,1.5190991942123955,0.12873752953769016,3.571656994356633,0.15,0.15,1.0,0.2943930745976058,False,False,purE,SPN23F_RS00365,5-(carboxyamino)imidazole ribonucleotide mutase
64149,64149,logistic+PCs,-5.96080032068519,6.467287918088709,-0.9216846993951057,0.3566930638040885,0.0025778480411234586,0.09,0.09,1.0,0.49939962263689197,False,False,purE,SPN23F_RS00365,5-(carboxyamino)imidazole ribonucleotide mutase
64215,64215,logistic+PCs,2.007204322291218,1.0990610527310567,1.8262901021772322,0.06780657534878293,7.442481456166732,0.14,0.14,1.0,0.1795827991800801,False,False,purE,SPN23F_RS00365,5-(carboxyamino)imidazole ribonucleotide mutase
64227,64227,logistic+PCs,30.448562235846268,1237884.4122500094,2.4597257978636475e-05,0.9999803742276228,16735649083820.238,0.16,0.16,1.0,0.9999999852469791,False,False,purK,SPN23F_RS00370,5-(carboxyamino)imidazole ribonucleotide synthase
64230,64230,logistic+PCs,30.448562235846268,1237884.4122500094,2.4597257978636475e-05,0.9999803742276228,16735649083820.238,0.16,0.16,1.0,0.9999999852469791,False,False,purK,SPN23F_RS00370,5-(carboxyamino)imidazole ribonucleotide synthase
64236,64236,logistic+PCs,-1.8254264000735072,2.6167900403835045,-0.6975822943005321,0.48543845757589266,0.1611489155684423,0.17,0.17,1.0,0.5731338238716763,False,False,purK,SPN23F_RS00370,5-(carboxyamino)imidazole ribonucleotide synthase
64260,64260,logistic+PCs,0.5957263637070087,0.611898658757736,0.973570304789424,0.3302699365973203,1.8143483432354848,0.38,0.38,1.0,0.4989589722203148,False,False,purK,SPN23F_RS00370,5-(carboxyamino)imidazole ribonucleotide synthase
64293,64293,logistic+PCs,1.078138317041859,0.7276258334172478,1.4817207794539837,0.1384146057048552,2.939202591091508,0.18,0.18,1.0,0.313574006936149,False,False,purK,SPN23F_RS00370,5-(carboxyamino)imidazole ribonucleotide synthase
64311,64311,logistic+PCs,-5.96080032068519,6.467287918088709,-0.9216846993951057,0.3566930638040885,0.0025778480411234586,0.09,0.09,1.0,0.49939962263689197,False,False,purK,SPN23F_RS00370,5-(carboxyamino)imidazole ribonucleotide synthase
64361,64361,logistic+PCs,-5.96080032068519,6.467287918088709,-0.9216846993951057,0.3566930638040885,0.0025778480411234586,0.09,0.09,1.0,0.49939962263689197,False,False,purK,SPN23F_RS00370,5-(carboxyamino)imidazole ribonucleotide synthase
64397,64397,logistic+PCs,0.820458248187695,0.6761996152933207,1.2133373483683483,0.22500086910333017,2.271540528397257,0.21,0.21,1.0,0.46041343707742743,False,False,purK,SPN23F_RS00370,5-(carboxyamino)imidazole ribonucleotide synthase
64404,64404,logistic+PCs,0.5331776824384121,0.679169065403458,0.7850441217043356,0.43242769997511576,1.7043395626978097,0.18,0.18,1.0,0.5731338238716763,False,False,purK,SPN23F_RS00370,5-(carboxyamino)imidazole ribonucleotide synthase
64407,64407,logistic+PCs,-5.96080032068519,6.467287918088709,-0.9216846993951057,0.3566930638040885,0.0025778480411234586,0.09,0.09,1.0,0.49939962263689197,False,False,purK,SPN23F_RS00370,5-(carboxyamino)imidazole ribonucleotide synthase
64412,64412,logistic+PCs,-2.35320039711086,1.162632890643276,-2.0240270304144348,0.042967370620535204,0.09506443091501862,0.05,0.05,1.0,0.13647279765583334,False,False,purK,SPN23F_RS00370,5-(carboxyamino)imidazole ribonucleotide synthase
64466,64466,logistic+PCs,-5.96080032068519,6.467287918088709,-0.9216846993951057,0.3566930638040885,0.0025778480411234586,0.09,0.09,1.0,0.49939962263689197,False,False,purK,SPN23F_RS00370,5-(carboxyamino)imidazole ribonucleotide synthase
64503,64503,logistic+PCs,-5.96080032068519,6.467287918088709,-0.9216846993951057,0.3566930638040885,0.0025778480411234586,0.09,0.09,1.0,0.49939962263689197,False,False,purK,SPN23F_RS00370,5-(carboxyamino)imidazole ribonucleotide synthase
64560,64560,logistic+PCs,30.448562235846268,1237884.4122500094,2.4597257978636475e-05,0.9999803742276228,16735649083820.238,0.16,0.16,1.0,0.9999999852469791,False,False,purK,SPN23F_RS00370,5-(carboxyamino)imidazole ribonucleotide synthase
64641,64641,logistic+PCs,30.448562235846268,1237884.4122500094,2.4597257978636475e-05,0.9999803742276228,16735649083820.238,0.16,0.16,1.0,0.9999999852469791,False,False,purK,SPN23F_RS00370,5-(carboxyamino)imidazole ribonucleotide synthase
64647,64647,logistic+PCs,-2.35320039711086,1.162632890643276,-2.0240270304144348,0.042967370620535204,0.09506443091501862,0.05,0.05,1.0,0.13647279765583334,False,False,purK,SPN23F_RS00370,5-(carboxyamino)imidazole ribonucleotide synthase
64677,64677,logistic+PCs,1.9109106982947812,0.9200710462520826,2.0769164577875725,0.03780927049108254,6.75924162624422,0.22,0.22,1.0,0.12284405154783976,False,False,purK,SPN23F_RS00370,5-(carboxyamino)imidazole ribonucleotide synthase
64695,64695,logistic+PCs,2.3812811992831917,1.117194981304535,2.1314821845176914,0.03304943860776097,10.818754969494522,0.3,0.3,1.0,0.11065225020592535,False,False,purK,SPN23F_RS00370,5-(carboxyamino)imidazole ribonucleotide synthase
64827,64827,logistic+PCs,2.007204322291218,1.0990610527310567,1.8262901021772322,0.06780657534878293,7.442481456166732,0.14,0.14,1.0,0.1795827991800801,False,False,purK,SPN23F_RS00370,5-(carboxyamino)imidazole ribonucleotide synthase
64897,64897,logistic+PCs,1.45845683376103,0.824252498794009,1.7694296782781322,0.07682219651705968,4.299319841362712,0.16,0.16,1.0,0.1989198320460747,False,False,purK,SPN23F_RS00370,5-(carboxyamino)imidazole ribonucleotide synthase
65001,65001,logistic+PCs,1.924688464521879,0.7412893167763115,2.5964065864214594,0.009420451730048738,6.853013376508427,0.5,0.5,1.0,0.04562821926147362,False,True,purK,SPN23F_RS00370,5-(carboxyamino)imidazole ribonucleotide synthase
65004,65004,logistic+PCs,4.982427731731632,1.992546435860485,2.500532806694646,0.012400664695181248,145.82798347760033,0.31,0.31,1.0,0.05288964410811788,False,False,purK,SPN23F_RS00370,5-(carboxyamino)imidazole ribonucleotide synthase
65040,65040,logistic+PCs,4.909988421198113,1.734256236933148,2.83117818268938,0.004637687725278544,135.63784387565016,0.42,0.42,1.0,0.028401666734844323,False,True,purK,SPN23F_RS00370,5-(carboxyamino)imidazole ribonucleotide synthase
65046,65046,logistic+PCs,1.4764758975594174,1.441199354624647,1.0244772125532613,0.30560992861902225,4.3774917369580235,0.18,0.18,1.0,0.4989589722203148,False,False,purK,SPN23F_RS00370,5-(carboxyamino)imidazole ribonucleotide synthase
65079,65079,logistic+PCs,3.0095456772822797,0.7590713706850555,3.964773002262212,7.346582443928645e-05,20.278184992006675,0.32,0.32,0.2501511322157704,0.0035548650828014718,False,True,purK,SPN23F_RS00370,5-(carboxyamino)imidazole ribonucleotide synthase
65096,65096,logistic+PCs,-3.0528686082302916,2.5044979286005016,-1.2189543354648396,0.22286152489154065,0.047223264860904744,0.18,0.18,1.0,0.4571612721431429,False,False,purK,SPN23F_RS00370,5-(carboxyamino)imidazole ribonucleotide synthase
65151,65151,logistic+PCs,30.448562235846268,1237884.4122500094,2.4597257978636475e-05,0.9999803742276228,16735649083820.238,0.16,0.16,1.0,0.9999999852469791,False,False,SPN23F_RS00375,SPN23F_RS00375,AAA family ATPase
65185,65185,logistic+PCs,2.726458112059791,0.7131447148255812,3.8231484513302743,0.00013175839748208958,15.27867571414111,0.39,0.39,0.448637343426515,0.0035548650828014718,False,True,SPN23F_RS00375,SPN23F_RS00375,AAA family ATPase
65244,65244,logistic+PCs,4.004130260877456,1.135419732066101,3.5265639197508203,0.00042098953115646135,54.82412097443925,0.29,0.29,1.0,0.007313619150957912,False,True,SPN23F_RS00375,SPN23F_RS00375,AAA family ATPase
65379,65379,logistic+PCs,29.743976530593468,334771.0549920532,8.884871044570903e-05,0.9999291089857814,8272654315424.076,0.29,0.29,1.0,0.9999999852469791,False,False,SPN23F_RS00375,SPN23F_RS00375,AAA family ATPase
65388,65388,logistic+PCs,-5.96080032068519,6.467287918088709,-0.9216846993951057,0.3566930638040885,0.0025778480411234586,0.09,0.09,1.0,0.49939962263689197,False,False,SPN23F_RS00375,SPN23F_RS00375,AAA family ATPase
65454,65454,logistic+PCs,29.743976530593468,334771.0549920532,8.884871044570903e-05,0.9999291089857814,8272654315424.076,0.29,0.29,1.0,0.9999999852469791,False,False,SPN23F_RS00375,SPN23F_RS00375,AAA family ATPase
65468,65468,logistic+PCs,4.217692576146475,1.1471304436481453,3.676733190632809,0.0002362399012726273,67.87668317781453,0.3,0.3,0.8043968638332959,0.004596553507618834,False,True,SPN23F_RS00375,SPN23F_RS00375,AAA family ATPase
65539,65539,logistic+PCs,-1.0877401921784118,1.0423360889496616,-1.0435599455013622,0.29668903272381764,0.33697713749965486,0.19,0.19,1.0,0.4989589722203148,False,False,SPN23F_RS00375,SPN23F_RS00375,AAA family ATPase
65559,65559,logistic+PCs,-5.96080032068519,6.467287918088709,-0.9216846993951057,0.3566930638040885,0.0025778480411234586,0.09,0.09,1.0,0.49939962263689197,False,False,SPN23F_RS00375,SPN23F_RS00375,AAA family ATPase
65571,65571,logistic+PCs,-5.96080032068519,6.467287918088709,-0.9216846993951057,0.3566930638040885,0.0025778480411234586,0.09,0.09,1.0,0.49939962263689197,False,False,SPN23F_RS00375,SPN23F_RS00375,AAA family ATPase
65585,65585,logistic+PCs,23.861403282248858,25614.034785007483,0.0009315753446315891,0.9992567105228023,23060874693.031628,0.25,0.25,1.0,0.9999999852469791,False,False,SPN23F_RS00375,SPN23F_RS00375,AAA family ATPase
65595,65595,logistic+PCs,-5.96080032068519,6.467287918088709,-0.9216846993951057,0.3566930638040885,0.0025778480411234586,0.09,0.09,1.0,0.49939962263689197,False,False,SPN23F_RS00375,SPN23F_RS00375,AAA family ATPase
65649,65649,logistic+PCs,1.3320519638469763,1.4958682456513777,0.8904874929455653,0.3732041811827612,3.7888099174981194,0.2,0.2,1.0,0.5167792748789353,False,False,SPN23F_RS00375,SPN23F_RS00375,AAA family ATPase
65667,65667,logistic+PCs,-5.96080032068519,6.467287918088709,-0.9216846993951057,0.3566930638040885,0.0025778480411234586,0.09,0.09,1.0,0.49939962263689197,False,False,SPN23F_RS00375,SPN23F_RS00375,AAA family ATPase
65706,65706,fisher,inf,,,0.0011868393451716574,,0.1,0.1,1.0,0.016756937417014808,False,True,SPN23F_RS00375,SPN23F_RS00375,AAA family ATPase
65721,65721,logistic+PCs,4.217692576146475,1.1471304436481453,3.676733190632809,0.0002362399012726273,67.87668317781453,0.3,0.3,0.8043968638332959,0.004596553507618834,False,True,SPN23F_RS00375,SPN23F_RS00375,AAA family ATPase
65750,65750,logistic+PCs,-5.96080032068519,6.467287918088709,-0.9216846993951057,0.3566930638040885,0.0025778480411234586,0.09,0.09,1.0,0.49939962263689197,False,False,SPN23F_RS00375,SPN23F_RS00375,AAA family ATPase
65754,65754,logistic+PCs,4.217692576146475,1.1471304436481453,3.676733190632809,0.0002362399012726273,67.87668317781453,0.3,0.3,0.8043968638332959,0.004596553507618834,False,True,SPN23F_RS00375,SPN23F_RS00375,AAA family ATPase
65774,65774,logistic+PCs,-5.96080032068519,6.467287918088709,-0.9216846993951057,0.3566930638040885,0.0025778480411234586,0.09,0.09,1.0,0.49939962263689197,False,False,SPN23F_RS00375,SPN23F_RS00375,AAA family ATPase
65775,65775,logistic+PCs,0.7425922405570867,1.5148875937497324,0.4901962651360699,0.6239950234475191,2.1013757316694854,0.14,0.14,1.0,0.7061160036021278,False,False,SPN23F_RS00375,SPN23F_RS00375,AAA family ATPase
65826,65826,fisher,inf,,,9.98125019602994e-05,,0.13,0.13,0.33986156917481947,0.0035548650828014718,False,True,SPN23F_RS00375,SPN23F_RS00375,AAA family ATPase
65845,65845,logistic+PCs,2.092088905000875,0.8822717317185517,2.3712523362000453,0.017727923269274137,8.101821435673255,0.25,0.25,1.0,0.07211897100582848,False,False,SPN23F_RS00375,SPN23F_RS00375,AAA family ATPase
65853,65853,logistic+PCs,-5.96080032068519,6.467287918088709,-0.9216846993951057,0.3566930638040885,0.0025778480411234586,0.09,0.09,1.0,0.49939962263689197,False,False,SPN23F_RS00375,SPN23F_RS00375,AAA family ATPase
65866,65866,logistic+PCs,-5.96080032068519,6.467287918088709,-0.9216846993951057,0.3566930638040885,0.0025778480411234586,0.09,0.09,1.0,0.49939962263689197,False,False,SPN23F_RS00375,SPN23F_RS00375,AAA family ATPase
65901,65901,logistic+PCs,-5.96080032068519,6.467287918088709,-0.9216846993951057,0.3566930638040885,0.0025778480411234586,0.09,0.09,1.0,0.49939962263689197,False,False,SPN23F_RS00375,SPN23F_RS00375,AAA family ATPase
65909,65909,logistic+PCs,-5.96080032068519,6.467287918088709,-0.9216846993951057,0.3566930638040885,0.0025778480411234586,0.09,0.09,1.0,0.49939962263689197,False,False,SPN23F_RS00375,SPN23F_RS00375,AAA family ATPase
65922,65922,logistic+PCs,-5.96080032068519,6.467287918088709,-0.9216846993951057,0.3566930638040885,0.0025778480411234586,0.09,0.09,1.0,0.49939962263689197,False,False,SPN23F_RS00375,SPN23F_RS00375,AAA family ATPase
65946,65946,logistic+PCs,4.217692576146475,1.1471304436481453,3.676733190632809,0.0002362399012726273,67.87668317781453,0.3,0.3,0.8043968638332959,0.004596553507618834,False,True,SPN23F_RS00375,SPN23F_RS00375,AAA family ATPase
66003,66003,logistic+PCs,-2.7346915961527554,0.7611827166451195,-3.5926874538163354,0.00032728505526470137,0.06491402375177018,0.46,0.46,1.0,0.0061231077647049895,False,True,SPN23F_RS00375,SPN23F_RS00375,AAA family ATPase
66006,66006,logistic+PCs,-2.4608922347711126,1.8865094917530623,-1.3044685147511759,0.1920738878525433,0.08535875692993937,0.25,0.25,1.0,0.407230129600193,False,False,SPN23F_RS00375,SPN23F_RS00375,AAA family ATPase
66075,66075,logistic+PCs,2.7316191906496052,0.7110080650000521,3.8418962106279415,0.00012208746330692912,15.35773399776979,0.44,0.44,0.41570781256009365,0.0035548650828014718,False,True,SPN23F_RS00375,SPN23F_RS00375,AAA family ATPase
66080,66080,logistic+PCs,0.7425922405570867,1.5148875937497324,0.4901962651360699,0.6239950234475191,2.1013757316694854,0.14,0.14,1.0,0.7061160036021278,False,False,SPN23F_RS00375,SPN23F_RS00375,AAA family ATPase
66090,66090,logistic+PCs,2.513462449065286,0.6780943065487103,3.7066561756845156,0.00021001374867640822,12.347609098456036,0.45,0.45,0.71509681424317,0.004469355089019813,False,True,SPN23F_RS00375,SPN23F_RS00375,AAA family ATPase
66132,66132,logistic+PCs,2.726458112059791,0.7131447148255812,3.8231484513302743,0.00013175839748208958,15.27867571414111,0.39,0.39,0.448637343426515,0.0035548650828014718,False,True,SPN23F_RS00375,SPN23F_RS00375,AAA family ATPase
66172,66172,logistic+PCs,3.0095456772822797,0.7590713706850555,3.964773002262212,7.346582443928645e-05,20.278184992006675,0.32,0.32,0.2501511322157704,0.0035548650828014718,False,True,SPN23F_RS00375,SPN23F_RS00375,AAA family ATPase
66189,66189,logistic+PCs,-5.96080032068519,6.467287918088709,-0.9216846993951057,0.3566930638040885,0.0025778480411234586,0.09,0.09,1.0,0.49939962263689197,False,False,SPN23F_RS00375,SPN23F_RS00375,AAA family ATPase
66215,66215,logistic+PCs,4.217692576146475,1.1471304436481453,3.676733190632809,0.0002362399012726273,67.87668317781453,0.3,0.3,0.8043968638332959,0.004596553507618834,False,True,SPN23F_RS00375,SPN23F_RS00375,AAA family ATPase
66234,66234,logistic+PCs,-5.96080032068519,6.467287918088709,-0.9216846993951057,0.3566930638040885,0.0025778480411234586,0.09,0.09,1.0,0.49939962263689197,False,False,SPN23F_RS00375,SPN23F_RS00375,AAA family ATPase
66267,66267,logistic+PCs,2.726458112059791,0.7131447148255812,3.8231484513302743,0.00013175839748208958,15.27867571414111,0.39,0.39,0.448637343426515,0.0035548650828014718,False,True,SPN23F_RS00375,SPN23F_RS00375,AAA family ATPase
66274,66274,logistic+PCs,2.726458112059791,0.7131447148255812,3.8231484513302743,0.00013175839748208958,15.27867571414111,0.39,0.39,0.448637343426515,0.0035548650828014718,False,True,SPN23F_RS00375,SPN23F_RS00375,AAA family ATPase
66325,66325,logistic+PCs,3.0095456772822797,0.7590713706850555,3.964773002262212,7.346582443928645e-05,20.278184992006675,0.32,0.32,0.2501511322157704,0.0035548650828014718,False,True,SPN23F_RS00375,SPN23F_RS00375,AAA family ATPase
66331,66331,logistic+PCs,4.217692576146475,1.1471304436481453,3.676733190632809,0.0002362399012726273,67.87668317781453,0.3,0.3,0.8043968638332959,0.004596553507618834,False,True,SPN23F_RS00375,SPN23F_RS00375,AAA family ATPase
66368,66368,logistic+PCs,4.004130260877456,1.135419732066101,3.5265639197508203,0.00042098953115646135,54.82412097443925,0.29,0.29,1.0,0.007313619150957912,False,True,SPN23F_RS00375,SPN23F_RS00375,AAA family ATPase
66369,66369,logistic+PCs,4.004130260877456,1.135419732066101,3.5265639197508203,0.00042098953115646135,54.82412097443925,0.29,0.29,1.0,0.007313619150957912,False,True,SPN23F_RS00375,SPN23F_RS00375,AAA family ATPase
66659,66659,logistic+PCs,4.004130260877456,1.135419732066101,3.5265639197508203,0.00042098953115646135,54.82412097443925,0.29,0.29,1.0,0.007313619150957912,False,True,SPN23F_RS00375,SPN23F_RS00375,AAA family ATPase
66854,66854,logistic+PCs,-1.7185018472160531,1.2395297174690578,-1.3864143981355992,0.16562040243530118,0.17933461741344922,0.05,0.05,1.0,0.3681265817790471,False,False,purB,SPN23F_RS00380,adenylosuccinate lyase
66880,66880,logistic+PCs,2.85944210884889,0.8017062905603676,3.566695362774601,0.00036151132493377706,17.451788022096906,0.32,0.32,1.0,0.00656344784890999,False,True,purB,SPN23F_RS00380,adenylosuccinate lyase
66881,66881,logistic+PCs,2.85944210884889,0.8017062905603676,3.566695362774601,0.00036151132493377706,17.451788022096906,0.32,0.32,1.0,0.00656344784890999,False,True,purB,SPN23F_RS00380,adenylosuccinate lyase
66938,66938,logistic+PCs,2.573063573018455,0.768092895479806,3.3499379933870297,0.0008082965244307606,13.10591392533212,0.36,0.36,1.0,0.012402295911693761,False,True,purB,SPN23F_RS00380,adenylosuccinate lyase
67012,67012,logistic+PCs,-0.3023638869166068,1.1353576110392716,-0.26631599064177863,0.7899958589091076,0.7390690783840723,0.17,0.17,1.0,0.8536768960918791,False,False,purB,SPN23F_RS00380,adenylosuccinate lyase
67063,67063,logistic+PCs,-1.8363319506314881,0.6537650712959502,-2.808856011520087,0.004971787761221702,0.15940104598536065,0.46,0.46,1.0,0.030015846324396977,False,True,purB,SPN23F_RS00380,adenylosuccinate lyase
67133,67133,logistic+PCs,0.844570491454319,0.6989292675723674,1.208377629381319,0.2269020406112332,2.326978142903851,0.22,0.22,1.0,0.4632837552132297,False,False,purB,SPN23F_RS00380,adenylosuccinate lyase
67591,67591,logistic+PCs,4.217692576146475,1.1471304436481453,3.676733190632809,0.0002362399012726273,67.87668317781453,0.3,0.3,0.8043968638332959,0.004596553507618834,False,True,purB,SPN23F_RS00380,adenylosuccinate lyase
67595,67595,logistic+PCs,2.877703223539691,0.7778237405470251,3.699685511676296,0.00021586679932554534,17.773404727131275,0.35,0.35,0.7350264517034819,0.004565381687599267,False,True,purB,SPN23F_RS00380,adenylosuccinate lyase
67631,67631,logistic+PCs,4.217692576146475,1.1471304436481453,3.676733190632809,0.0002362399012726273,67.87668317781453,0.3,0.3,0.8043968638332959,0.004596553507618834,False,True,purB,SPN23F_RS00380,adenylosuccinate lyase
67697,67697,logistic+PCs,3.3579105301593994,0.8943191514442934,3.7547116426350637,0.000173541153748314,28.729099534554063,0.31,0.31,0.5909076285130092,0.0037637428567707594,False,True,purB,SPN23F_RS00380,adenylosuccinate lyase
67766,67766,logistic+PCs,4.217692576146475,1.1471304436481453,3.676733190632809,0.0002362399012726273,67.87668317781453,0.3,0.3,0.8043968638332959,0.004596553507618834,False,True,purB,SPN23F_RS00380,adenylosuccinate lyase
67786,67786,logistic+PCs,-2.3672859594746845,0.7464174982120972,-3.1715306315099427,0.0015163787504720745,0.09373478135945855,0.43,0.43,1.0,0.019858729405220824,False,True,purB,SPN23F_RS00380,adenylosuccinate lyase
67796,67796,logistic+PCs,4.217692576146475,1.1471304436481453,3.676733190632809,0.0002362399012726273,67.87668317781453,0.3,0.3,0.8043968638332959,0.004596553507618834,False,True,purB,SPN23F_RS00380,adenylosuccinate lyase
67857,67857,logistic+PCs,3.393818681965408,0.8554899310206818,3.9671053496985706,7.275083983231225e-05,29.77945368226145,0.34,0.34,0.2477166096290232,0.0035548650828014718,False,True,purB,SPN23F_RS00380,adenylosuccinate lyase
68049,68049,logistic+PCs,30.448562235846268,1237884.4122500094,2.4597257978636475e-05,0.9999803742276228,16735649083820.238,0.16,0.16,1.0,0.9999999852469791,False,False,purB,SPN23F_RS00380,adenylosuccinate lyase
68140,68140,logistic+PCs,-2.8881827472456627,1.1112273149859184,-2.599092650347838,0.009347054146591144,0.05567730046019323,0.08,0.08,1.0,0.045337207078551066,False,True,purB,SPN23F_RS00380,adenylosuccinate lyase
68316,68316,logistic+PCs,-2.8881827472456627,1.1112273149859184,-2.599092650347838,0.009347054146591144,0.05567730046019323,0.08,0.08,1.0,0.045337207078551066,False,True,purB,SPN23F_RS00380,adenylosuccinate lyase
68349,68349,logistic+PCs,4.5201795362893415,1.6147574494690298,2.799293192779933,0.005121461136133418,91.85208728081706,0.28,0.28,1.0,0.030593991523744365,False,True,purB,SPN23F_RS00380,adenylosuccinate lyase
68388,68388,logistic+PCs,3.393818681965408,0.8554899310206818,3.9671053496985706,7.275083983231225e-05,29.77945368226145,0.34,0.34,0.2477166096290232,0.0035548650828014718,False,True,purB,SPN23F_RS00380,adenylosuccinate lyase
68389,68389,logistic+PCs,3.393818681965408,0.8554899310206818,3.9671053496985706,7.275083983231225e-05,29.77945368226145,0.34,0.34,0.2477166096290232,0.0035548650828014718,False,True,purB,SPN23F_RS00380,adenylosuccinate lyase
68458,68458,logistic+PCs,1.5504380081098892,0.9520896770098711,1.6284579546951798,0.10342781754151371,4.713534296756589,0.31,0.31,1.0,0.24539804428337908,False,False,purB,SPN23F_RS00380,adenylosuccinate lyase
68502,68502,logistic+PCs,3.393818681965408,0.8554899310206818,3.9671053496985706,7.275083983231225e-05,29.77945368226145,0.34,0.34,0.2477166096290232,0.0035548650828014718,False,True,purB,SPN23F_RS00380,adenylosuccinate lyase
68536,68536,logistic+PCs,3.393818681965408,0.8554899310206818,3.9671053496985706,7.275083983231225e-05,29.77945368226145,0.34,0.34,0.2477166096290232,0.0035548650828014718,False,True,purB,SPN23F_RS00380,adenylosuccinate lyase
69850,69850,logistic+PCs,-1.8254264000735072,2.6167900403835045,-0.6975822943005321,0.48543845757589266,0.1611489155684423,0.17,0.17,1.0,0.5731338238716763,False,False,strH,SPN23F_RS00385,LPXTG-anchored beta-N-acetylhexosaminidase StrH
70216,70216,logistic+PCs,1.5769773932128492,0.8145142315572743,1.9360955672902331,0.05285599734136516,4.8403033443296275,0.2,0.2,1.0,0.15884790021831277,False,False,strH,SPN23F_RS00385,LPXTG-anchored beta-N-acetylhexosaminidase StrH
70607,70607,logistic+PCs,-0.5925038766102191,1.0695295644131024,-0.5539855057072236,0.5795887653051897,0.5529410538116821,0.19,0.19,1.0,0.6641200061861537,False,False,strH,SPN23F_RS00385,LPXTG-anchored beta-N-acetylhexosaminidase StrH
70735,70735,logistic+PCs,1.4764758975594174,1.441199354624647,1.0244772125532613,0.30560992861902225,4.3774917369580235,0.18,0.18,1.0,0.4989589722203148,False,False,strH,SPN23F_RS00385,LPXTG-anchored beta-N-acetylhexosaminidase StrH
70766,70766,logistic+PCs,8.473861315535846,2.2454437525090754,3.773802530598725,0.00016077803898720313,4787.967675641131,0.45,0.45,0.5474492227514266,0.0035548650828014718,False,True,strH,SPN23F_RS00385,LPXTG-anchored beta-N-acetylhexosaminidase StrH
70896,70896,logistic+PCs,8.473861315535846,2.2454437525090754,3.773802530598725,0.00016077803898720313,4787.967675641131,0.45,0.45,0.5474492227514266,0.0035548650828014718,False,True,strH,SPN23F_RS00385,LPXTG-anchored beta-N-acetylhexosaminidase StrH
71228,71228,logistic+PCs,8.473861315535846,2.2454437525090754,3.773802530598725,0.00016077803898720313,4787.967675641131,0.45,0.45,0.5474492227514266,0.0035548650828014718,False,True,strH,SPN23F_RS00385,LPXTG-anchored beta-N-acetylhexosaminidase StrH
72157,72157,logistic+PCs,-1.8254264000735072,2.6167900403835045,-0.6975822943005321,0.48543845757589266,0.1611489155684423,0.17,0.17,1.0,0.5731338238716763,False,False,strH,SPN23F_RS00385,LPXTG-anchored beta-N-acetylhexosaminidase StrH
72745,72745,logistic+PCs,-1.8254264000735072,2.6167900403835045,-0.6975822943005321,0.48543845757589266,0.1611489155684423,0.17,0.17,1.0,0.5731338238716763,False,False,SPN23F_RS00390,SPN23F_RS00390,GntR family transcriptional regulator
72890,72890,logistic+PCs,-1.8254264000735072,2.6167900403835045,-0.6975822943005321,0.48543845757589266,0.1611489155684423,0.17,0.17,1.0,0.5731338238716763,False,False,SPN23F_RS00390,SPN23F_RS00390,GntR family transcriptional regulator
75167,75167,logistic+PCs,-1.8254264000735072,2.6167900403835045,-0.6975822943005321,0.48543845757589266,0.1611489155684423,0.17,0.17,1.0,0.5731338238716763,False,False,SPN23F_RS00395,SPN23F_RS00395,glycoside hydrolase family 35 protein
87022,87022,logistic+PCs,1.0000222634964209,0.7360501031735577,1.3586334125689534,0.17426278190055322,2.718342347590485,0.18,0.18,1.0,0.37721854569064445,False,False,SPN23F_RS13690,SPN23F_RS13690,hypothetical protein
89931,89931,logistic+PCs,2.3336730238679206,0.6689420786278781,3.4886025239355676,0.000485552576207016,10.315762072960254,0.37,0.37,1.0,0.008225405582014376,False,True,SPN23F_RS00490,SPN23F_RS00490,response regulator transcription factor
89937,89937,logistic+PCs,-2.5220358642565412,0.8439110873236179,-2.988508981739929,0.002803422604021047,0.08029596854116526,0.11,0.11,1.0,0.02256127125337857,False,True,SPN23F_RS00490,SPN23F_RS00490,response regulator transcription factor
90023,90023,logistic+PCs,-1.0097452556260471,1.003633773023373,-1.0060893552677723,0.3143725887299095,0.3643117741263996,0.49,0.49,1.0,0.4989589722203148,False,False,SPN23F_RS00490,SPN23F_RS00490,response regulator transcription factor
90102,90102,logistic+PCs,-2.5220358642565412,0.8439110873236179,-2.988508981739929,0.002803422604021047,0.08029596854116526,0.11,0.11,1.0,0.02256127125337857,False,True,SPN23F_RS00490,SPN23F_RS00490,response regulator transcription factor
90120,90120,logistic+PCs,-1.4467307077916367,1.4971023898297744,-0.9663538830875388,0.3338671320754629,0.23533842185166262,0.16,0.16,1.0,0.4989589722203148,False,False,SPN23F_RS00490,SPN23F_RS00490,response regulator transcription factor
90239,90239,logistic+PCs,0.6782797487259096,1.6533370219953465,0.4102489327356384,0.6816233489396926,1.970485085485767,0.16,0.16,1.0,0.7619591277543182,False,False,SPN23F_RS00490,SPN23F_RS00490,response regulator transcription factor
90343,90343,logistic+PCs,1.57182538160055,0.8329991840897495,1.8869470842497218,0.05916744328251935,4.815430173742261,0.18,0.18,1.0,0.16500011824486352,False,False,SPN23F_RS00490,SPN23F_RS00490,response regulator transcription factor
90579,90579,logistic+PCs,30.448562235846268,1237884.4122500094,2.4597257978636475e-05,0.9999803742276228,16735649083820.238,0.16,0.16,1.0,0.9999999852469791,False,False,SPN23F_RS00490,SPN23F_RS00490,response regulator transcription factor
92868,92868,logistic+PCs,11.741987811396758,4.022628019978928,2.9189842443990797,0.003511739725195489,125742.04322366399,0.14,0.14,1.0,0.02256127125337857,False,True,SPN23F_RS12785,SPN23F_RS12785,IS630 family transposase
92978,92978,logistic+PCs,1.709332331149185,1.7415089391981453,0.9815237192731404,0.3263345434737287,5.525271194348724,0.31,0.31,1.0,0.4989589722203148,False,False,SPN23F_RS12785,SPN23F_RS12785,IS630 family transposase
93406,93406,logistic+PCs,8.473861315535846,2.2454437525090754,3.773802530598725,0.00016077803898720313,4787.967675641131,0.45,0.45,0.5474492227514266,0.0035548650828014718,False,True,SPN23F_RS00510,SPN23F_RS00510,hypothetical protein
93799,93799,logistic+PCs,8.473861315535846,2.2454437525090754,3.773802530598725,0.00016077803898720313,4787.967675641131,0.45,0.45,0.5474492227514266,0.0035548650828014718,False,True,SPN23F_RS00510,SPN23F_RS00510,hypothetical protein
94344,94344,logistic+PCs,8.473861315535846,2.2454437525090754,3.773802530598725,0.00016077803898720313,4787.967675641131,0.45,0.45,0.5474492227514266,0.0035548650828014718,False,True,SPN23F_RS00515,SPN23F_RS00515,hypothetical protein
95364,95364,logistic+PCs,8.473861315535846,2.2454437525090754,3.773802530598725,0.00016077803898720313,4787.967675641131,0.45,0.45,0.5474492227514266,0.0035548650828014718,False,True,SPN23F_RS00525,SPN23F_RS00525,carbohydrate ABC transporter permease
95531,95531,logistic+PCs,8.473861315535846,2.2454437525090754,3.773802530598725,0.00016077803898720313,4787.967675641131,0.45,0.45,0.5474492227514266,0.0035548650828014718,False,True,SPN23F_RS00525,SPN23F_RS00525,carbohydrate ABC transporter permease
95767,95767,logistic+PCs,8.473861315535846,2.2454437525090754,3.773802530598725,0.00016077803898720313,4787.967675641131,0.45,0.45,0.5474492227514266,0.0035548650828014718,False,True,SPN23F_RS00525,SPN23F_RS00525,carbohydrate ABC transporter permease
96156,96156,logistic+PCs,1.709332331149185,1.7415089391981453,0.9815237192731404,0.3263345434737287,5.525271194348724,0.31,0.31,1.0,0.4989589722203148,False,False,SPN23F_RS00525,SPN23F_RS00525,carbohydrate ABC transporter permease
97293,97293,logistic+PCs,1.4764758975594174,1.441199354624647,1.0244772125532613,0.30560992861902225,4.3774917369580235,0.18,0.18,1.0,0.4989589722203148,False,False,trhO,SPN23F_RS00535,oxygen-dependent tRNA uridine(34) hydroxylase TrhO
97792,97792,logistic+PCs,8.473861315535846,2.2454437525090754,3.773802530598725,0.00016077803898720313,4787.967675641131,0.45,0.45,0.5474492227514266,0.0035548650828014718,False,True,trhO,SPN23F_RS00535,oxygen-dependent tRNA uridine(34) hydroxylase TrhO
97957,97957,logistic+PCs,-20.152320752488563,9110.659967294305,-0.002211949609010973,0.9982351209968731,1.7699390030846823e-09,0.14,0.14,1.0,0.9999999852469791,False,False,trhO,SPN23F_RS00535,oxygen-dependent tRNA uridine(34) hydroxylase TrhO
98504,98504,logistic+PCs,8.473861315535846,2.2454437525090754,3.773802530598725,0.00016077803898720313,4787.967675641131,0.45,0.45,0.5474492227514266,0.0035548650828014718,False,True,SPN23F_RS14055,SPN23F_RS14055,hypothetical protein
98651,98651,logistic+PCs,-1.8254264000735072,2.6167900403835045,-0.6975822943005321,0.48543845757589266,0.1611489155684423,0.17,0.17,1.0,0.5731338238716763,False,False,SPN23F_RS14055,SPN23F_RS14055,hypothetical protein
100265,100265,logistic+PCs,-1.8254264000735072,2.6167900403835045,-0.6975822943005321,0.48543845757589266,0.1611489155684423,0.17,0.17,1.0,0.5731338238716763,False,False,SPN23F_RS00540,SPN23F_RS00540,DUF4299 family protein
100330,100330,logistic+PCs,-1.0365573065389864,1.0435441700466184,-0.9933046787015064,0.3205614981735989,0.3546736150837603,0.18,0.18,1.0,0.4989589722203148,False,False,SPN23F_RS00540,SPN23F_RS00540,DUF4299 family protein
100649,100649,logistic+PCs,8.473861315535846,2.2454437525090754,3.773802530598725,0.00016077803898720313,4787.967675641131,0.45,0.45,0.5474492227514266,0.0035548650828014718,False,True,SPN23F_RS00545,SPN23F_RS00545,DUF6574 domain-containing protein
102185,102185,logistic+PCs,1.57182538160055,0.8329991840897495,1.8869470842497218,0.05916744328251935,4.815430173742261,0.18,0.18,1.0,0.16500011824486352,False,False,SPN23F_RS00555,SPN23F_RS00555,DUF1700 domain-containing protein
102277,102277,logistic+PCs,1.57182538160055,0.8329991840897495,1.8869470842497218,0.05916744328251935,4.815430173742261,0.18,0.18,1.0,0.16500011824486352,False,False,SPN23F_RS00555,SPN23F_RS00555,DUF1700 domain-containing protein
102372,102372,logistic+PCs,1.57182538160055,0.8329991840897495,1.8869470842497218,0.05916744328251935,4.815430173742261,0.18,0.18,1.0,0.16500011824486352,False,False,SPN23F_RS00555,SPN23F_RS00555,DUF1700 domain-containing protein
102417,102417,logistic+PCs,-0.5675454223426667,0.5485603089005808,-1.0346089812442603,0.30085155795609264,0.5669152698324403,0.4,0.4,1.0,0.4989589722203148,False,False,SPN23F_RS00555,SPN23F_RS00555,DUF1700 domain-containing protein
102549,102549,logistic+PCs,-1.8254264000735072,2.6167900403835045,-0.6975822943005321,0.48543845757589266,0.1611489155684423,0.17,0.17,1.0,0.5731338238716763,False,False,SPN23F_RS00560,SPN23F_RS00560,PadR family transcriptional regulator
102610,102610,logistic+PCs,-3.0556296955181392,1.0580671599870866,-2.8879354837507973,0.003877794011017638,0.04709305714476253,0.37,0.37,1.0,0.02454254388013951,False,True,SPN23F_RS00560,SPN23F_RS00560,PadR family transcriptional regulator
102856,102856,logistic+PCs,-0.3406404727012193,2.045890636436241,-0.16649984443674104,0.8677636055840456,0.7113145992561531,0.15,0.15,1.0,0.9144955360611808,False,False,SPN23F_RS00560,SPN23F_RS00560,PadR family transcriptional regulator
102937,102937,logistic+PCs,-2.9560508917060373,0.8400621981192613,-3.518847650000286,0.00043342552829827576,0.052023960290577126,0.14,0.14,1.0,0.0074161503711338145,False,True,SPN23F_RS00560,SPN23F_RS00560,PadR family transcriptional regulator
103033,103033,logistic+PCs,0.24844357814298595,0.611043387742956,0.4065890951879464,0.6843098077458396,1.282028485900731,0.22,0.22,1.0,0.7647111569985506,False,False,SPN23F_RS00560,SPN23F_RS00560,PadR family transcriptional regulator
103282,103282,logistic+PCs,8.026631575832115,2.7780850785050495,2.8892677326323737,0.0038614015219420933,3061.412151254953,0.32,0.32,1.0,0.024484305739688694,False,True,SPN23F_RS00560,SPN23F_RS00560,PadR family transcriptional regulator
103318,103318,logistic+PCs,2.204816503718616,0.7318341301277702,3.0127270824793033,0.0025891164670423126,9.068587363114851,0.37,0.37,1.0,0.02256127125337857,False,True,SPN23F_RS00560,SPN23F_RS00560,PadR family transcriptional regulator
103836,103836,logistic+PCs,-6.142452933485942,6.607494765637623,-0.9296190388874559,0.3525683662737379,0.0021496442116584404,0.07,0.07,1.0,0.4989589722203148,False,False,SPN23F_RS00565,SPN23F_RS00565,CynX/NimT family MFS transporter
103874,103874,logistic+PCs,-0.23315282445087643,0.7093044245581225,-0.3287062879892852,0.7423777010874878,0.7920325223394564,0.28,0.28,1.0,0.8081189489139693,False,False,SPN23F_RS00565,SPN23F_RS00565,CynX/NimT family MFS transporter
103879,103879,logistic+PCs,1.934707133422967,1.5026597502103307,1.2875217647588961,0.1979124884998974,6.922016531208077,0.16,0.16,1.0,0.4182769670183403,False,False,SPN23F_RS00565,SPN23F_RS00565,CynX/NimT family MFS transporter
104091,104091,logistic+PCs,-0.05689834804987932,0.8483744372989166,-0.06706749466784291,0.9465279711073848,0.9446900940762137,0.33,0.33,1.0,0.9823004393845307,False,False,SPN23F_RS00565,SPN23F_RS00565,CynX/NimT family MFS transporter
104262,104262,logistic+PCs,-1.324378925374938,0.7974477646353938,-1.6607720080329849,0.09675924505301967,0.2659680938372759,0.15,0.15,1.0,0.23283761795443955,False,False,SPN23F_RS00565,SPN23F_RS00565,CynX/NimT family MFS transporter
104307,104307,logistic+PCs,-1.1760158318691407,0.7533838525300375,-1.5609782820799878,0.11852887521395385,0.3085054308100916,0.1,0.1,1.0,0.2764320685640499,False,False,SPN23F_RS00565,SPN23F_RS00565,CynX/NimT family MFS transporter
104313,104313,logistic+PCs,-0.3683718905389458,0.753629436614967,-0.48879710988140296,0.6249853443413168,0.6918598377118796,0.3,0.3,1.0,0.7070016935156757,False,False,SPN23F_RS00565,SPN23F_RS00565,CynX/NimT family MFS transporter
104445,104445,logistic+PCs,12.361963252012185,4.095511826450436,3.0184171785742953,0.0025409884566501392,233739.66961459556,0.15,0.15,1.0,0.02256127125337857,False,True,SPN23F_RS00570,SPN23F_RS00570,glycosyltransferase family 2 protein
104558,104558,logistic+PCs,3.3799865909785947,0.8526263155564804,3.9642062757265375,7.364055619289909e-05,29.370377282631335,0.34,0.34,0.2507460938368214,0.0035548650828014718,False,True,SPN23F_RS00570,SPN23F_RS00570,glycosyltransferase family 2 protein
104580,104580,logistic+PCs,-1.0059258292934004,0.9514619534068158,-1.0572423055820261,0.29040101666520657,0.3657058967894062,0.05,0.05,1.0,0.4989589722203148,False,False,SPN23F_RS00570,SPN23F_RS00570,glycosyltransferase family 2 protein
104988,104988,logistic+PCs,30.448562235846268,1237884.4122500094,2.4597257978636475e-05,0.9999803742276228,16735649083820.238,0.16,0.16,1.0,0.9999999852469791,False,False,SPN23F_RS00570,SPN23F_RS00570,glycosyltransferase family 2 protein
105066,105066,logistic+PCs,-2.94639395192626,0.8970144894253163,-3.284667066876372,0.0010210294459123052,0.05252878615551282,0.34,0.34,1.0,0.014985367514359482,False,True,SPN23F_RS00570,SPN23F_RS00570,glycosyltransferase family 2 protein
105075,105075,logistic+PCs,-0.3406404727012193,2.045890636436241,-0.16649984443674104,0.8677636055840456,0.7113145992561531,0.15,0.15,1.0,0.9144955360611808,False,False,SPN23F_RS00570,SPN23F_RS00570,glycosyltransferase family 2 protein
105536,105536,logistic+PCs,1.349312348068413,1.3904848893730704,0.9703897959486487,0.33185223300072386,3.85477387639193,0.1,0.1,1.0,0.4989589722203148,False,False,SPN23F_RS00570,SPN23F_RS00570,glycosyltransferase family 2 protein
105715,105715,logistic+PCs,1.349312348068413,1.3904848893730704,0.9703897959486487,0.33185223300072386,3.85477387639193,0.1,0.1,1.0,0.4989589722203148,False,False,SPN23F_RS00575,SPN23F_RS00575,polysaccharide biosynthesis protein
105830,105830,logistic+PCs,1.2635952928847347,1.120658379004316,1.1275472673549414,0.25951116765972093,3.5381192225153035,0.34,0.34,1.0,0.4989589722203148,False,False,SPN23F_RS00575,SPN23F_RS00575,polysaccharide biosynthesis protein
105966,105966,logistic+PCs,4.982427731731632,1.992546435860485,2.500532806694646,0.012400664695181248,145.82798347760033,0.31,0.31,1.0,0.05288964410811788,False,False,SPN23F_RS00575,SPN23F_RS00575,polysaccharide biosynthesis protein
106179,106179,logistic+PCs,-1.8254264000735072,2.6167900403835045,-0.6975822943005321,0.48543845757589266,0.1611489155684423,0.17,0.17,1.0,0.5731338238716763,False,False,SPN23F_RS00575,SPN23F_RS00575,polysaccharide biosynthesis protein
106217,106217,logistic+PCs,2.4730629503906427,1.4461019602053093,1.7101580790607125,0.08723664529279342,11.858713933631634,0.32,0.32,1.0,0.2129324567899366,False,False,SPN23F_RS00575,SPN23F_RS00575,polysaccharide biosynthesis protein
106266,106266,logistic+PCs,-0.3406404727012193,2.045890636436241,-0.16649984443674104,0.8677636055840456,0.7113145992561531,0.15,0.15,1.0,0.9144955360611808,False,False,SPN23F_RS00575,SPN23F_RS00575,polysaccharide biosynthesis protein
106344,106344,logistic+PCs,-1.8254264000735072,2.6167900403835045,-0.6975822943005321,0.48543845757589266,0.1611489155684423,0.17,0.17,1.0,0.5731338238716763,False,False,SPN23F_RS00575,SPN23F_RS00575,polysaccharide biosynthesis protein
106395,106395,logistic+PCs,0.27089534143009897,1.0209035519152836,0.26534861292418965,0.790740918521349,1.311137841392195,0.31,0.31,1.0,0.8542109224508861,False,False,SPN23F_RS00575,SPN23F_RS00575,polysaccharide biosynthesis protein
106674,106674,logistic+PCs,0.4984593329395565,0.9663628143058992,0.5158097202835566,0.6059873129334942,1.6461830958897326,0.35,0.35,1.0,0.6877956001795159,False,False,SPN23F_RS00575,SPN23F_RS00575,polysaccharide biosynthesis protein
106684,106684,logistic+PCs,0.19602418776888944,1.1545356388855605,0.16978617304365404,0.8651783013552172,1.2165563307618166,0.11,0.11,1.0,0.9144955360611808,False,False,SPN23F_RS00575,SPN23F_RS00575,polysaccharide biosynthesis protein
106716,106716,logistic+PCs,0.19602418776888944,1.1545356388855605,0.16978617304365404,0.8651783013552172,1.2165563307618166,0.11,0.11,1.0,0.9144955360611808,False,False,SPN23F_RS00575,SPN23F_RS00575,polysaccharide biosynthesis protein
107399,107399,logistic+PCs,2.834082120062283,1.7446680052997237,1.6244248828162609,0.10428516008165918,17.014775609521305,0.28,0.28,1.0,0.24539804428337908,False,False,SPN23F_RS00580,SPN23F_RS00580,ISL3-like element IS1167A family transposase
107550,107550,logistic+PCs,11.741987811396758,4.022628019978928,2.9189842443990797,0.003511739725195489,125742.04322366399,0.14,0.14,1.0,0.02256127125337857,False,True,SPN23F_RS00580,SPN23F_RS00580,ISL3-like element IS1167A family transposase
107691,107691,logistic+PCs,11.741987811396758,4.022628019978928,2.9189842443990797,0.003511739725195489,125742.04322366399,0.14,0.14,1.0,0.02256127125337857,False,True,SPN23F_RS00580,SPN23F_RS00580,ISL3-like element IS1167A family transposase
107774,107774,logistic+PCs,-1.8254264000735072,2.6167900403835045,-0.6975822943005321,0.48543845757589266,0.1611489155684423,0.17,0.17,1.0,0.5731338238716763,False,False,SPN23F_RS00580,SPN23F_RS00580,ISL3-like element IS1167A family transposase
108054,108054,logistic+PCs,-2.697944213241928,2.103307380260106,-1.2827151364382536,0.1995918949441553,0.06734381505423451,0.18,0.18,1.0,0.4187371548273868,False,False,SPN23F_RS00580,SPN23F_RS00580,ISL3-like element IS1167A family transposase
108117,108117,logistic+PCs,-2.102978293154755,1.067614743180711,-1.9697913564676128,0.048862287605098,0.12209225968053178,0.22,0.22,1.0,0.14921622358328132,False,False,SPN23F_RS00580,SPN23F_RS00580,ISL3-like element IS1167A family transposase
108120,108120,logistic+PCs,-2.102978293154755,1.067614743180711,-1.9697913564676128,0.048862287605098,0.12209225968053178,0.22,0.22,1.0,0.14921622358328132,False,False,SPN23F_RS00580,SPN23F_RS00580,ISL3-like element IS1167A family transposase
108225,108225,logistic+PCs,-0.3406404727012193,2.045890636436241,-0.16649984443674104,0.8677636055840456,0.7113145992561531,0.15,0.15,1.0,0.9144955360611808,False,False,SPN23F_RS00580,SPN23F_RS00580,ISL3-like element IS1167A family transposase
108360,108360,logistic+PCs,0.4003701729153542,0.9380510971311284,0.4268106227260104,0.6695172686523077,1.4923770329622745,0.35,0.35,1.0,0.7528752641218981,False,False,SPN23F_RS00580,SPN23F_RS00580,ISL3-like element IS1167A family transposase
108374,108374,logistic+PCs,-1.1972787301593255,1.082828551381791,-1.1056955679931835,0.26885830898017204,0.3020149588677426,0.19,0.19,1.0,0.4989589722203148,False,False,SPN23F_RS00580,SPN23F_RS00580,ISL3-like element IS1167A family transposase
108588,108588,logistic+PCs,-2.697944213241928,2.103307380260106,-1.2827151364382536,0.1995918949441553,0.06734381505423451,0.18,0.18,1.0,0.4187371548273868,False,False,SPN23F_RS13190,SPN23F_RS13190,hypothetical protein
108621,108621,logistic+PCs,-2.697944213241928,2.103307380260106,-1.2827151364382536,0.1995918949441553,0.06734381505423451,0.18,0.18,1.0,0.4187371548273868,False,False,SPN23F_RS13190,SPN23F_RS13190,hypothetical protein
108674,108674,logistic+PCs,-6.142452933485942,6.607494765637623,-0.9296190388874559,0.3525683662737379,0.0021496442116584404,0.07,0.07,1.0,0.4989589722203148,False,False,SPN23F_RS13190,SPN23F_RS13190,hypothetical protein
108750,108750,logistic+PCs,-2.697944213241928,2.103307380260106,-1.2827151364382536,0.1995918949441553,0.06734381505423451,0.18,0.18,1.0,0.4187371548273868,False,False,SPN23F_RS13190,SPN23F_RS13190,hypothetical protein
108808,108808,logistic+PCs,1.0000222634964209,0.7360501031735577,1.3586334125689534,0.17426278190055322,2.718342347590485,0.18,0.18,1.0,0.37721854569064445,False,False,SPN23F_RS13190,SPN23F_RS13190,hypothetical protein
108921,108921,logistic+PCs,-1.4394892962392287,0.6485857317240751,-2.2194279427220334,0.026457624401789864,0.23704878948232366,0.24,0.24,1.0,0.09472998011366401,False,False,SPN23F_RS13190,SPN23F_RS13190,hypothetical protein
109042,109042,logistic+PCs,1.1862299087363892,2.2175642713556,0.5349247027736631,0.592701925754926,3.274711942520049,0.15,0.15,1.0,0.6742900291331516,False,False,SPN23F_RS13190,SPN23F_RS13190,hypothetical protein
109119,109119,logistic+PCs,1.0515705824314503,0.8337344810301107,1.2612775486173904,0.20720886723895104,2.86214282107601,0.1,0.1,1.0,0.43285042512185784,False,False,SPN23F_RS13190,SPN23F_RS13190,hypothetical protein
109222,109222,logistic+PCs,0.37498652909168145,0.7424288475783656,0.5050807633819758,0.613502111863052,1.4549718146942654,0.49,0.49,1.0,0.6958609896381387,False,False,SPN23F_RS00590,SPN23F_RS00590,HAD family hydrolase
109414,109414,logistic+PCs,-2.8881827472456627,1.1112273149859184,-2.599092650347838,0.009347054146591144,0.05567730046019323,0.08,0.08,1.0,0.045337207078551066,False,True,SPN23F_RS00590,SPN23F_RS00590,HAD family hydrolase
109436,109436,logistic+PCs,-0.9061118325980858,0.7092420936381597,-1.2775776293113883,0.20139839253156167,0.404092352196848,0.4,0.4,1.0,0.42200709327382613,False,False,SPN23F_RS00590,SPN23F_RS00590,HAD family hydrolase
109626,109626,logistic+PCs,-0.3406404727012193,2.045890636436241,-0.16649984443674104,0.8677636055840456,0.7113145992561531,0.15,0.15,1.0,0.9144955360611808,False,False,SPN23F_RS00590,SPN23F_RS00590,HAD family hydrolase
109711,109711,logistic+PCs,-1.8721685784902617,0.8645924575071189,-2.165376949838643,0.030358829783242367,0.15378979469664528,0.08,0.08,1.0,0.1062403036093939,False,False,SPN23F_RS00590,SPN23F_RS00590,HAD family hydrolase
109753,109753,logistic+PCs,-3.1041469793838217,0.8433850708735496,-3.6805808954723984,0.000232703216929501,0.04486277111049608,0.16,0.16,0.7923544536449509,0.004596553507618834,False,True,SPN23F_RS00590,SPN23F_RS00590,HAD family hydrolase
109773,109773,logistic+PCs,-2.8881827472456627,1.1112273149859184,-2.599092650347838,0.009347054146591144,0.05567730046019323,0.08,0.08,1.0,0.045337207078551066,False,True,SPN23F_RS00590,SPN23F_RS00590,HAD family hydrolase
109889,109889,logistic+PCs,-1.3552574131493484,0.6544106282410769,-2.0709587446524296,0.038362651598136996,0.2578809039716528,0.43,0.43,1.0,0.12452319227040655,False,False,SPN23F_RS00590,SPN23F_RS00590,HAD family hydrolase
110008,110008,logistic+PCs,-0.9720369456146597,0.757204078002979,-1.2837185824174016,0.1992404400937421,0.3783116524733464,0.47,0.47,1.0,0.4187371548273868,False,False,SPN23F_RS00590,SPN23F_RS00590,HAD family hydrolase
110071,110071,logistic+PCs,2.273060009817007,1.6256440105911103,1.3982520127456968,0.1620374026070487,9.709065239155336,0.3,0.3,1.0,0.362508118184626,False,False,sdaAA,SPN23F_RS00595,L-serine ammonia-lyase%2C iron-sulfur-dependent%2C subunit alpha
110134,110134,logistic+PCs,3.1541765392750376,0.8349627914979557,3.7776252683264153,0.00015833087176192465,23.43373238592939,0.33,0.33,0.5391166183493534,0.0035548650828014718,False,True,sdaAA,SPN23F_RS00595,L-serine ammonia-lyase%2C iron-sulfur-dependent%2C subunit alpha
110185,110185,logistic+PCs,-2.1474235003693725,0.8814071483736969,-2.436358162435634,0.014835986532850709,0.11678466612656471,0.22,0.22,1.0,0.06175615421070496,False,False,sdaAA,SPN23F_RS00595,L-serine ammonia-lyase%2C iron-sulfur-dependent%2C subunit alpha
110231,110231,logistic+PCs,-0.6642290411004407,0.7257098636347408,-0.9152818149303201,0.36004370329296387,0.5146701643352486,0.31,0.31,1.0,0.5036765857487847,False,False,sdaAA,SPN23F_RS00595,L-serine ammonia-lyase%2C iron-sulfur-dependent%2C subunit alpha
110658,110658,logistic+PCs,-0.7012236311727748,0.7614409439087522,-0.9209166341556837,0.35709395331724036,0.49597803814410685,0.42,0.42,1.0,0.49975540938972607,False,False,sdaAA,SPN23F_RS00595,L-serine ammonia-lyase%2C iron-sulfur-dependent%2C subunit alpha
110700,110700,logistic+PCs,11.741987811396758,4.022628019978928,2.9189842443990797,0.003511739725195489,125742.04322366399,0.14,0.14,1.0,0.02256127125337857,False,True,sdaAA,SPN23F_RS00595,L-serine ammonia-lyase%2C iron-sulfur-dependent%2C subunit alpha
110716,110716,logistic+PCs,8.473861315535846,2.2454437525090754,3.773802530598725,0.00016077803898720313,4787.967675641131,0.45,0.45,0.5474492227514266,0.0035548650828014718,False,True,sdaAA,SPN23F_RS00595,L-serine ammonia-lyase%2C iron-sulfur-dependent%2C subunit alpha
110723,110723,logistic+PCs,8.473861315535846,2.2454437525090754,3.773802530598725,0.00016077803898720313,4787.967675641131,0.45,0.45,0.5474492227514266,0.0035548650828014718,False,True,sdaAA,SPN23F_RS00595,L-serine ammonia-lyase%2C iron-sulfur-dependent%2C subunit alpha
110778,110778,logistic+PCs,0.3387436251540236,1.0060266522179184,0.3367143647807129,0.7363322335630891,1.4031835581259262,0.06,0.06,1.0,0.8020509453878177,False,False,sdaAA,SPN23F_RS00595,L-serine ammonia-lyase%2C iron-sulfur-dependent%2C subunit alpha
110786,110786,logistic+PCs,3.393818681965408,0.8554899310206818,3.9671053496985706,7.275083983231225e-05,29.77945368226145,0.34,0.34,0.2477166096290232,0.0035548650828014718,False,True,sdaAA,SPN23F_RS00595,L-serine ammonia-lyase%2C iron-sulfur-dependent%2C subunit alpha
110852,110852,logistic+PCs,-0.4017705261344692,0.835166775008639,-0.48106622312688774,0.6304694331411596,0.6691342769030527,0.17,0.17,1.0,0.7127318790988209,False,False,sdaAA,SPN23F_RS00595,L-serine ammonia-lyase%2C iron-sulfur-dependent%2C subunit alpha
110861,110861,logistic+PCs,2.573063573018455,0.768092895479806,3.3499379933870297,0.0008082965244307606,13.10591392533212,0.36,0.36,1.0,0.012402295911693761,False,True,sdaAA,SPN23F_RS00595,L-serine ammonia-lyase%2C iron-sulfur-dependent%2C subunit alpha
110912,110912,logistic+PCs,2.5863360691446178,1.2007695825869764,2.1538987218284897,0.03124811523189249,13.281021604572274,0.06,0.06,1.0,0.10672568205773438,False,False,sdaAA,SPN23F_RS00595,L-serine ammonia-lyase%2C iron-sulfur-dependent%2C subunit alpha
111030,111030,logistic+PCs,3.137661694835786,1.0770397516401762,2.9132273809370357,0.0035771402655870436,23.04990608050295,0.48,0.48,1.0,0.02285208743775588,False,True,sdaAB,SPN23F_RS00600,L-serine ammonia-lyase%2C iron-sulfur-dependent subunit beta
111035,111035,logistic+PCs,30.448562235846268,1237884.4122500094,2.4597257978636475e-05,0.9999803742276228,16735649083820.238,0.16,0.16,1.0,0.9999999852469791,False,False,sdaAB,SPN23F_RS00600,L-serine ammonia-lyase%2C iron-sulfur-dependent subunit beta
111093,111093,logistic+PCs,4.982427731731632,1.992546435860485,2.500532806694646,0.012400664695181248,145.82798347760033,0.31,0.31,1.0,0.05288964410811788,False,False,sdaAB,SPN23F_RS00600,L-serine ammonia-lyase%2C iron-sulfur-dependent subunit beta
111127,111127,logistic+PCs,8.460966266194376,2.26164684010774,3.7410643059511948,0.0001832426237896787,4726.6229677782985,0.43,0.43,0.623941134003856,0.003924158075495949,False,True,sdaAB,SPN23F_RS00600,L-serine ammonia-lyase%2C iron-sulfur-dependent subunit beta
111167,111167,logistic+PCs,1.093072766920292,0.5917996666526253,1.8470317381268553,0.06474254057770018,2.983427379332198,0.47,0.47,1.0,0.17525478918198242,False,False,sdaAB,SPN23F_RS00600,L-serine ammonia-lyase%2C iron-sulfur-dependent subunit beta
111218,111218,logistic+PCs,-0.8019588704370826,1.4516471488523743,-0.5524475221620389,0.5806417792705374,0.44844964840683627,0.16,0.16,1.0,0.6641200061861537,False,False,sdaAB,SPN23F_RS00600,L-serine ammonia-lyase%2C iron-sulfur-dependent subunit beta
111329,111329,logistic+PCs,-6.142452933485942,6.607494765637623,-0.9296190388874559,0.3525683662737379,0.0021496442116584404,0.07,0.07,1.0,0.4989589722203148,False,False,sdaAB,SPN23F_RS00600,L-serine ammonia-lyase%2C iron-sulfur-dependent subunit beta
111410,111410,logistic+PCs,30.448562235846268,1237884.4122500094,2.4597257978636475e-05,0.9999803742276228,16735649083820.238,0.16,0.16,1.0,0.9999999852469791,False,False,sdaAB,SPN23F_RS00600,L-serine ammonia-lyase%2C iron-sulfur-dependent subunit beta
111452,111452,logistic+PCs,-0.6088200743120147,1.640523794079561,-0.37111322402586777,0.710553201891164,0.5439923611045473,0.22,0.22,1.0,0.7799592690004556,False,False,sdaAB,SPN23F_RS00600,L-serine ammonia-lyase%2C iron-sulfur-dependent subunit beta
111494,111494,logistic+PCs,11.741987811396758,4.022628019978928,2.9189842443990797,0.003511739725195489,125742.04322366399,0.14,0.14,1.0,0.02256127125337857,False,True,sdaAB,SPN23F_RS00600,L-serine ammonia-lyase%2C iron-sulfur-dependent subunit beta
111501,111501,logistic+PCs,6.488807459764871,3.0504385693892786,2.1271719827041067,0.033405796120060144,657.7385156829587,0.2,0.2,1.0,0.11173549684558426,False,False,sdaAB,SPN23F_RS00600,L-serine ammonia-lyase%2C iron-sulfur-dependent subunit beta
111653,111653,logistic+PCs,0.14432347221145284,0.5311434110788179,0.2717222301945044,0.7858356069644948,1.155257741868214,0.33,0.33,1.0,0.8497206229641489,False,False,apf,SPN23F_RS00605,aggregation-promoting factor
111716,111716,logistic+PCs,0.30941652237961714,0.9852448270829345,0.3140503901915656,0.7534827675031455,1.3626298181322853,0.21,0.21,1.0,0.818637148483794,False,False,apf,SPN23F_RS00605,aggregation-promoting factor
111782,111782,logistic+PCs,-0.45825138410567084,0.5812184994302199,-0.7884322067430818,0.43044393831225614,0.6323884838106807,0.28,0.28,1.0,0.5731338238716763,False,False,apf,SPN23F_RS00605,aggregation-promoting factor
111911,111911,logistic+PCs,0.4360811360526016,0.5868470836530812,0.7430915960901222,0.457426227271,1.5466342774588142,0.49,0.49,1.0,0.5731338238716763,False,False,apf,SPN23F_RS00605,aggregation-promoting factor
112220,112220,logistic+PCs,1.0065498839258593,0.7349645468674625,1.3695216840267157,0.17083626139306907,2.73614469490296,0.18,0.18,1.0,0.37721854569064445,False,False,apf,SPN23F_RS00605,aggregation-promoting factor
112364,112364,logistic+PCs,0.3745507513971289,0.5546124177256914,0.6753378385090179,0.4994611490030869,1.4543379085623271,0.27,0.27,1.0,0.5878552410492606,False,False,SPN23F_RS00610,SPN23F_RS00610,hypothetical protein
112406,112406,logistic+PCs,-0.5082473536302056,0.580243681332175,-0.8759205312901058,0.38107323716100294,0.6015489580395434,0.27,0.27,1.0,0.5263912261798033,False,False,SPN23F_RS00610,SPN23F_RS00610,hypothetical protein
112409,112409,logistic+PCs,-0.5875600150772903,0.5475193215172671,-1.0731311060385298,0.28321229622941235,0.5556814863954672,0.43,0.43,1.0,0.4989589722203148,False,False,SPN23F_RS00610,SPN23F_RS00610,hypothetical protein
112788,112788,logistic+PCs,-1.3110733352199995,0.59411847439562,-2.2067540258762652,0.02733124855333333,0.2695306043824098,0.49,0.49,1.0,0.0971429032610647,False,False,SPN23F_RS00615,SPN23F_RS00615,lactococcin 972 family bacteriocin
112922,112922,logistic+PCs,-1.055808014444694,0.5983408392949039,-1.764559503725131,0.07763782654936051,0.34791119643000723,0.44,0.44,1.0,0.20048966985381894,False,False,SPN23F_RS00615,SPN23F_RS00615,lactococcin 972 family bacteriocin
113171,113171,logistic+PCs,-2.8175224965605965,0.8418676786318016,-3.3467521892984626,0.0008176426841855784,0.05975379971950661,0.27,0.27,1.0,0.01248463381009818,False,True,SPN23F_RS00615,SPN23F_RS00615,lactococcin 972 family bacteriocin
113297,113297,logistic+PCs,0.20524320424160464,1.369256093506914,0.14989394987167043,0.8808482850921784,1.2278236405716083,0.23,0.23,1.0,0.92484995705793,False,False,SPN23F_RS00615,SPN23F_RS00615,lactococcin 972 family bacteriocin
113303,113303,logistic+PCs,1.0395679578771326,2.6498497334698543,0.39231204122501956,0.69482766771609,2.8279949374399878,0.08,0.08,1.0,0.7683950011605347,False,False,SPN23F_RS00615,SPN23F_RS00615,lactococcin 972 family bacteriocin
113339,113339,logistic+PCs,1.5667750723633425,0.8339348518634382,1.8787739460251163,0.060275365984550106,4.791172069279024,0.18,0.18,1.0,0.16645386956803981,False,False,SPN23F_RS00615,SPN23F_RS00615,lactococcin 972 family bacteriocin
113384,113384,logistic+PCs,1.0065498839258593,0.7349645468674625,1.3695216840267157,0.17083626139306907,2.73614469490296,0.18,0.18,1.0,0.37721854569064445,False,False,SPN23F_RS00615,SPN23F_RS00615,lactococcin 972 family bacteriocin
113430,113430,logistic+PCs,0.6228166180456856,1.6513717993445067,0.37715105604498367,0.7060613506399352,1.8641713127940363,0.16,0.16,1.0,0.7787945898700939,False,False,SPN23F_RS00615,SPN23F_RS00615,lactococcin 972 family bacteriocin
113489,113489,logistic+PCs,0.3962509567015238,0.5757056448877249,0.6882874264309174,0.4912717980800828,1.4862422532076116,0.38,0.38,1.0,0.5790171244246044,False,False,SPN23F_RS00615,SPN23F_RS00615,lactococcin 972 family bacteriocin
113681,113681,logistic+PCs,-0.3406404727012193,2.045890636436241,-0.16649984443674104,0.8677636055840456,0.7113145992561531,0.15,0.15,1.0,0.9144955360611808,False,False,SPN23F_RS00615,SPN23F_RS00615,lactococcin 972 family bacteriocin
113787,113787,logistic+PCs,-6.142452933485942,6.607494765637623,-0.9296190388874559,0.3525683662737379,0.0021496442116584404,0.07,0.07,1.0,0.4989589722203148,False,False,SPN23F_RS00615,SPN23F_RS00615,lactococcin 972 family bacteriocin
113870,113870,logistic+PCs,-0.3406404727012193,2.045890636436241,-0.16649984443674104,0.8677636055840456,0.7113145992561531,0.15,0.15,1.0,0.9144955360611808,False,False,SPN23F_RS00615,SPN23F_RS00615,lactococcin 972 family bacteriocin
113874,113874,logistic+PCs,1.698906710736819,0.9780999687902348,1.736945879712189,0.08239672410903152,5.467966054078504,0.09,0.09,1.0,0.2055390810192325,False,False,SPN23F_RS00615,SPN23F_RS00615,lactococcin 972 family bacteriocin
113880,113880,logistic+PCs,3.584079863504116,1.5594090061212034,2.2983578069867496,0.02154143285204756,36.020198966251655,0.24,0.24,1.0,0.08232163733021543,False,False,SPN23F_RS00615,SPN23F_RS00615,lactococcin 972 family bacteriocin
113913,113913,logistic+PCs,4.982427731731632,1.992546435860485,2.500532806694646,0.012400664695181248,145.82798347760033,0.31,0.31,1.0,0.05288964410811788,False,False,SPN23F_RS00615,SPN23F_RS00615,lactococcin 972 family bacteriocin
114002,114002,logistic+PCs,1.9621020742886848,1.2031945854933792,1.6307437699149134,0.10294439672386378,7.114266073999519,0.25,0.25,1.0,0.24478049639996938,False,False,SPN23F_RS00620,SPN23F_RS00620,bacteriocin-associated integral membrane family protein
114027,114027,logistic+PCs,-1.1834496401316752,0.6243896622989676,-1.8953703297621556,0.058043356627878885,0.306220563743428,0.37,0.37,1.0,0.1634719845475001,False,False,SPN23F_RS00620,SPN23F_RS00620,bacteriocin-associated integral membrane family protein
114182,114182,logistic+PCs,-6.142452933485942,6.607494765637623,-0.9296190388874559,0.3525683662737379,0.0021496442116584404,0.07,0.07,1.0,0.4989589722203148,False,False,SPN23F_RS00620,SPN23F_RS00620,bacteriocin-associated integral membrane family protein
114260,114260,logistic+PCs,-6.142452933485942,6.607494765637623,-0.9296190388874559,0.3525683662737379,0.0021496442116584404,0.07,0.07,1.0,0.4989589722203148,False,False,SPN23F_RS00620,SPN23F_RS00620,bacteriocin-associated integral membrane family protein
114338,114338,logistic+PCs,-2.071270837014974,1.1511479022697464,-1.7993090487599366,0.07196980751024531,0.12602552199643804,0.05,0.05,1.0,0.18778329086006537,False,False,SPN23F_RS00620,SPN23F_RS00620,bacteriocin-associated integral membrane family protein
114524,114524,logistic+PCs,-0.13161930216504,0.6033862134141619,-0.2181344207722178,0.8273243791892906,0.876674679711365,0.22,0.22,1.0,0.8883757524880272,False,False,SPN23F_RS00620,SPN23F_RS00620,bacteriocin-associated integral membrane family protein
114845,114845,logistic+PCs,-0.8019588704370826,1.4516471488523743,-0.5524475221620389,0.5806417792705374,0.44844964840683627,0.16,0.16,1.0,0.6641200061861537,False,False,SPN23F_RS00625,SPN23F_RS00625,ABC transporter ATP-binding protein
114974,114974,logistic+PCs,-1.4930172378159934,0.6522524254234856,-2.289017533122437,0.02207833369350495,0.2246936774747032,0.31,0.31,1.0,0.084278841060969,False,False,SPN23F_RS00625,SPN23F_RS00625,ABC transporter ATP-binding protein
115068,115068,logistic+PCs,0.8814606489390526,0.7040131160495686,1.2520514587642855,0.21055111374801416,2.414423757589808,0.25,0.25,1.0,0.4388228233183451,False,False,SPN23F_RS00625,SPN23F_RS00625,ABC transporter ATP-binding protein
115486,115486,logistic+PCs,-3.115747722539495,2.5328115368909283,-1.2301537943735568,0.2186395187907857,0.044345336740101396,0.18,0.18,1.0,0.45010130682141797,False,False,SPN23F_RS00625,SPN23F_RS00625,ABC transporter ATP-binding protein
115512,115512,logistic+PCs,-0.8345104041517963,0.6012793691030552,-1.3878912981775147,0.16517014800525476,0.4340869565869744,0.25,0.25,1.0,0.3681265817790471,False,False,SPN23F_RS00625,SPN23F_RS00625,ABC transporter ATP-binding protein
115572,115572,logistic+PCs,-6.142452933485942,6.607494765637623,-0.9296190388874559,0.3525683662737379,0.0021496442116584404,0.07,0.07,1.0,0.4989589722203148,False,False,SPN23F_RS00625,SPN23F_RS00625,ABC transporter ATP-binding protein
115587,115587,logistic+PCs,2.877642427431689,0.9456194312244411,3.043129542828404,0.002341315199999414,17.77232420614399,0.37,0.37,1.0,0.02256127125337857,False,True,SPN23F_RS00625,SPN23F_RS00625,ABC transporter ATP-binding protein
115888,115888,logistic+PCs,-6.142452933485942,6.607494765637623,-0.9296190388874559,0.3525683662737379,0.0021496442116584404,0.07,0.07,1.0,0.4989589722203148,False,False,SPN23F_RS00625,SPN23F_RS00625,ABC transporter ATP-binding protein
116199,116199,logistic+PCs,2.35247649301778,1.3332981020209225,1.7644039914645169,0.07766398664821944,10.511569345590065,0.05,0.05,1.0,0.20048966985381894,False,False,SPN23F_RS00625,SPN23F_RS00625,ABC transporter ATP-binding protein
116797,116797,logistic+PCs,0.2218410915654102,0.5865059276527412,0.37824185759424755,0.7052509332838663,1.2483729851047123,0.25,0.25,1.0,0.7781527633932485,False,False,SPN23F_RS00630,SPN23F_RS00630,ABC transporter substrate-binding protein
117005,117005,logistic+PCs,-0.8228422718399012,0.6392450367888973,-1.2872094806918846,0.1980212836515608,0.4391816053482998,0.24,0.24,1.0,0.4182769670183403,False,False,SPN23F_RS00630,SPN23F_RS00630,ABC transporter substrate-binding protein
117007,117007,logistic+PCs,2.072627264673417,1.1457234780102763,1.8090117767970075,0.0704491737702595,7.945671100261979,0.16,0.16,1.0,0.18566519867471643,False,False,SPN23F_RS00630,SPN23F_RS00630,ABC transporter substrate-binding protein
117014,117014,logistic+PCs,2.072627264673417,1.1457234780102763,1.8090117767970075,0.0704491737702595,7.945671100261979,0.16,0.16,1.0,0.18566519867471643,False,False,SPN23F_RS00630,SPN23F_RS00630,ABC transporter substrate-binding protein
117210,117210,logistic+PCs,-2.8881827472456627,1.1112273149859184,-2.599092650347838,0.009347054146591144,0.05567730046019323,0.08,0.08,1.0,0.045337207078551066,False,True,SPN23F_RS00635,SPN23F_RS00635,argininosuccinate synthase domain-containing protein
117348,117348,logistic+PCs,-0.8019588704370826,1.4516471488523743,-0.5524475221620389,0.5806417792705374,0.44844964840683627,0.16,0.16,1.0,0.6641200061861537,False,False,SPN23F_RS00635,SPN23F_RS00635,argininosuccinate synthase domain-containing protein
117561,117561,logistic+PCs,0.5418301748155807,0.7909558790229964,0.6850321101157495,0.49332365878927686,1.7191503303981406,0.46,0.46,1.0,0.580832316105632,False,False,SPN23F_RS00635,SPN23F_RS00635,argininosuccinate synthase domain-containing protein
117606,117606,logistic+PCs,-2.8881827472456627,1.1112273149859184,-2.599092650347838,0.009347054146591144,0.05567730046019323,0.08,0.08,1.0,0.045337207078551066,False,True,SPN23F_RS00635,SPN23F_RS00635,argininosuccinate synthase domain-containing protein
117657,117657,logistic+PCs,-2.1277487429561894,1.1520107984345982,-1.8469868041579696,0.06474905280203638,0.11910512851648027,0.05,0.05,1.0,0.17525478918198242,False,False,SPN23F_RS00635,SPN23F_RS00635,argininosuccinate synthase domain-containing protein
118068,118068,logistic+PCs,-2.8881827472456627,1.1112273149859184,-2.599092650347838,0.009347054146591144,0.05567730046019323,0.08,0.08,1.0,0.045337207078551066,False,True,SPN23F_RS00635,SPN23F_RS00635,argininosuccinate synthase domain-containing protein
118101,118101,logistic+PCs,-2.296191668198505,0.7599732113047042,-3.0214113261393214,0.0025159932146858553,0.10064139063617011,0.29,0.29,1.0,0.02256127125337857,False,True,SPN23F_RS00635,SPN23F_RS00635,argininosuccinate synthase domain-containing protein
118344,118344,logistic+PCs,2.167042880297412,1.607360464189221,1.3481996904723572,0.17759416415369356,8.732423002381404,0.3,0.3,1.0,0.3829690493624614,False,False,SPN23F_RS00640,SPN23F_RS00640,hypothetical protein
118518,118518,logistic+PCs,-3.2751087253125464,1.1020986305396978,-2.9717020188190646,0.0029615396481939274,0.03781275780191076,0.1,0.1,1.0,0.02256127125337857,False,True,SPN23F_RS00640,SPN23F_RS00640,hypothetical protein
118756,118756,logistic+PCs,-0.3406404727012193,2.045890636436241,-0.16649984443674104,0.8677636055840456,0.7113145992561531,0.15,0.15,1.0,0.9144955360611808,False,False,SPN23F_RS00640,SPN23F_RS00640,hypothetical protein
118846,118846,logistic+PCs,1.934707133422967,1.5026597502103307,1.2875217647588961,0.1979124884998974,6.922016531208077,0.16,0.16,1.0,0.4182769670183403,False,False,SPN23F_RS00640,SPN23F_RS00640,hypothetical protein
118892,118892,logistic+PCs,-2.8881827472456627,1.1112273149859184,-2.599092650347838,0.009347054146591144,0.05567730046019323,0.08,0.08,1.0,0.045337207078551066,False,True,SPN23F_RS00650,SPN23F_RS00650,ISL3-like element IS1167A family transposase
118964,118964,logistic+PCs,6.538573131228565,3.9794492291297434,1.6430849483807766,0.10036535859977037,691.2994803343246,0.18,0.18,1.0,0.23965220619370137,False,False,SPN23F_RS00650,SPN23F_RS00650,ISL3-like element IS1167A family transposase
119186,119186,logistic+PCs,-2.697511894903825,0.6644060384165732,-4.060035187718332,4.9065321039968886e-05,0.06737293531459801,0.42,0.42,0.16706741814109405,0.0035548650828014718,False,True,SPN23F_RS00650,SPN23F_RS00650,ISL3-like element IS1167A family transposase
119313,119313,logistic+PCs,-0.3401531406972018,0.5933794897550045,-0.5732472162757847,0.5664773189663433,0.7116613301049531,0.23,0.23,1.0,0.6501028888036398,False,False,SPN23F_RS00650,SPN23F_RS00650,ISL3-like element IS1167A family transposase
119718,119718,logistic+PCs,-0.32628738208141295,0.6291268317709487,-0.5186352983275827,0.6040150890071592,0.7215977833581116,0.34,0.34,1.0,0.6862433693925182,False,False,SPN23F_RS13360,SPN23F_RS13360,SPH 0227 family bacteriocin-like peptide
119733,119733,logistic+PCs,-1.2765837707642624,0.6200990405779362,-2.0586772228747177,0.03952516959870506,0.27898876389088684,0.27,0.27,1.0,0.12780930910122576,False,False,SPN23F_RS13360,SPN23F_RS13360,SPH 0227 family bacteriocin-like peptide
119802,119802,logistic+PCs,2.35247649301778,1.3332981020209225,1.7644039914645169,0.07766398664821944,10.511569345590065,0.05,0.05,1.0,0.20048966985381894,False,False,SPN23F_RS13360,SPN23F_RS13360,SPH 0227 family bacteriocin-like peptide
119940,119940,logistic+PCs,0.8251238485219883,0.6016848149540566,1.3713556134618305,0.1702641270086659,2.28216339039043,0.45,0.45,1.0,0.37721854569064445,False,False,SPN23F_RS13360,SPN23F_RS13360,SPH 0227 family bacteriocin-like peptide
120138,120138,logistic+PCs,-0.3406404727012193,2.045890636436241,-0.16649984443674104,0.8677636055840456,0.7113145992561531,0.15,0.15,1.0,0.9144955360611808,False,False,SPN23F_RS13360,SPN23F_RS13360,SPH 0227 family bacteriocin-like peptide
120222,120222,logistic+PCs,-2.1666602161263917,0.8571353408629221,-2.52779241834213,0.011478219447613437,0.11455958296150812,0.09,0.09,1.0,0.05288964410811788,False,False,SPN23F_RS13360,SPN23F_RS13360,SPH 0227 family bacteriocin-like peptide
120237,120237,logistic+PCs,-0.36543977323605953,0.5443475109597503,-0.6713354353209866,0.5020068655135871,0.6938914288895105,0.46,0.46,1.0,0.5902394257851395,False,False,SPN23F_RS13360,SPN23F_RS13360,SPH 0227 family bacteriocin-like peptide
120306,120306,logistic+PCs,5.482508537326877,2.421576151297358,2.2640248312610884,0.023572587578009774,240.44912707267537,0.23,0.23,1.0,0.08686651591247109,False,False,SPN23F_RS13360,SPN23F_RS13360,SPH 0227 family bacteriocin-like peptide
120414,120414,logistic+PCs,1.5693734311165772,0.7539320205560629,2.0815847958799854,0.037380411360118944,4.8036374409039295,0.34,0.34,1.0,0.12168288784054015,False,False,SPN23F_RS13360,SPN23F_RS13360,SPH 0227 family bacteriocin-like peptide
120492,120492,logistic+PCs,0.15057584792571022,1.0071127056351794,0.14951241016341166,0.8811493175373591,1.16250347523656,0.34,0.34,1.0,0.9248808342215499,False,False,SPN23F_RS13360,SPN23F_RS13360,SPH 0227 family bacteriocin-like peptide
120546,120546,logistic+PCs,4.982427731731632,1.992546435860485,2.500532806694646,0.012400664695181248,145.82798347760033,0.31,0.31,1.0,0.05288964410811788,False,False,SPN23F_RS13360,SPN23F_RS13360,SPH 0227 family bacteriocin-like peptide
120621,120621,logistic+PCs,-32.36510518585032,3292335.229403645,-9.830440380675559e-06,0.9999921564433945,8.790496625852138e-15,0.05,0.05,1.0,0.9999999852469791,False,False,SPN23F_RS13360,SPN23F_RS13360,SPH 0227 family bacteriocin-like peptide
120901,120901,logistic+PCs,6.265326622048363,5.729585294950995,1.0935043811232676,0.2741724064714991,526.0133654672064,0.1,0.1,1.0,0.4989589722203148,False,False,SPN23F_RS13360,SPN23F_RS13360,SPH 0227 family bacteriocin-like peptide
120921,120921,logistic+PCs,-0.24268956304717462,0.7551567187650549,-0.32137642030657804,0.7479251500104132,0.7845150184249452,0.1,0.1,1.0,0.8131178594461868,False,False,SPN23F_RS13360,SPN23F_RS13360,SPH 0227 family bacteriocin-like peptide
120967,120967,logistic+PCs,-0.3406404727012193,2.045890636436241,-0.16649984443674104,0.8677636055840456,0.7113145992561531,0.15,0.15,1.0,0.9144955360611808,False,False,SPN23F_RS13360,SPN23F_RS13360,SPH 0227 family bacteriocin-like peptide
121040,121040,logistic+PCs,-0.3406404727012193,2.045890636436241,-0.16649984443674104,0.8677636055840456,0.7113145992561531,0.15,0.15,1.0,0.9144955360611808,False,False,SPN23F_RS13360,SPN23F_RS13360,SPH 0227 family bacteriocin-like peptide
121279,121279,logistic+PCs,-1.384062980592968,0.6839957237588559,-2.02349654028089,0.043021979918530726,0.250558467977295,0.42,0.42,1.0,0.13647279765583334,False,False,SPN23F_RS00665,SPN23F_RS00665,hypothetical protein
121324,121324,logistic+PCs,-1.6180114137722055,0.7037494353382182,-2.2991299637698437,0.021497560486090382,0.1982926292633603,0.27,0.27,1.0,0.08232163733021543,False,False,SPN23F_RS00665,SPN23F_RS00665,hypothetical protein
122737,122737,logistic+PCs,30.448562235846268,1237884.4122500094,2.4597257978636475e-05,0.9999803742276228,16735649083820.238,0.16,0.16,1.0,0.9999999852469791,False,False,SPN23F_RS00670,SPN23F_RS00670,hypothetical protein
122745,122745,logistic+PCs,30.448562235846268,1237884.4122500094,2.4597257978636475e-05,0.9999803742276228,16735649083820.238,0.16,0.16,1.0,0.9999999852469791,False,False,SPN23F_RS00670,SPN23F_RS00670,hypothetical protein
123457,123457,logistic+PCs,3.0793842645520044,0.8185675895740029,3.7619181406321873,0.000168615238801258,21.745009100336652,0.38,0.38,0.5741348881182835,0.0037022939517041705,False,True,SPN23F_RS00675,SPN23F_RS00675,hypothetical protein
124011,124011,logistic+PCs,11.741987811396758,4.022628019978928,2.9189842443990797,0.003511739725195489,125742.04322366399,0.14,0.14,1.0,0.02256127125337857,False,True,SPN23F_RS13700,SPN23F_RS13700,ATPase
125507,125507,logistic+PCs,3.1541765392750376,0.8349627914979557,3.7776252683264153,0.00015833087176192465,23.43373238592939,0.33,0.33,0.5391166183493534,0.0035548650828014718,False,True,mnmA,SPN23F_RS00685,tRNA 2-thiouridine(34) synthase MnmA
125618,125618,logistic+PCs,11.741987811396758,4.022628019978928,2.9189842443990797,0.003511739725195489,125742.04322366399,0.14,0.14,1.0,0.02256127125337857,False,True,mnmA,SPN23F_RS00685,tRNA 2-thiouridine(34) synthase MnmA
126069,126069,logistic+PCs,11.741987811396758,4.022628019978928,2.9189842443990797,0.003511739725195489,125742.04322366399,0.14,0.14,1.0,0.02256127125337857,False,True,mnmA,SPN23F_RS00685,tRNA 2-thiouridine(34) synthase MnmA
126764,126764,logistic+PCs,-1.064032874800294,0.9524474383467297,-1.1171565295479777,0.26392740360588196,0.3450614110319419,0.05,0.05,1.0,0.4989589722203148,False,False,mnmA,SPN23F_RS00685,tRNA 2-thiouridine(34) synthase MnmA
126870,126870,logistic+PCs,0.12747471887221265,0.7798579188567181,0.16345890166646285,0.8701571296030889,1.1359561496255643,0.16,0.16,1.0,0.9167342284339474,False,False,SPN23F_RS00690,SPN23F_RS00690,NUDIX hydrolase
127151,127151,logistic+PCs,-0.3406404727012193,2.045890636436241,-0.16649984443674104,0.8677636055840456,0.7113145992561531,0.15,0.15,1.0,0.9144955360611808,False,False,SPN23F_RS00690,SPN23F_RS00690,NUDIX hydrolase
127202,127202,logistic+PCs,-1.8254264000735072,2.6167900403835045,-0.6975822943005321,0.48543845757589266,0.1611489155684423,0.17,0.17,1.0,0.5731338238716763,False,False,SPN23F_RS00690,SPN23F_RS00690,NUDIX hydrolase
127277,127277,logistic+PCs,-0.3406404727012193,2.045890636436241,-0.16649984443674104,0.8677636055840456,0.7113145992561531,0.15,0.15,1.0,0.9144955360611808,False,False,SPN23F_RS00690,SPN23F_RS00690,NUDIX hydrolase
127312,127312,logistic+PCs,-0.3406404727012193,2.045890636436241,-0.16649984443674104,0.8677636055840456,0.7113145992561531,0.15,0.15,1.0,0.9144955360611808,False,False,SPN23F_RS00690,SPN23F_RS00690,NUDIX hydrolase
127313,127313,logistic+PCs,-0.3406404727012193,2.045890636436241,-0.16649984443674104,0.8677636055840456,0.7113145992561531,0.15,0.15,1.0,0.9144955360611808,False,False,SPN23F_RS00690,SPN23F_RS00690,NUDIX hydrolase
127349,127349,logistic+PCs,-0.3406404727012193,2.045890636436241,-0.16649984443674104,0.8677636055840456,0.7113145992561531,0.15,0.15,1.0,0.9144955360611808,False,False,SPN23F_RS00690,SPN23F_RS00690,NUDIX hydrolase
127391,127391,logistic+PCs,-0.6088200743120147,1.640523794079561,-0.37111322402586777,0.710553201891164,0.5439923611045473,0.22,0.22,1.0,0.7799592690004556,False,False,SPN23F_RS00690,SPN23F_RS00690,NUDIX hydrolase
127406,127406,logistic+PCs,-0.6088200743120147,1.640523794079561,-0.37111322402586777,0.710553201891164,0.5439923611045473,0.22,0.22,1.0,0.7799592690004556,False,False,SPN23F_RS00690,SPN23F_RS00690,NUDIX hydrolase
127421,127421,logistic+PCs,-0.6088200743120147,1.640523794079561,-0.37111322402586777,0.710553201891164,0.5439923611045473,0.22,0.22,1.0,0.7799592690004556,False,False,SPN23F_RS00690,SPN23F_RS00690,NUDIX hydrolase
127427,127427,logistic+PCs,-0.6088200743120147,1.640523794079561,-0.37111322402586777,0.710553201891164,0.5439923611045473,0.22,0.22,1.0,0.7799592690004556,False,False,SPN23F_RS00690,SPN23F_RS00690,NUDIX hydrolase
127445,127445,logistic+PCs,-0.6088200743120147,1.640523794079561,-0.37111322402586777,0.710553201891164,0.5439923611045473,0.22,0.22,1.0,0.7799592690004556,False,False,SPN23F_RS00690,SPN23F_RS00690,NUDIX hydrolase
127487,127487,logistic+PCs,-1.8254264000735072,2.6167900403835045,-0.6975822943005321,0.48543845757589266,0.1611489155684423,0.17,0.17,1.0,0.5731338238716763,False,False,SPN23F_RS00690,SPN23F_RS00690,NUDIX hydrolase
127664,127664,logistic+PCs,-0.8590193774294639,0.7219932209307418,-1.1897887023399996,0.23412945113062833,0.42357724813388026,0.4,0.4,1.0,0.47537911812748324,False,False,SPN23F_RS00690,SPN23F_RS00690,NUDIX hydrolase
127667,127667,logistic+PCs,-0.3406404727012193,2.045890636436241,-0.16649984443674104,0.8677636055840456,0.7113145992561531,0.15,0.15,1.0,0.9144955360611808,False,False,SPN23F_RS00690,SPN23F_RS00690,NUDIX hydrolase
127688,127688,logistic+PCs,-0.3406404727012193,2.045890636436241,-0.16649984443674104,0.8677636055840456,0.7113145992561531,0.15,0.15,1.0,0.9144955360611808,False,False,SPN23F_RS00690,SPN23F_RS00690,NUDIX hydrolase
127694,127694,logistic+PCs,-0.8590193774294639,0.7219932209307418,-1.1897887023399996,0.23412945113062833,0.42357724813388026,0.4,0.4,1.0,0.47537911812748324,False,False,SPN23F_RS00690,SPN23F_RS00690,NUDIX hydrolase
127766,127766,logistic+PCs,-0.8590193774294639,0.7219932209307418,-1.1897887023399996,0.23412945113062833,0.42357724813388026,0.4,0.4,1.0,0.47537911812748324,False,False,SPN23F_RS00690,SPN23F_RS00690,NUDIX hydrolase
127830,127830,logistic+PCs,2.334265522331259,0.9513642244067164,2.453598172442251,0.014143492724126402,10.321875957191294,0.18,0.18,1.0,0.05923566140916408,False,False,SPN23F_RS00690,SPN23F_RS00690,NUDIX hydrolase
128125,128125,logistic+PCs,-1.8254264000735072,2.6167900403835045,-0.6975822943005321,0.48543845757589266,0.1611489155684423,0.17,0.17,1.0,0.5731338238716763,False,False,SPN23F_RS00690,SPN23F_RS00690,NUDIX hydrolase
128161,128161,logistic+PCs,-1.8254264000735072,2.6167900403835045,-0.6975822943005321,0.48543845757589266,0.1611489155684423,0.17,0.17,1.0,0.5731338238716763,False,False,SPN23F_RS00690,SPN23F_RS00690,NUDIX hydrolase
128167,128167,logistic+PCs,-1.8254264000735072,2.6167900403835045,-0.6975822943005321,0.48543845757589266,0.1611489155684423,0.17,0.17,1.0,0.5731338238716763,False,False,SPN23F_RS00690,SPN23F_RS00690,NUDIX hydrolase
128236,128236,logistic+PCs,-1.8254264000735072,2.6167900403835045,-0.6975822943005321,0.48543845757589266,0.1611489155684423,0.17,0.17,1.0,0.5731338238716763,False,False,SPN23F_RS00690,SPN23F_RS00690,NUDIX hydrolase
128452,128452,logistic+PCs,-1.4525740209122306,1.885006429813014,-0.7705936690392726,0.4409478149374113,0.2339672756830764,0.24,0.24,1.0,0.5731338238716763,False,False,mnmG,SPN23F_RS00695,tRNA uridine-5-carboxymethylaminomethyl(34) synthesis enzyme MnmG
128458,128458,logistic+PCs,-1.4525740209122306,1.885006429813014,-0.7705936690392726,0.4409478149374113,0.2339672756830764,0.24,0.24,1.0,0.5731338238716763,False,False,mnmG,SPN23F_RS00695,tRNA uridine-5-carboxymethylaminomethyl(34) synthesis enzyme MnmG
128473,128473,logistic+PCs,1.8285257785787123,0.9591542241578878,1.9063939171868944,0.056599117331931785,6.2247033000899075,0.07,0.07,1.0,0.15980099047697158,False,False,mnmG,SPN23F_RS00695,tRNA uridine-5-carboxymethylaminomethyl(34) synthesis enzyme MnmG
128548,128548,logistic+PCs,-1.4525740209122306,1.885006429813014,-0.7705936690392726,0.4409478149374113,0.2339672756830764,0.24,0.24,1.0,0.5731338238716763,False,False,mnmG,SPN23F_RS00695,tRNA uridine-5-carboxymethylaminomethyl(34) synthesis enzyme MnmG
128707,128707,logistic+PCs,-0.6088200743120147,1.640523794079561,-0.37111322402586777,0.710553201891164,0.5439923611045473,0.22,0.22,1.0,0.7799592690004556,False,False,mnmG,SPN23F_RS00695,tRNA uridine-5-carboxymethylaminomethyl(34) synthesis enzyme MnmG
128710,128710,logistic+PCs,-1.4525740209122306,1.885006429813014,-0.7705936690392726,0.4409478149374113,0.2339672756830764,0.24,0.24,1.0,0.5731338238716763,False,False,mnmG,SPN23F_RS00695,tRNA uridine-5-carboxymethylaminomethyl(34) synthesis enzyme MnmG
128746,128746,logistic+PCs,-6.142452933485942,6.607494765637623,-0.9296190388874559,0.3525683662737379,0.0021496442116584404,0.07,0.07,1.0,0.4989589722203148,False,False,mnmG,SPN23F_RS00695,tRNA uridine-5-carboxymethylaminomethyl(34) synthesis enzyme MnmG
129190,129190,logistic+PCs,30.448562235846268,1237884.4122500094,2.4597257978636475e-05,0.9999803742276228,16735649083820.238,0.16,0.16,1.0,0.9999999852469791,False,False,SPN23F_RS13710,SPN23F_RS13710,hypothetical protein
129824,129824,logistic+PCs,-1.4525740209122306,1.885006429813014,-0.7705936690392726,0.4409478149374113,0.2339672756830764,0.24,0.24,1.0,0.5731338238716763,False,False,SPN23F_RS13710,SPN23F_RS13710,hypothetical protein
129838,129838,logistic+PCs,1.166021181269152,1.2956412772404844,0.8999568026673224,0.3681432394865044,3.2091983837567497,0.42,0.42,1.0,0.5133201189400276,False,False,SPN23F_RS13710,SPN23F_RS13710,hypothetical protein
130090,130090,logistic+PCs,2.5863360691446178,1.2007695825869764,2.1538987218284897,0.03124811523189249,13.281021604572274,0.06,0.06,1.0,0.10672568205773438,False,False,SPN23F_RS13710,SPN23F_RS13710,hypothetical protein
131200,131200,logistic+PCs,-1.8254264000735072,2.6167900403835045,-0.6975822943005321,0.48543845757589266,0.1611489155684423,0.17,0.17,1.0,0.5731338238716763,False,False,rnjA,SPN23F_RS00705,ribonuclease J1
131621,131621,logistic+PCs,-2.8881827472456627,1.1112273149859184,-2.599092650347838,0.009347054146591144,0.05567730046019323,0.08,0.08,1.0,0.045337207078551066,False,True,SPN23F_RS00710,SPN23F_RS00710,DNA-dependent RNA polymerase subunit epsilon
132366,132366,logistic+PCs,0.8219570130263102,0.6230668536963774,1.3192115872478312,0.18709838556488834,2.274947586022022,0.24,0.24,1.0,0.3994169296855453,False,False,SPN23F_RS13715,SPN23F_RS13715,hypothetical protein
132444,132444,logistic+PCs,1.349312348068413,1.3904848893730704,0.9703897959486487,0.33185223300072386,3.85477387639193,0.1,0.1,1.0,0.4989589722203148,False,False,SPN23F_RS13715,SPN23F_RS13715,hypothetical protein
132451,132451,logistic+PCs,1.349312348068413,1.3904848893730704,0.9703897959486487,0.33185223300072386,3.85477387639193,0.1,0.1,1.0,0.4989589722203148,False,False,SPN23F_RS13715,SPN23F_RS13715,hypothetical protein
132457,132457,logistic+PCs,-1.1498900587477787,0.6149615223387154,-1.8698569210878684,0.06150368940249921,0.316671582735655,0.28,0.28,1.0,0.16915998579604993,False,False,SPN23F_RS13715,SPN23F_RS13715,hypothetical protein
132564,132564,logistic+PCs,-6.142452933485942,6.607494765637623,-0.9296190388874559,0.3525683662737379,0.0021496442116584404,0.07,0.07,1.0,0.4989589722203148,False,False,cibB,SPN23F_RS00715,fratricide two-peptide bacteriocin subunit CibB
132573,132573,logistic+PCs,1.0930063669054486,1.5404666282339776,0.7095294028917026,0.4779960118746962,2.9832292862866896,0.27,0.27,1.0,0.5731338238716763,False,False,cibB,SPN23F_RS00715,fratricide two-peptide bacteriocin subunit CibB
132789,132789,logistic+PCs,0.1767682397176251,1.3167625224909818,0.13424458601937142,0.8932091704255488,1.193354488902119,0.39,0.39,1.0,0.9343708833483851,False,False,cibB,SPN23F_RS00715,fratricide two-peptide bacteriocin subunit CibB
133071,133071,logistic+PCs,-1.4525740209122306,1.885006429813014,-0.7705936690392726,0.4409478149374113,0.2339672756830764,0.24,0.24,1.0,0.5731338238716763,False,False,cibB,SPN23F_RS00715,fratricide two-peptide bacteriocin subunit CibB
133170,133170,logistic+PCs,4.792650220268042,2.734637023414684,1.7525727104665465,0.07967537894274683,120.6206166405924,0.21,0.21,1.0,0.2016564803358884,False,False,cibB,SPN23F_RS00715,fratricide two-peptide bacteriocin subunit CibB
133197,133197,logistic+PCs,1.349312348068413,1.3904848893730704,0.9703897959486487,0.33185223300072386,3.85477387639193,0.1,0.1,1.0,0.4989589722203148,False,False,cibA,SPN23F_RS00720,fratricide two-peptide bacteriocin subunit CibA
133221,133221,logistic+PCs,-0.7089136581915976,0.5966226544342217,-1.1882110961137766,0.23475025316169806,0.49217858131673364,0.26,0.26,1.0,0.4760718356257188,False,False,cibA,SPN23F_RS00720,fratricide two-peptide bacteriocin subunit CibA
133368,133368,logistic+PCs,1.4727778386701316,1.0868185527120644,1.3551276199646558,0.17537690021266172,4.361333410363656,0.35,0.35,1.0,0.3789075794569246,False,False,cibA,SPN23F_RS00720,fratricide two-peptide bacteriocin subunit CibA
133533,133533,logistic+PCs,2.1048686464992974,2.404915559673338,0.8752359882378589,0.381445515402971,8.206025048683392,0.08,0.08,1.0,0.5266918004651728,False,False,cibA,SPN23F_RS00720,fratricide two-peptide bacteriocin subunit CibA
134486,134486,logistic+PCs,11.741987811396758,4.022628019978928,2.9189842443990797,0.003511739725195489,125742.04322366399,0.14,0.14,1.0,0.02256127125337857,False,True,rimI,SPN23F_RS00730,ribosomal protein S18-alanine N-acetyltransferase
134547,134547,logistic+PCs,-6.142452933485942,6.607494765637623,-0.9296190388874559,0.3525683662737379,0.0021496442116584404,0.07,0.07,1.0,0.4989589722203148,False,False,rimI,SPN23F_RS00730,ribosomal protein S18-alanine N-acetyltransferase
134833,134833,logistic+PCs,-1.8254264000735072,2.6167900403835045,-0.6975822943005321,0.48543845757589266,0.1611489155684423,0.17,0.17,1.0,0.5731338238716763,False,False,tsaD,SPN23F_RS00735,tRNA (adenosine(37)-N6)-threonylcarbamoyltransferase complex transferase subunit TsaD
134974,134974,logistic+PCs,11.741987811396758,4.022628019978928,2.9189842443990797,0.003511739725195489,125742.04322366399,0.14,0.14,1.0,0.02256127125337857,False,True,tsaD,SPN23F_RS00735,tRNA (adenosine(37)-N6)-threonylcarbamoyltransferase complex transferase subunit TsaD
135050,135050,logistic+PCs,4.930869019401955,2.5607863321888114,1.9255292631882077,0.054163178623568675,138.499819087895,0.27,0.27,1.0,0.15980099047697158,False,False,tsaD,SPN23F_RS00735,tRNA (adenosine(37)-N6)-threonylcarbamoyltransferase complex transferase subunit TsaD
135242,135242,logistic+PCs,11.741987811396758,4.022628019978928,2.9189842443990797,0.003511739725195489,125742.04322366399,0.14,0.14,1.0,0.02256127125337857,False,True,tsaD,SPN23F_RS00735,tRNA (adenosine(37)-N6)-threonylcarbamoyltransferase complex transferase subunit TsaD
135281,135281,logistic+PCs,11.741987811396758,4.022628019978928,2.9189842443990797,0.003511739725195489,125742.04322366399,0.14,0.14,1.0,0.02256127125337857,False,True,tsaD,SPN23F_RS00735,tRNA (adenosine(37)-N6)-threonylcarbamoyltransferase complex transferase subunit TsaD
135300,135300,logistic+PCs,4.982427731731632,1.992546435860485,2.500532806694646,0.012400664695181248,145.82798347760033,0.31,0.31,1.0,0.05288964410811788,False,False,tsaD,SPN23F_RS00735,tRNA (adenosine(37)-N6)-threonylcarbamoyltransferase complex transferase subunit TsaD
135404,135404,logistic+PCs,-6.142452933485942,6.607494765637623,-0.9296190388874559,0.3525683662737379,0.0021496442116584404,0.07,0.07,1.0,0.4989589722203148,False,False,tsaD,SPN23F_RS00735,tRNA (adenosine(37)-N6)-threonylcarbamoyltransferase complex transferase subunit TsaD
135541,135541,logistic+PCs,-0.2815606682428654,0.7640687530652023,-0.36850174426494087,0.7124991447759527,0.7546051337190207,0.38,0.38,1.0,0.780836687467692,False,False,tsaD,SPN23F_RS00735,tRNA (adenosine(37)-N6)-threonylcarbamoyltransferase complex transferase subunit TsaD
135578,135578,logistic+PCs,5.482508537326877,2.421576151297358,2.2640248312610884,0.023572587578009774,240.44912707267537,0.23,0.23,1.0,0.08686651591247109,False,False,tsaD,SPN23F_RS00735,tRNA (adenosine(37)-N6)-threonylcarbamoyltransferase complex transferase subunit TsaD
135590,135590,logistic+PCs,-6.142452933485942,6.607494765637623,-0.9296190388874559,0.3525683662737379,0.0021496442116584404,0.07,0.07,1.0,0.4989589722203148,False,False,tsaD,SPN23F_RS00735,tRNA (adenosine(37)-N6)-threonylcarbamoyltransferase complex transferase subunit TsaD
135602,135602,logistic+PCs,-6.142452933485942,6.607494765637623,-0.9296190388874559,0.3525683662737379,0.0021496442116584404,0.07,0.07,1.0,0.4989589722203148,False,False,tsaD,SPN23F_RS00735,tRNA (adenosine(37)-N6)-threonylcarbamoyltransferase complex transferase subunit TsaD
135632,135632,logistic+PCs,-6.142452933485942,6.607494765637623,-0.9296190388874559,0.3525683662737379,0.0021496442116584404,0.07,0.07,1.0,0.4989589722203148,False,False,tsaD,SPN23F_RS00735,tRNA (adenosine(37)-N6)-threonylcarbamoyltransferase complex transferase subunit TsaD
136016,136016,logistic+PCs,-2.3882897096863545,0.6784809926191331,-3.520053967122741,0.00043145900012876617,0.0917865313273873,0.17,0.17,1.0,0.0074161503711338145,False,True,SPN23F_RS00745,SPN23F_RS00745,ISL3 family transposase
136290,136290,logistic+PCs,-2.105151020379614,0.7394861212396072,-2.84677556469989,0.004416448690514814,0.12182727447850454,0.12,0.12,1.0,0.027218542696908272,False,True,SPN23F_RS00745,SPN23F_RS00745,ISL3 family transposase
136326,136326,logistic+PCs,11.741987811396758,4.022628019978928,2.9189842443990797,0.003511739725195489,125742.04322366399,0.14,0.14,1.0,0.02256127125337857,False,True,SPN23F_RS00745,SPN23F_RS00745,ISL3 family transposase
136347,136347,logistic+PCs,1.6039312179672887,0.7094727288699156,2.2607369567567623,0.023775550524998065,4.972542197914457,0.39,0.39,1.0,0.08751972922985775,False,False,SPN23F_RS00745,SPN23F_RS00745,ISL3 family transposase
136845,136845,logistic+PCs,-2.8881827472456627,1.1112273149859184,-2.599092650347838,0.009347054146591144,0.05567730046019323,0.08,0.08,1.0,0.045337207078551066,False,True,SPN23F_RS13720,SPN23F_RS13720,transposase
137122,137122,logistic+PCs,1.3320519638469763,1.4958682456513777,0.8904874929455653,0.3732041811827612,3.7888099174981194,0.2,0.2,1.0,0.5167792748789353,False,False,SPN23F_RS13720,SPN23F_RS13720,transposase
137132,137132,logistic+PCs,-3.60624305608188,0.8834882367814609,-4.08182351042883,4.46837242645204e-05,0.02715367029058945,0.3,0.3,0.15214808112069195,0.0035548650828014718,False,True,SPN23F_RS13720,SPN23F_RS13720,transposase
137181,137181,logistic+PCs,-1.0846304162095648,0.6224384302160646,-1.7425505295890251,0.08141215778943639,0.33802669199775254,0.46,0.46,1.0,0.20390422862528165,False,False,SPN23F_RS13720,SPN23F_RS13720,transposase
137472,137472,logistic+PCs,11.741987811396758,4.022628019978928,2.9189842443990797,0.003511739725195489,125742.04322366399,0.14,0.14,1.0,0.02256127125337857,False,True,SPN23F_RS13720,SPN23F_RS13720,transposase
137649,137649,logistic+PCs,30.448562235846268,1237884.4122500094,2.4597257978636475e-05,0.9999803742276228,16735649083820.238,0.16,0.16,1.0,0.9999999852469791,False,False,SPN23F_RS13720,SPN23F_RS13720,transposase
138036,138036,logistic+PCs,-3.0777081028634155,0.851951952537706,-3.612537178529679,0.00030321561586917154,0.04606471133724571,0.28,0.28,1.0,0.0057041390720139725,False,True,SPN23F_RS13725,SPN23F_RS13725,glycosyltransferase family 4 protein
138249,138249,logistic+PCs,-2.8881827472456627,1.1112273149859184,-2.599092650347838,0.009347054146591144,0.05567730046019323,0.08,0.08,1.0,0.045337207078551066,False,True,SPN23F_RS13725,SPN23F_RS13725,glycosyltransferase family 4 protein
138428,138428,logistic+PCs,1.802601720353076,0.7549803966570293,2.3876139411497297,0.016958145146910963,6.0654074479951925,0.49,0.49,1.0,0.06931870855369968,False,False,SPN23F_RS13725,SPN23F_RS13725,glycosyltransferase family 4 protein
138567,138567,logistic+PCs,-2.372513531329784,1.1307017725839996,-2.0982663942481175,0.03588161941057533,0.0932460545946933,0.06,0.06,1.0,0.11770415615896819,False,False,SPN23F_RS13730,SPN23F_RS13730,glycosyltransferase family 4 protein
138615,138615,logistic+PCs,11.741987811396758,4.022628019978928,2.9189842443990797,0.003511739725195489,125742.04322366399,0.14,0.14,1.0,0.02256127125337857,False,True,SPN23F_RS13730,SPN23F_RS13730,glycosyltransferase family 4 protein
138700,138700,logistic+PCs,1.8285257785787123,0.9591542241578878,1.9063939171868944,0.056599117331931785,6.2247033000899075,0.07,0.07,1.0,0.15980099047697158,False,False,SPN23F_RS13730,SPN23F_RS13730,glycosyltransferase family 4 protein
138871,138871,logistic+PCs,0.13363178344596732,0.582963843312855,0.22922825313928108,0.8186915143147827,1.1429718809837393,0.32,0.32,1.0,0.879938322677347,False,False,SPN23F_RS13730,SPN23F_RS13730,glycosyltransferase family 4 protein
139234,139234,logistic+PCs,-6.142452933485942,6.607494765637623,-0.9296190388874559,0.3525683662737379,0.0021496442116584404,0.07,0.07,1.0,0.4989589722203148,False,False,SPN23F_RS13730,SPN23F_RS13730,glycosyltransferase family 4 protein
139390,139390,logistic+PCs,0.18751132417906727,0.5925275458767374,0.3164600962164803,0.7516533085777143,1.2062439090656636,0.25,0.25,1.0,0.8169101550294022,False,False,SPN23F_RS13730,SPN23F_RS13730,glycosyltransferase family 4 protein
139488,139488,logistic+PCs,-6.142452933485942,6.607494765637623,-0.9296190388874559,0.3525683662737379,0.0021496442116584404,0.07,0.07,1.0,0.4989589722203148,False,False,SPN23F_RS00770,SPN23F_RS00770,glycosyltransferase family 2 protein
139668,139668,logistic+PCs,30.448562235846268,1237884.4122500094,2.4597257978636475e-05,0.9999803742276228,16735649083820.238,0.16,0.16,1.0,0.9999999852469791,False,False,SPN23F_RS00770,SPN23F_RS00770,glycosyltransferase family 2 protein
139919,139919,logistic+PCs,-2.5220358642565412,0.8439110873236179,-2.988508981739929,0.002803422604021047,0.08029596854116526,0.11,0.11,1.0,0.02256127125337857,False,True,SPN23F_RS00770,SPN23F_RS00770,glycosyltransferase family 2 protein
139989,139989,logistic+PCs,0.4545226587200402,0.6015033645255499,0.7556444161846971,0.44986241816385053,1.5754211899545814,0.24,0.24,1.0,0.5731338238716763,False,False,SPN23F_RS00770,SPN23F_RS00770,glycosyltransferase family 2 protein
140025,140025,logistic+PCs,-2.0940395820471682,0.8048292925254822,-2.6018431504602173,0.009272424946971568,0.12318849930376699,0.37,0.37,1.0,0.045337207078551066,False,True,SPN23F_RS00770,SPN23F_RS00770,glycosyltransferase family 2 protein
140052,140052,logistic+PCs,2.834082120062283,1.7446680052997237,1.6244248828162609,0.10428516008165918,17.014775609521305,0.28,0.28,1.0,0.24539804428337908,False,False,SPN23F_RS00770,SPN23F_RS00770,glycosyltransferase family 2 protein
140137,140137,logistic+PCs,1.2091345702159069,0.7070188038489408,1.7101872872878305,0.08723124575279483,3.350583702515549,0.32,0.32,1.0,0.2129324567899366,False,False,SPN23F_RS00770,SPN23F_RS00770,glycosyltransferase family 2 protein
140171,140171,logistic+PCs,-6.142452933485942,6.607494765637623,-0.9296190388874559,0.3525683662737379,0.0021496442116584404,0.07,0.07,1.0,0.4989589722203148,False,False,SPN23F_RS00770,SPN23F_RS00770,glycosyltransferase family 2 protein
140250,140250,logistic+PCs,-6.142452933485942,6.607494765637623,-0.9296190388874559,0.3525683662737379,0.0021496442116584404,0.07,0.07,1.0,0.4989589722203148,False,False,SPN23F_RS00770,SPN23F_RS00770,glycosyltransferase family 2 protein
140280,140280,logistic+PCs,1.0000222634964209,0.7360501031735577,1.3586334125689534,0.17426278190055322,2.718342347590485,0.18,0.18,1.0,0.37721854569064445,False,False,SPN23F_RS00770,SPN23F_RS00770,glycosyltransferase family 2 protein
140325,140325,logistic+PCs,1.0000222634964209,0.7360501031735577,1.3586334125689534,0.17426278190055322,2.718342347590485,0.18,0.18,1.0,0.37721854569064445,False,False,SPN23F_RS00770,SPN23F_RS00770,glycosyltransferase family 2 protein
140343,140343,logistic+PCs,1.738338862473681,0.7149326023751575,2.431472360749183,0.015037595589169039,5.687887207923291,0.42,0.42,1.0,0.0625189413688896,False,False,SPN23F_RS00770,SPN23F_RS00770,glycosyltransferase family 2 protein
140526,140526,logistic+PCs,12.277758992799,4.05919952682052,3.0246749172282974,0.002489004985074624,214863.6656671586,0.12,0.12,1.0,0.02256127125337857,False,True,SPN23F_RS00775,SPN23F_RS00775,ATP-binding cassette domain-containing protein
140802,140802,logistic+PCs,-8.767897233065455,7.071600903855846,-1.2398744431808488,0.21502183803787367,0.0001556505335708582,0.08,0.08,1.0,0.4442653874508251,False,False,SPN23F_RS00775,SPN23F_RS00775,ATP-binding cassette domain-containing protein
140925,140925,logistic+PCs,-1.8254264000735072,2.6167900403835045,-0.6975822943005321,0.48543845757589266,0.1611489155684423,0.17,0.17,1.0,0.5731338238716763,False,False,SPN23F_RS00775,SPN23F_RS00775,ATP-binding cassette domain-containing protein
141333,141333,logistic+PCs,-1.8254264000735072,2.6167900403835045,-0.6975822943005321,0.48543845757589266,0.1611489155684423,0.17,0.17,1.0,0.5731338238716763,False,False,SPN23F_RS00775,SPN23F_RS00775,ATP-binding cassette domain-containing protein
141404,141404,logistic+PCs,-1.8254264000735072,2.6167900403835045,-0.6975822943005321,0.48543845757589266,0.1611489155684423,0.17,0.17,1.0,0.5731338238716763,False,False,SPN23F_RS14240,SPN23F_RS14240,hypothetical protein
141588,141588,logistic+PCs,-6.142452933485942,6.607494765637623,-0.9296190388874559,0.3525683662737379,0.0021496442116584404,0.07,0.07,1.0,0.4989589722203148,False,False,SPN23F_RS14240,SPN23F_RS14240,hypothetical protein
141841,141841,logistic+PCs,1.8285257785787123,0.9591542241578878,1.9063939171868944,0.056599117331931785,6.2247033000899075,0.07,0.07,1.0,0.15980099047697158,False,False,SPN23F_RS00785,SPN23F_RS00785,hypothetical protein
141849,141849,logistic+PCs,1.8285257785787123,0.9591542241578878,1.9063939171868944,0.056599117331931785,6.2247033000899075,0.07,0.07,1.0,0.15980099047697158,False,False,SPN23F_RS00785,SPN23F_RS00785,hypothetical protein
141943,141943,logistic+PCs,2.4636907666540946,0.8546263261416506,2.88276956992049,0.003941956867507142,11.748091086329696,0.5,0.5,1.0,0.024902343476552537,False,True,SPN23F_RS00785,SPN23F_RS00785,hypothetical protein
142006,142006,logistic+PCs,-6.142452933485942,6.607494765637623,-0.9296190388874559,0.3525683662737379,0.0021496442116584404,0.07,0.07,1.0,0.4989589722203148,False,False,SPN23F_RS00785,SPN23F_RS00785,hypothetical protein
142041,142041,logistic+PCs,1.8285257785787123,0.9591542241578878,1.9063939171868944,0.056599117331931785,6.2247033000899075,0.07,0.07,1.0,0.15980099047697158,False,False,SPN23F_RS00785,SPN23F_RS00785,hypothetical protein
142054,142054,logistic+PCs,-2.5969251797652224,0.8903724674794423,-2.9166728247076916,0.0035378666358109262,0.07450230758617657,0.35,0.35,1.0,0.022643676494240986,False,True,SPN23F_RS00785,SPN23F_RS00785,hypothetical protein
142063,142063,logistic+PCs,0.005268127562451617,0.8806194247415292,0.005982297703684955,0.9952268454943051,1.0052820285464574,0.06,0.06,1.0,0.9999999852469791,False,False,SPN23F_RS00785,SPN23F_RS00785,hypothetical protein
142166,142166,logistic+PCs,-2.8881827472456627,1.1112273149859184,-2.599092650347838,0.009347054146591144,0.05567730046019323,0.08,0.08,1.0,0.045337207078551066,False,True,SPN23F_RS00785,SPN23F_RS00785,hypothetical protein
142233,142233,logistic+PCs,0.6331530498644127,0.757347699290684,0.8360136968230187,0.4031471976758457,1.8835401222065085,0.44,0.44,1.0,0.5539302173037022,False,False,SPN23F_RS00785,SPN23F_RS00785,hypothetical protein
142273,142273,logistic+PCs,6.068918736003424,3.531294205335713,1.718610340320388,0.08568534757097984,432.21309237071733,0.2,0.2,1.0,0.2115725949812809,False,False,SPN23F_RS00785,SPN23F_RS00785,hypothetical protein
142379,142379,logistic+PCs,-0.8345104041517963,0.6012793691030552,-1.3878912981775147,0.16517014800525476,0.4340869565869744,0.25,0.25,1.0,0.3681265817790471,False,False,SPN23F_RS00785,SPN23F_RS00785,hypothetical protein
142650,142650,logistic+PCs,1.8285257785787123,0.9591542241578878,1.9063939171868944,0.056599117331931785,6.2247033000899075,0.07,0.07,1.0,0.15980099047697158,False,False,SPN23F_RS00785,SPN23F_RS00785,hypothetical protein
142848,142848,logistic+PCs,-6.142452933485942,6.607494765637623,-0.9296190388874559,0.3525683662737379,0.0021496442116584404,0.07,0.07,1.0,0.4989589722203148,False,False,SPN23F_RS00785,SPN23F_RS00785,hypothetical protein
142962,142962,logistic+PCs,30.448562235846268,1237884.4122500094,2.4597257978636475e-05,0.9999803742276228,16735649083820.238,0.16,0.16,1.0,0.9999999852469791,False,False,SPN23F_RS00785,SPN23F_RS00785,hypothetical protein
143028,143028,logistic+PCs,-0.036968143287088695,0.6442148760377567,-0.057384802279731945,0.9542386690757698,0.9637068353920354,0.31,0.31,1.0,0.9890967026493139,False,False,SPN23F_RS00785,SPN23F_RS00785,hypothetical protein
143109,143109,logistic+PCs,4.062488621885679,2.319686840588039,1.7513090779339167,0.07989268486728736,58.11876689171201,0.17,0.17,1.0,0.2016564803358884,False,False,SPN23F_RS00790,SPN23F_RS00790,PIG-L family deacetylase
143260,143260,logistic+PCs,1.1923795095181455,0.7536337467730386,1.5821737211526938,0.11360991772299753,3.2949121616231314,0.44,0.44,1.0,0.2656880287409386,False,False,SPN23F_RS00790,SPN23F_RS00790,PIG-L family deacetylase
143289,143289,logistic+PCs,-1.8254264000735072,2.6167900403835045,-0.6975822943005321,0.48543845757589266,0.1611489155684423,0.17,0.17,1.0,0.5731338238716763,False,False,SPN23F_RS00790,SPN23F_RS00790,PIG-L family deacetylase
143832,143832,logistic+PCs,-1.4525740209122306,1.885006429813014,-0.7705936690392726,0.4409478149374113,0.2339672756830764,0.24,0.24,1.0,0.5731338238716763,False,False,SPN23F_RS00795,SPN23F_RS00795,nucleotide sugar dehydrogenase
143866,143866,logistic+PCs,-1.4525740209122306,1.885006429813014,-0.7705936690392726,0.4409478149374113,0.2339672756830764,0.24,0.24,1.0,0.5731338238716763,False,False,SPN23F_RS00795,SPN23F_RS00795,nucleotide sugar dehydrogenase
143881,143881,logistic+PCs,-1.4525740209122306,1.885006429813014,-0.7705936690392726,0.4409478149374113,0.2339672756830764,0.24,0.24,1.0,0.5731338238716763,False,False,SPN23F_RS00795,SPN23F_RS00795,nucleotide sugar dehydrogenase
144139,144139,logistic+PCs,-1.4525740209122306,1.885006429813014,-0.7705936690392726,0.4409478149374113,0.2339672756830764,0.24,0.24,1.0,0.5731338238716763,False,False,SPN23F_RS00795,SPN23F_RS00795,nucleotide sugar dehydrogenase
144142,144142,logistic+PCs,-1.4525740209122306,1.885006429813014,-0.7705936690392726,0.4409478149374113,0.2339672756830764,0.24,0.24,1.0,0.5731338238716763,False,False,SPN23F_RS00795,SPN23F_RS00795,nucleotide sugar dehydrogenase
144145,144145,logistic+PCs,-1.4525740209122306,1.885006429813014,-0.7705936690392726,0.4409478149374113,0.2339672756830764,0.24,0.24,1.0,0.5731338238716763,False,False,SPN23F_RS00795,SPN23F_RS00795,nucleotide sugar dehydrogenase
144160,144160,logistic+PCs,-1.4525740209122306,1.885006429813014,-0.7705936690392726,0.4409478149374113,0.2339672756830764,0.24,0.24,1.0,0.5731338238716763,False,False,SPN23F_RS00795,SPN23F_RS00795,nucleotide sugar dehydrogenase
144259,144259,logistic+PCs,-1.4525740209122306,1.885006429813014,-0.7705936690392726,0.4409478149374113,0.2339672756830764,0.24,0.24,1.0,0.5731338238716763,False,False,SPN23F_RS00795,SPN23F_RS00795,nucleotide sugar dehydrogenase
144266,144266,logistic+PCs,-1.4525740209122306,1.885006429813014,-0.7705936690392726,0.4409478149374113,0.2339672756830764,0.24,0.24,1.0,0.5731338238716763,False,False,SPN23F_RS00795,SPN23F_RS00795,nucleotide sugar dehydrogenase
144332,144332,logistic+PCs,-1.4525740209122306,1.885006429813014,-0.7705936690392726,0.4409478149374113,0.2339672756830764,0.24,0.24,1.0,0.5731338238716763,False,False,SPN23F_RS00795,SPN23F_RS00795,nucleotide sugar dehydrogenase
144469,144469,logistic+PCs,-1.4525740209122306,1.885006429813014,-0.7705936690392726,0.4409478149374113,0.2339672756830764,0.24,0.24,1.0,0.5731338238716763,False,False,SPN23F_RS00795,SPN23F_RS00795,nucleotide sugar dehydrogenase
144632,144632,logistic+PCs,-1.7881627113629999,0.6407988906562302,-2.790520922300249,0.005262329899499922,0.1672672056601022,0.38,0.38,1.0,0.03127091327713304,False,True,SPN23F_RS00800,SPN23F_RS00800,XRE/MutR family transcriptional regulator
144653,144653,logistic+PCs,-6.142452933485942,6.607494765637623,-0.9296190388874559,0.3525683662737379,0.0021496442116584404,0.07,0.07,1.0,0.4989589722203148,False,False,SPN23F_RS00800,SPN23F_RS00800,XRE/MutR family transcriptional regulator
144826,144826,logistic+PCs,11.741987811396758,4.022628019978928,2.9189842443990797,0.003511739725195489,125742.04322366399,0.14,0.14,1.0,0.02256127125337857,False,True,SPN23F_RS00800,SPN23F_RS00800,XRE/MutR family transcriptional regulator
144941,144941,logistic+PCs,-6.142452933485942,6.607494765637623,-0.9296190388874559,0.3525683662737379,0.0021496442116584404,0.07,0.07,1.0,0.4989589722203148,False,False,SPN23F_RS00800,SPN23F_RS00800,XRE/MutR family transcriptional regulator
144947,144947,logistic+PCs,-1.8254264000735072,2.6167900403835045,-0.6975822943005321,0.48543845757589266,0.1611489155684423,0.17,0.17,1.0,0.5731338238716763,False,False,SPN23F_RS00800,SPN23F_RS00800,XRE/MutR family transcriptional regulator
145115,145115,logistic+PCs,-6.142452933485942,6.607494765637623,-0.9296190388874559,0.3525683662737379,0.0021496442116584404,0.07,0.07,1.0,0.4989589722203148,False,False,SPN23F_RS00800,SPN23F_RS00800,XRE/MutR family transcriptional regulator
145164,145164,logistic+PCs,-1.4525740209122306,1.885006429813014,-0.7705936690392726,0.4409478149374113,0.2339672756830764,0.24,0.24,1.0,0.5731338238716763,False,False,SPN23F_RS00800,SPN23F_RS00800,XRE/MutR family transcriptional regulator
145177,145177,logistic+PCs,1.375353591199274,1.2274854254945793,1.1204642944294965,0.26251595989067134,3.9564754505165665,0.48,0.48,1.0,0.4989589722203148,False,False,SPN23F_RS00800,SPN23F_RS00800,XRE/MutR family transcriptional regulator
145720,145720,logistic+PCs,-6.142452933485942,6.607494765637623,-0.9296190388874559,0.3525683662737379,0.0021496442116584404,0.07,0.07,1.0,0.4989589722203148,False,False,SPN23F_RS00805,SPN23F_RS00805,peptide pheromone VP1
145870,145870,logistic+PCs,-1.8254264000735072,2.6167900403835045,-0.6975822943005321,0.48543845757589266,0.1611489155684423,0.17,0.17,1.0,0.5731338238716763,False,False,SPN23F_RS00805,SPN23F_RS00805,peptide pheromone VP1
146284,146284,logistic+PCs,-1.7339020287504954,1.0332137903357035,-1.678163846600547,0.09331511744412102,0.17659398900241227,0.28,0.28,1.0,0.22630909892965248,False,False,SPN23F_RS00805,SPN23F_RS00805,peptide pheromone VP1
146296,146296,logistic+PCs,-1.4525740209122306,1.885006429813014,-0.7705936690392726,0.4409478149374113,0.2339672756830764,0.24,0.24,1.0,0.5731338238716763,False,False,SPN23F_RS00805,SPN23F_RS00805,peptide pheromone VP1
146461,146461,logistic+PCs,-1.4525740209122306,1.885006429813014,-0.7705936690392726,0.4409478149374113,0.2339672756830764,0.24,0.24,1.0,0.5731338238716763,False,False,SPN23F_RS00810,SPN23F_RS00810,CPBP family intramembrane glutamic endopeptidase
146577,146577,logistic+PCs,11.741987811396758,4.022628019978928,2.9189842443990797,0.003511739725195489,125742.04322366399,0.14,0.14,1.0,0.02256127125337857,False,True,SPN23F_RS00810,SPN23F_RS00810,CPBP family intramembrane glutamic endopeptidase
146594,146594,logistic+PCs,0.42269419353126764,1.7488774508768163,0.24169457575163192,0.8090168329008518,1.5260675432756419,0.22,0.22,1.0,0.8709144217601645,False,False,SPN23F_RS00810,SPN23F_RS00810,CPBP family intramembrane glutamic endopeptidase
146987,146987,logistic+PCs,-6.142452933485942,6.607494765637623,-0.9296190388874559,0.3525683662737379,0.0021496442116584404,0.07,0.07,1.0,0.4989589722203148,False,False,SPN23F_RS00810,SPN23F_RS00810,CPBP family intramembrane glutamic endopeptidase
147080,147080,logistic+PCs,2.145830014035846,1.2229892717104913,1.754577953929764,0.07933152515459814,8.549134194635688,0.19,0.19,1.0,0.2016564803358884,False,False,SPN23F_RS00810,SPN23F_RS00810,CPBP family intramembrane glutamic endopeptidase
147084,147084,logistic+PCs,2.3531723881252895,1.0588585062711136,2.2223671757733188,0.02625850173757432,10.518886841079258,0.22,0.22,1.0,0.09421517219856751,False,False,SPN23F_RS00810,SPN23F_RS00810,CPBP family intramembrane glutamic endopeptidase
147176,147176,logistic+PCs,-1.148234043352667,0.5830930937404151,-1.969212216160881,0.0489287266439756,0.3171964302096636,0.48,0.48,1.0,0.149282067719316,False,False,SPN23F_RS00810,SPN23F_RS00810,CPBP family intramembrane glutamic endopeptidase
147218,147218,logistic+PCs,-1.8254264000735072,2.6167900403835045,-0.6975822943005321,0.48543845757589266,0.1611489155684423,0.17,0.17,1.0,0.5731338238716763,False,False,SPN23F_RS00810,SPN23F_RS00810,CPBP family intramembrane glutamic endopeptidase
147236,147236,logistic+PCs,0.2419737807268973,0.5704734373017651,0.42416309841066213,0.6714468708309842,1.273760795296208,0.28,0.28,1.0,0.7543303997978607,False,False,SPN23F_RS00810,SPN23F_RS00810,CPBP family intramembrane glutamic endopeptidase
147326,147326,logistic+PCs,0.5304823060210283,1.1810044872518424,0.4491789080797167,0.6533026014535792,1.6997519115341395,0.11,0.11,1.0,0.7361003831732088,False,False,SPN23F_RS00810,SPN23F_RS00810,CPBP family intramembrane glutamic endopeptidase
147416,147416,logistic+PCs,-1.3869626408582236,0.6096050198383234,-2.2751824471951814,0.0228949873856855,0.24983298587770938,0.33,0.33,1.0,0.08661936894251014,False,False,SPN23F_RS00810,SPN23F_RS00810,CPBP family intramembrane glutamic endopeptidase
147491,147491,logistic+PCs,-0.9309266258952897,0.5804843812970285,-1.6037065869287241,0.10877874329705987,0.39418827602310125,0.32,0.32,1.0,0.255442497190682,False,False,SPN23F_RS00810,SPN23F_RS00810,CPBP family intramembrane glutamic endopeptidase
147647,147647,logistic+PCs,-6.142452933485942,6.607494765637623,-0.9296190388874559,0.3525683662737379,0.0021496442116584404,0.07,0.07,1.0,0.4989589722203148,False,False,SPN23F_RS00815,SPN23F_RS00815,MFS transporter
147798,147798,logistic+PCs,-1.8254264000735072,2.6167900403835045,-0.6975822943005321,0.48543845757589266,0.1611489155684423,0.17,0.17,1.0,0.5731338238716763,False,False,SPN23F_RS00815,SPN23F_RS00815,MFS transporter
147906,147906,logistic+PCs,1.349312348068413,1.3904848893730704,0.9703897959486487,0.33185223300072386,3.85477387639193,0.1,0.1,1.0,0.4989589722203148,False,False,SPN23F_RS00815,SPN23F_RS00815,MFS transporter
148032,148032,logistic+PCs,4.792650220268042,2.734637023414684,1.7525727104665465,0.07967537894274683,120.6206166405924,0.21,0.21,1.0,0.2016564803358884,False,False,SPN23F_RS00815,SPN23F_RS00815,MFS transporter
148305,148305,logistic+PCs,-6.742596455519978,6.373121638104902,-1.0579739158289378,0.29006733444129507,0.0011795804488855706,0.08,0.08,1.0,0.4989589722203148,False,False,SPN23F_RS00825,SPN23F_RS00825,AzlC family ABC transporter permease
148377,148377,logistic+PCs,-6.142452933485942,6.607494765637623,-0.9296190388874559,0.3525683662737379,0.0021496442116584404,0.07,0.07,1.0,0.4989589722203148,False,False,SPN23F_RS00825,SPN23F_RS00825,AzlC family ABC transporter permease
148386,148386,logistic+PCs,-1.4525740209122306,1.885006429813014,-0.7705936690392726,0.4409478149374113,0.2339672756830764,0.24,0.24,1.0,0.5731338238716763,False,False,SPN23F_RS00825,SPN23F_RS00825,AzlC family ABC transporter permease
148410,148410,logistic+PCs,-6.142452933485942,6.607494765637623,-0.9296190388874559,0.3525683662737379,0.0021496442116584404,0.07,0.07,1.0,0.4989589722203148,False,False,SPN23F_RS00825,SPN23F_RS00825,AzlC family ABC transporter permease
148437,148437,logistic+PCs,-6.142452933485942,6.607494765637623,-0.9296190388874559,0.3525683662737379,0.0021496442116584404,0.07,0.07,1.0,0.4989589722203148,False,False,SPN23F_RS00825,SPN23F_RS00825,AzlC family ABC transporter permease
148544,148544,logistic+PCs,-1.8254264000735072,2.6167900403835045,-0.6975822943005321,0.48543845757589266,0.1611489155684423,0.17,0.17,1.0,0.5731338238716763,False,False,SPN23F_RS00825,SPN23F_RS00825,AzlC family ABC transporter permease
148548,148548,logistic+PCs,11.741987811396758,4.022628019978928,2.9189842443990797,0.003511739725195489,125742.04322366399,0.14,0.14,1.0,0.02256127125337857,False,True,SPN23F_RS00825,SPN23F_RS00825,AzlC family ABC transporter permease
148572,148572,logistic+PCs,0.42269419353126764,1.7488774508768163,0.24169457575163192,0.8090168329008518,1.5260675432756419,0.22,0.22,1.0,0.8709144217601645,False,False,SPN23F_RS00825,SPN23F_RS00825,AzlC family ABC transporter permease
148626,148626,logistic+PCs,-6.142452933485942,6.607494765637623,-0.9296190388874559,0.3525683662737379,0.0021496442116584404,0.07,0.07,1.0,0.4989589722203148,False,False,SPN23F_RS00825,SPN23F_RS00825,AzlC family ABC transporter permease
148818,148818,logistic+PCs,-0.3594812787578696,0.5955529418580705,-0.603609273822611,0.5461034456841765,0.6980383194802141,0.23,0.23,1.0,0.6294794287591811,False,False,SPN23F_RS00825,SPN23F_RS00825,AzlC family ABC transporter permease
148908,148908,logistic+PCs,-0.7283582842126595,0.58699937924341,-1.240816106401081,0.21467368986896784,0.48270079747079153,0.31,0.31,1.0,0.4442653874508251,False,False,SPN23F_RS00825,SPN23F_RS00825,AzlC family ABC transporter permease
149586,149586,logistic+PCs,-1.8254264000735072,2.6167900403835045,-0.6975822943005321,0.48543845757589266,0.1611489155684423,0.17,0.17,1.0,0.5731338238716763,False,False,SPN23F_RS13735,SPN23F_RS13735,AzlD domain-containing protein
149838,149838,logistic+PCs,-6.142452933485942,6.607494765637623,-0.9296190388874559,0.3525683662737379,0.0021496442116584404,0.07,0.07,1.0,0.4989589722203148,False,False,SPN23F_RS13735,SPN23F_RS13735,AzlD domain-containing protein
150210,150210,logistic+PCs,-0.7163101358670889,0.5851641193974032,-1.2241183492329275,0.22090758495289675,0.48855162331984714,0.28,0.28,1.0,0.45367329720423005,False,False,SPN23F_RS00835,SPN23F_RS00835,amino acid ABC transporter substrate-binding protein
150224,150224,logistic+PCs,-1.8254264000735072,2.6167900403835045,-0.6975822943005321,0.48543845757589266,0.1611489155684423,0.17,0.17,1.0,0.5731338238716763,False,False,SPN23F_RS00835,SPN23F_RS00835,amino acid ABC transporter substrate-binding protein
150345,150345,logistic+PCs,3.3799865909785947,0.8526263155564804,3.9642062757265375,7.364055619289909e-05,29.370377282631335,0.34,0.34,0.2507460938368214,0.0035548650828014718,False,True,SPN23F_RS00835,SPN23F_RS00835,amino acid ABC transporter substrate-binding protein
150482,150482,logistic+PCs,-2.8881827472456627,1.1112273149859184,-2.599092650347838,0.009347054146591144,0.05567730046019323,0.08,0.08,1.0,0.045337207078551066,False,True,SPN23F_RS00835,SPN23F_RS00835,amino acid ABC transporter substrate-binding protein
150756,150756,logistic+PCs,-1.8254264000735072,2.6167900403835045,-0.6975822943005321,0.48543845757589266,0.1611489155684423,0.17,0.17,1.0,0.5731338238716763,False,False,SPN23F_RS00835,SPN23F_RS00835,amino acid ABC transporter substrate-binding protein
150804,150804,logistic+PCs,0.23537937360765995,0.5716655866508074,0.4117431223850066,0.6805277143580326,1.2653887327729347,0.28,0.28,1.0,0.7611636636247687,False,False,SPN23F_RS00835,SPN23F_RS00835,amino acid ABC transporter substrate-binding protein
150822,150822,logistic+PCs,-6.142452933485942,6.607494765637623,-0.9296190388874559,0.3525683662737379,0.0021496442116584404,0.07,0.07,1.0,0.4989589722203148,False,False,SPN23F_RS00835,SPN23F_RS00835,amino acid ABC transporter substrate-binding protein
151039,151039,logistic+PCs,3.270814281918621,1.6842538572097179,1.9419960167627806,0.05213758250556182,26.33277291644906,0.34,0.34,1.0,0.15696593141594872,False,False,SPN23F_RS00840,SPN23F_RS00840,MetQ/NlpA family ABC transporter substrate-binding protein
151063,151063,logistic+PCs,1.709332331149185,1.7415089391981453,0.9815237192731404,0.3263345434737287,5.525271194348724,0.31,0.31,1.0,0.4989589722203148,False,False,SPN23F_RS00840,SPN23F_RS00840,MetQ/NlpA family ABC transporter substrate-binding protein
151087,151087,logistic+PCs,1.709332331149185,1.7415089391981453,0.9815237192731404,0.3263345434737287,5.525271194348724,0.31,0.31,1.0,0.4989589722203148,False,False,SPN23F_RS00840,SPN23F_RS00840,MetQ/NlpA family ABC transporter substrate-binding protein
151130,151130,logistic+PCs,1.709332331149185,1.7415089391981453,0.9815237192731404,0.3263345434737287,5.525271194348724,0.31,0.31,1.0,0.4989589722203148,False,False,SPN23F_RS00840,SPN23F_RS00840,MetQ/NlpA family ABC transporter substrate-binding protein
151261,151261,logistic+PCs,-3.3857396148357,1.0898169906511466,-3.1067047438972115,0.0018918524928073432,0.03385259520255803,0.35,0.35,1.0,0.02256127125337857,False,True,SPN23F_RS00840,SPN23F_RS00840,MetQ/NlpA family ABC transporter substrate-binding protein
151394,151394,logistic+PCs,8.690367663904862,2.2843063316113605,3.8043792741994613,0.00014216022319986748,5945.36773804004,0.46,0.46,0.4840555599955488,0.0035548650828014718,False,True,SPN23F_RS00840,SPN23F_RS00840,MetQ/NlpA family ABC transporter substrate-binding protein
151617,151617,logistic+PCs,7.773169045616402,2.6992867530563314,2.8797122190945617,0.003980383125270927,2375.9889875835884,0.34,0.34,1.0,0.025052134087888183,False,True,SPN23F_RS00840,SPN23F_RS00840,MetQ/NlpA family ABC transporter substrate-binding protein
151621,151621,logistic+PCs,6.068918736003424,3.531294205335713,1.718610340320388,0.08568534757097984,432.21309237071733,0.2,0.2,1.0,0.2115725949812809,False,False,SPN23F_RS00840,SPN23F_RS00840,MetQ/NlpA family ABC transporter substrate-binding protein
152027,152027,logistic+PCs,-0.13188568042522403,0.9339796984341583,-0.14120829461960882,0.8877053935773129,0.8764411837359427,0.49,0.49,1.0,0.9309014059534187,False,False,SPN23F_RS00845,SPN23F_RS00845,M20 family metallopeptidase
152575,152575,logistic+PCs,1.6923746007158822,0.8306603941276716,2.0373844867048834,0.04161152723771578,5.432365099485049,0.19,0.19,1.0,0.1332899814152608,False,False,SPN23F_RS00845,SPN23F_RS00845,M20 family metallopeptidase
153584,153584,logistic+PCs,1.1768023172847577,0.8322356725677353,1.414025324886537,0.15735446687460897,3.2439843673041486,0.08,0.08,1.0,0.3529591302424529,False,False,SPN23F_RS00850,SPN23F_RS00850,methionine ABC transporter ATP-binding protein
153602,153602,logistic+PCs,5.448808652260089,1.7796258008230226,3.0617721150930612,0.0022003089617962743,232.48103510511766,0.47,0.47,1.0,0.02256127125337857,False,True,SPN23F_RS00850,SPN23F_RS00850,methionine ABC transporter ATP-binding protein
153741,153741,logistic+PCs,-6.142452933485942,6.607494765637623,-0.9296190388874559,0.3525683662737379,0.0021496442116584404,0.07,0.07,1.0,0.4989589722203148,False,False,SPN23F_RS00850,SPN23F_RS00850,methionine ABC transporter ATP-binding protein
154071,154071,logistic+PCs,-2.156625950165843,1.5961034953902289,-1.3511817726071533,0.17663721194180115,0.11571489092531835,0.25,0.25,1.0,0.3811468356538865,False,False,SPN23F_RS00850,SPN23F_RS00850,methionine ABC transporter ATP-binding protein
155269,155269,logistic+PCs,30.448562235846268,1237884.4122500094,2.4597257978636475e-05,0.9999803742276228,16735649083820.238,0.16,0.16,1.0,0.9999999852469791,False,False,SPN23F_RS00860,SPN23F_RS00860,MptD family putative ECF transporter S component
156190,156190,logistic+PCs,1.9875767995704747,1.189203469913799,1.6713513287297648,0.09465230347896506,7.297828218459028,0.05,0.05,1.0,0.22792863744404243,False,False,SPN23F_RS00865,SPN23F_RS00865,YesL family protein
156780,156780,logistic+PCs,-2.0519130238535275,1.1498103841959977,-1.7845664398728864,0.07433166904797711,0.12848886605932408,0.05,0.05,1.0,0.1932055977926428,False,False,SPN23F_RS00870,SPN23F_RS00870,sensor histidine kinase
157096,157096,logistic+PCs,-1.8254264000735072,2.6167900403835045,-0.6975822943005321,0.48543845757589266,0.1611489155684423,0.17,0.17,1.0,0.5731338238716763,False,False,SPN23F_RS00870,SPN23F_RS00870,sensor histidine kinase
157565,157565,logistic+PCs,0.4614889261896122,0.5278848182427218,0.874222766485054,0.3819969500232745,1.586434310976558,0.41,0.41,1.0,0.5271236178817902,False,False,SPN23F_RS00875,SPN23F_RS00875,response regulator transcription factor
157790,157790,logistic+PCs,-1.0796898886854356,0.6036528717696956,-1.7885939737521146,0.07368022908645777,0.3397008543907909,0.28,0.28,1.0,0.19209891274072644,False,False,SPN23F_RS00875,SPN23F_RS00875,response regulator transcription factor
158304,158304,logistic+PCs,1.0065498839258593,0.7349645468674625,1.3695216840267157,0.17083626139306907,2.73614469490296,0.18,0.18,1.0,0.37721854569064445,False,False,SPN23F_RS00875,SPN23F_RS00875,response regulator transcription factor
158433,158433,logistic+PCs,1.3320519638469763,1.4958682456513777,0.8904874929455653,0.3732041811827612,3.7888099174981194,0.2,0.2,1.0,0.5167792748789353,False,False,SPN23F_RS00875,SPN23F_RS00875,response regulator transcription factor
158459,158459,logistic+PCs,0.5718218758673573,0.6310265412529668,0.9061772183654073,0.36484205917653423,1.7714915509287876,0.22,0.22,1.0,0.5095517684561522,False,False,SPN23F_RS00875,SPN23F_RS00875,response regulator transcription factor
158549,158549,logistic+PCs,-6.142452933485942,6.607494765637623,-0.9296190388874559,0.3525683662737379,0.0021496442116584404,0.07,0.07,1.0,0.4989589722203148,False,False,SPN23F_RS00875,SPN23F_RS00875,response regulator transcription factor
158761,158761,logistic+PCs,-1.8254264000735072,2.6167900403835045,-0.6975822943005321,0.48543845757589266,0.1611489155684423,0.17,0.17,1.0,0.5731338238716763,False,False,SPN23F_RS00875,SPN23F_RS00875,response regulator transcription factor
158779,158779,logistic+PCs,-2.0519130238535275,1.1498103841959977,-1.7845664398728864,0.07433166904797711,0.12848886605932408,0.05,0.05,1.0,0.1932055977926428,False,False,SPN23F_RS00875,SPN23F_RS00875,response regulator transcription factor
159621,159621,logistic+PCs,-2.4455690613643934,0.69909289730636,-3.498203272822959,0.00046840398277467094,0.08667679644871053,0.34,0.34,1.0,0.007974577806738773,False,True,SPN23F_RS00880,SPN23F_RS00880,ABC transporter permease
159846,159846,logistic+PCs,2.1731360992606947,0.7103974075157872,3.0590428347141754,0.002220453990504056,8.78579400328558,0.24,0.24,1.0,0.02256127125337857,False,True,SPN23F_RS00880,SPN23F_RS00880,ABC transporter permease
159936,159936,logistic+PCs,-4.641320397381997,1.5017779928233794,-3.0905502807749907,0.0019978597534387296,0.009644954044022892,0.38,0.38,1.0,0.02256127125337857,False,True,nrdI,SPN23F_RS00885,class Ib ribonucleoside-diphosphate reductase assembly flavoprotein NrdI
159984,159984,logistic+PCs,1.709332331149185,1.7415089391981453,0.9815237192731404,0.3263345434737287,5.525271194348724,0.31,0.31,1.0,0.4989589722203148,False,False,nrdI,SPN23F_RS00885,class Ib ribonucleoside-diphosphate reductase assembly flavoprotein NrdI
160183,160183,logistic+PCs,11.741987811396758,4.022628019978928,2.9189842443990797,0.003511739725195489,125742.04322366399,0.14,0.14,1.0,0.02256127125337857,False,True,nrdI,SPN23F_RS00885,class Ib ribonucleoside-diphosphate reductase assembly flavoprotein NrdI
160202,160202,logistic+PCs,-1.8254264000735072,2.6167900403835045,-0.6975822943005321,0.48543845757589266,0.1611489155684423,0.17,0.17,1.0,0.5731338238716763,False,False,nrdI,SPN23F_RS00885,class Ib ribonucleoside-diphosphate reductase assembly flavoprotein NrdI
160508,160508,logistic+PCs,-0.9169818854850338,0.5869308814739025,-1.562333682600422,0.11820940107427448,0.39972363407230443,0.35,0.35,1.0,0.27587594973125745,False,False,nrdI,SPN23F_RS00885,class Ib ribonucleoside-diphosphate reductase assembly flavoprotein NrdI
161048,161048,logistic+PCs,-1.8254264000735072,2.6167900403835045,-0.6975822943005321,0.48543845757589266,0.1611489155684423,0.17,0.17,1.0,0.5731338238716763,False,False,SPN23F_RS00890,SPN23F_RS00890,NRAMP family divalent metal transporter
161050,161050,logistic+PCs,11.741987811396758,4.022628019978928,2.9189842443990797,0.003511739725195489,125742.04322366399,0.14,0.14,1.0,0.02256127125337857,False,True,SPN23F_RS00890,SPN23F_RS00890,NRAMP family divalent metal transporter
161096,161096,logistic+PCs,-1.3787754037104778,0.6413039925962013,-2.149956057701682,0.03155869078582867,0.2518868239375189,0.32,0.32,1.0,0.10734999213361301,False,False,SPN23F_RS00890,SPN23F_RS00890,NRAMP family divalent metal transporter
161162,161162,logistic+PCs,-6.142452933485942,6.607494765637623,-0.9296190388874559,0.3525683662737379,0.0021496442116584404,0.07,0.07,1.0,0.4989589722203148,False,False,SPN23F_RS00890,SPN23F_RS00890,NRAMP family divalent metal transporter
161207,161207,logistic+PCs,-1.1502510858908181,0.7423762366331791,-1.549417975860099,0.12128127529861707,0.3165572763339565,0.39,0.39,1.0,0.2809328345126901,False,False,SPN23F_RS00890,SPN23F_RS00890,NRAMP family divalent metal transporter
161224,161224,logistic+PCs,11.741987811396758,4.022628019978928,2.9189842443990797,0.003511739725195489,125742.04322366399,0.14,0.14,1.0,0.02256127125337857,False,True,SPN23F_RS00890,SPN23F_RS00890,NRAMP family divalent metal transporter
161240,161240,logistic+PCs,-0.9715209943448283,0.7040029476766697,-1.3799956343237112,0.16758798901084804,0.3785068932138549,0.32,0.32,1.0,0.3719928960768824,False,False,SPN23F_RS00890,SPN23F_RS00890,NRAMP family divalent metal transporter
161310,161310,logistic+PCs,2.788716942267085,0.7823436256693127,3.5645678583771607,0.0003644561558238538,16.26014370891212,0.37,0.37,1.0,0.00656344784890999,False,True,SPN23F_RS00890,SPN23F_RS00890,NRAMP family divalent metal transporter
161477,161477,logistic+PCs,0.8819159345260832,0.77869434926228,1.132557254796562,0.2574002277796118,2.4155232602024768,0.45,0.45,1.0,0.4989589722203148,False,False,SPN23F_RS00890,SPN23F_RS00890,NRAMP family divalent metal transporter
161925,161925,logistic+PCs,-2.8881827472456627,1.1112273149859184,-2.599092650347838,0.009347054146591144,0.05567730046019323,0.08,0.08,1.0,0.045337207078551066,False,True,SPN23F_RS00895,SPN23F_RS00895,DUF3021 domain-containing protein
162034,162034,logistic+PCs,2.788716942267085,0.7823436256693127,3.5645678583771607,0.0003644561558238538,16.26014370891212,0.37,0.37,1.0,0.00656344784890999,False,True,SPN23F_RS00895,SPN23F_RS00895,DUF3021 domain-containing protein
162221,162221,logistic+PCs,-1.8254264000735072,2.6167900403835045,-0.6975822943005321,0.48543845757589266,0.1611489155684423,0.17,0.17,1.0,0.5731338238716763,False,False,SPN23F_RS00895,SPN23F_RS00895,DUF3021 domain-containing protein
162238,162238,logistic+PCs,-2.3951442889672956,1.131391976485111,-2.1169889293437247,0.034260787369801315,0.09115952465994084,0.06,0.06,1.0,0.11348052625892362,False,False,SPN23F_RS00895,SPN23F_RS00895,DUF3021 domain-containing protein
162321,162321,logistic+PCs,-1.8254264000735072,2.6167900403835045,-0.6975822943005321,0.48543845757589266,0.1611489155684423,0.17,0.17,1.0,0.5731338238716763,False,False,SPN23F_RS00895,SPN23F_RS00895,DUF3021 domain-containing protein
162697,162697,logistic+PCs,0.7884587569108682,0.7400395333625697,1.0654278877890384,0.2866823423203535,2.200003072404661,0.1,0.1,1.0,0.4989589722203148,False,False,SPN23F_RS00900,SPN23F_RS00900,LytTR family DNA-binding domain-containing protein
162835,162835,logistic+PCs,-6.142452933485942,6.607494765637623,-0.9296190388874559,0.3525683662737379,0.0021496442116584404,0.07,0.07,1.0,0.4989589722203148,False,False,SPN23F_RS00900,SPN23F_RS00900,LytTR family DNA-binding domain-containing protein
162877,162877,logistic+PCs,-6.142452933485942,6.607494765637623,-0.9296190388874559,0.3525683662737379,0.0021496442116584404,0.07,0.07,1.0,0.4989589722203148,False,False,SPN23F_RS00900,SPN23F_RS00900,LytTR family DNA-binding domain-containing protein
162910,162910,logistic+PCs,-6.142452933485942,6.607494765637623,-0.9296190388874559,0.3525683662737379,0.0021496442116584404,0.07,0.07,1.0,0.4989589722203148,False,False,SPN23F_RS00900,SPN23F_RS00900,LytTR family DNA-binding domain-containing protein
162995,162995,logistic+PCs,1.349312348068413,1.3904848893730704,0.9703897959486487,0.33185223300072386,3.85477387639193,0.1,0.1,1.0,0.4989589722203148,False,False,SPN23F_RS00900,SPN23F_RS00900,LytTR family DNA-binding domain-containing protein
163051,163051,logistic+PCs,-6.142452933485942,6.607494765637623,-0.9296190388874559,0.3525683662737379,0.0021496442116584404,0.07,0.07,1.0,0.4989589722203148,False,False,SPN23F_RS00900,SPN23F_RS00900,LytTR family DNA-binding domain-containing protein
163066,163066,logistic+PCs,-6.142452933485942,6.607494765637623,-0.9296190388874559,0.3525683662737379,0.0021496442116584404,0.07,0.07,1.0,0.4989589722203148,False,False,SPN23F_RS00900,SPN23F_RS00900,LytTR family DNA-binding domain-containing protein
163224,163224,logistic+PCs,-0.11160088312528468,0.5743800854139323,-0.19429796742492994,0.8459425770693603,0.8944011568678104,0.28,0.28,1.0,0.9063670468600289,False,False,SPN23F_RS14060,SPN23F_RS14060,hypothetical protein
163288,163288,logistic+PCs,-2.8881827472456627,1.1112273149859184,-2.599092650347838,0.009347054146591144,0.05567730046019323,0.08,0.08,1.0,0.045337207078551066,False,True,SPN23F_RS14060,SPN23F_RS14060,hypothetical protein
163705,163705,logistic+PCs,6.275039966466077,2.2238737045158197,2.8216710120381028,0.00477741584927493,531.1476094267349,0.41,0.41,1.0,0.02902429173809537,False,True,SPN23F_RS14060,SPN23F_RS14060,hypothetical protein
163767,163767,logistic+PCs,-0.6428616536726324,0.7333001482291895,-0.8766691991335981,0.3806663411241681,0.5257856526983642,0.43,0.43,1.0,0.5260425696135521,False,False,SPN23F_RS14060,SPN23F_RS14060,hypothetical protein
163776,163776,logistic+PCs,-1.2279444714139507,0.9773862961734013,-1.256355318487192,0.20898717379266918,0.2928940113500576,0.14,0.14,1.0,0.43629756392644914,False,False,SPN23F_RS14060,SPN23F_RS14060,hypothetical protein
163787,163787,logistic+PCs,-0.6428616536726324,0.7333001482291895,-0.8766691991335981,0.3806663411241681,0.5257856526983642,0.43,0.43,1.0,0.5260425696135521,False,False,SPN23F_RS14060,SPN23F_RS14060,hypothetical protein
163793,163793,logistic+PCs,-0.6428616536726324,0.7333001482291895,-0.8766691991335981,0.3806663411241681,0.5257856526983642,0.43,0.43,1.0,0.5260425696135521,False,False,SPN23F_RS14060,SPN23F_RS14060,hypothetical protein
164181,164181,logistic+PCs,-2.3951442889672956,1.131391976485111,-2.1169889293437247,0.034260787369801315,0.09115952465994084,0.06,0.06,1.0,0.11348052625892362,False,False,SPN23F_RS14060,SPN23F_RS14060,hypothetical protein
164532,164532,logistic+PCs,0.3956103304977494,0.862903322855045,0.4584642566780405,0.6466189362593162,1.4852904323882816,0.48,0.48,1.0,0.7300190576800304,False,False,mutL,SPN23F_RS00905,DNA mismatch repair endonuclease MutL
164694,164694,logistic+PCs,0.848010301512098,1.3746557904798071,0.6168891931965821,0.5373078153522848,2.334996288266489,0.38,0.38,1.0,0.6214446709492288,False,False,mutL,SPN23F_RS00905,DNA mismatch repair endonuclease MutL
164726,164726,logistic+PCs,-0.16273790106780542,0.6368941692060018,-0.25551796348000205,0.7983230711287417,0.8498138945421199,0.13,0.13,1.0,0.8618548057049351,False,False,mutL,SPN23F_RS00905,DNA mismatch repair endonuclease MutL
165324,165324,logistic+PCs,-2.3951442889672956,1.131391976485111,-2.1169889293437247,0.034260787369801315,0.09115952465994084,0.06,0.06,1.0,0.11348052625892362,False,False,ribH,SPN23F_RS00910,6%2C7-dimethyl-8-ribityllumazine synthase
165335,165335,logistic+PCs,-2.8881827472456627,1.1112273149859184,-2.599092650347838,0.009347054146591144,0.05567730046019323,0.08,0.08,1.0,0.045337207078551066,False,True,ribH,SPN23F_RS00910,6%2C7-dimethyl-8-ribityllumazine synthase
165349,165349,logistic+PCs,-2.3951442889672956,1.131391976485111,-2.1169889293437247,0.034260787369801315,0.09115952465994084,0.06,0.06,1.0,0.11348052625892362,False,False,ribH,SPN23F_RS00910,6%2C7-dimethyl-8-ribityllumazine synthase
165803,165803,logistic+PCs,-6.142452933485942,6.607494765637623,-0.9296190388874559,0.3525683662737379,0.0021496442116584404,0.07,0.07,1.0,0.4989589722203148,False,False,ribH,SPN23F_RS00910,6%2C7-dimethyl-8-ribityllumazine synthase
167134,167134,logistic+PCs,-6.142452933485942,6.607494765637623,-0.9296190388874559,0.3525683662737379,0.0021496442116584404,0.07,0.07,1.0,0.4989589722203148,False,False,SPN23F_RS00915,SPN23F_RS00915,bifunctional 3%2C4-dihydroxy-2-butanone-4-phosphate synthase/GTP cyclohydrolase II
167241,167241,logistic+PCs,0.2184558129711852,0.6470968133587529,0.3375937084858931,0.7356693840164718,1.244154039942134,0.19,0.19,1.0,0.8020509453878177,False,False,SPN23F_RS00915,SPN23F_RS00915,bifunctional 3%2C4-dihydroxy-2-butanone-4-phosphate synthase/GTP cyclohydrolase II
167617,167617,logistic+PCs,-0.4498209870608163,0.6679941966768096,-0.6733905613231692,0.5006988518342708,0.6377423055285097,0.42,0.42,1.0,0.5889293476494247,False,False,ribE,SPN23F_RS00920,riboflavin synthase
167914,167914,logistic+PCs,3.584079863504116,1.5594090061212034,2.2983578069867496,0.02154143285204756,36.020198966251655,0.24,0.24,1.0,0.08232163733021543,False,False,ribE,SPN23F_RS00920,riboflavin synthase
168001,168001,logistic+PCs,30.448562235846268,1237884.4122500094,2.4597257978636475e-05,0.9999803742276228,16735649083820.238,0.16,0.16,1.0,0.9999999852469791,False,False,ribE,SPN23F_RS00920,riboflavin synthase
168232,168232,logistic+PCs,4.982427731731632,1.992546435860485,2.500532806694646,0.012400664695181248,145.82798347760033,0.31,0.31,1.0,0.05288964410811788,False,False,ribE,SPN23F_RS00920,riboflavin synthase
168454,168454,logistic+PCs,-1.4525740209122306,1.885006429813014,-0.7705936690392726,0.4409478149374113,0.2339672756830764,0.24,0.24,1.0,0.5731338238716763,False,False,ribE,SPN23F_RS00920,riboflavin synthase
168924,168924,logistic+PCs,11.741987811396758,4.022628019978928,2.9189842443990797,0.003511739725195489,125742.04322366399,0.14,0.14,1.0,0.02256127125337857,False,True,ribD,SPN23F_RS00925,bifunctional diaminohydroxyphosphoribosylaminopyrimidine deaminase/5-amino-6-(5-phosphoribosylamino)uracil reductase RibD
168987,168987,logistic+PCs,11.741987811396758,4.022628019978928,2.9189842443990797,0.003511739725195489,125742.04322366399,0.14,0.14,1.0,0.02256127125337857,False,True,ribD,SPN23F_RS00925,bifunctional diaminohydroxyphosphoribosylaminopyrimidine deaminase/5-amino-6-(5-phosphoribosylamino)uracil reductase RibD
169077,169077,logistic+PCs,11.741987811396758,4.022628019978928,2.9189842443990797,0.003511739725195489,125742.04322366399,0.14,0.14,1.0,0.02256127125337857,False,True,ribD,SPN23F_RS00925,bifunctional diaminohydroxyphosphoribosylaminopyrimidine deaminase/5-amino-6-(5-phosphoribosylamino)uracil reductase RibD
169380,169380,logistic+PCs,-0.8345104041517963,0.6012793691030552,-1.3878912981775147,0.16517014800525476,0.4340869565869744,0.25,0.25,1.0,0.3681265817790471,False,False,ruvA,SPN23F_RS00930,Holliday junction branch migration protein RuvA
169671,169671,logistic+PCs,1.709332331149185,1.7415089391981453,0.9815237192731404,0.3263345434737287,5.525271194348724,0.31,0.31,1.0,0.4989589722203148,False,False,ruvA,SPN23F_RS00930,Holliday junction branch migration protein RuvA
169740,169740,logistic+PCs,1.709332331149185,1.7415089391981453,0.9815237192731404,0.3263345434737287,5.525271194348724,0.31,0.31,1.0,0.4989589722203148,False,False,ruvA,SPN23F_RS00930,Holliday junction branch migration protein RuvA
169758,169758,logistic+PCs,0.848010301512098,1.3746557904798071,0.6168891931965821,0.5373078153522848,2.334996288266489,0.38,0.38,1.0,0.6214446709492288,False,False,ruvA,SPN23F_RS00930,Holliday junction branch migration protein RuvA
169777,169777,logistic+PCs,1.3776852676869176,0.9439243009788063,1.459529398976508,0.1444194550974285,3.9657114347776945,0.15,0.15,1.0,0.32609300040235023,False,False,ruvA,SPN23F_RS00930,Holliday junction branch migration protein RuvA
169779,169779,logistic+PCs,0.848010301512098,1.3746557904798071,0.6168891931965821,0.5373078153522848,2.334996288266489,0.38,0.38,1.0,0.6214446709492288,False,False,ruvA,SPN23F_RS00930,Holliday junction branch migration protein RuvA
169821,169821,logistic+PCs,-6.142452933485942,6.607494765637623,-0.9296190388874559,0.3525683662737379,0.0021496442116584404,0.07,0.07,1.0,0.4989589722203148,False,False,ruvA,SPN23F_RS00930,Holliday junction branch migration protein RuvA
169827,169827,logistic+PCs,-6.142452933485942,6.607494765637623,-0.9296190388874559,0.3525683662737379,0.0021496442116584404,0.07,0.07,1.0,0.4989589722203148,False,False,ruvA,SPN23F_RS00930,Holliday junction branch migration protein RuvA
169881,169881,logistic+PCs,0.5645815907348519,1.5272782866270533,0.36966517214208083,0.7116319849598831,1.758711767456521,0.32,0.32,1.0,0.7801374464869292,False,False,ruvA,SPN23F_RS00930,Holliday junction branch migration protein RuvA
169923,169923,logistic+PCs,5.291140613222218,1.7686943210265378,2.991551762404754,0.002775634779268347,198.56978761426373,0.46,0.46,1.0,0.02256127125337857,False,True,ruvA,SPN23F_RS00930,Holliday junction branch migration protein RuvA
169953,169953,logistic+PCs,-1.8254264000735072,2.6167900403835045,-0.6975822943005321,0.48543845757589266,0.1611489155684423,0.17,0.17,1.0,0.5731338238716763,False,False,SPN23F_RS00935,SPN23F_RS00935,DNA-3-methyladenine glycosylase I
169962,169962,logistic+PCs,8.473861315535846,2.2454437525090754,3.773802530598725,0.00016077803898720313,4787.967675641131,0.45,0.45,0.5474492227514266,0.0035548650828014718,False,True,SPN23F_RS00935,SPN23F_RS00935,DNA-3-methyladenine glycosylase I
169983,169983,logistic+PCs,8.473861315535846,2.2454437525090754,3.773802530598725,0.00016077803898720313,4787.967675641131,0.45,0.45,0.5474492227514266,0.0035548650828014718,False,True,SPN23F_RS00935,SPN23F_RS00935,DNA-3-methyladenine glycosylase I
170099,170099,logistic+PCs,11.741987811396758,4.022628019978928,2.9189842443990797,0.003511739725195489,125742.04322366399,0.14,0.14,1.0,0.02256127125337857,False,True,SPN23F_RS00935,SPN23F_RS00935,DNA-3-methyladenine glycosylase I
170139,170139,logistic+PCs,-31.421860816641832,1096941.7053003667,-2.8644968702359473e-05,0.9999771446217308,2.257663627194996e-14,0.16,0.16,1.0,0.9999999852469791,False,False,SPN23F_RS00935,SPN23F_RS00935,DNA-3-methyladenine glycosylase I
170291,170291,logistic+PCs,-2.2015831470987077,0.7314662398589279,-3.0098219536739106,0.0026140087387060413,0.11062787944640777,0.13,0.13,1.0,0.02256127125337857,False,True,SPN23F_RS00935,SPN23F_RS00935,DNA-3-methyladenine glycosylase I
171048,171048,logistic+PCs,1.8285257785787123,0.9591542241578878,1.9063939171868944,0.056599117331931785,6.2247033000899075,0.07,0.07,1.0,0.15980099047697158,False,False,SPN23F_RS00940,SPN23F_RS00940,CPBP family intramembrane glutamic endopeptidase
171390,171390,logistic+PCs,-6.142452933485942,6.607494765637623,-0.9296190388874559,0.3525683662737379,0.0021496442116584404,0.07,0.07,1.0,0.4989589722203148,False,False,SPN23F_RS00940,SPN23F_RS00940,CPBP family intramembrane glutamic endopeptidase
171441,171441,logistic+PCs,-1.8254264000735072,2.6167900403835045,-0.6975822943005321,0.48543845757589266,0.1611489155684423,0.17,0.17,1.0,0.5731338238716763,False,False,SPN23F_RS00940,SPN23F_RS00940,CPBP family intramembrane glutamic endopeptidase
172282,172282,logistic+PCs,-6.142452933485942,6.607494765637623,-0.9296190388874559,0.3525683662737379,0.0021496442116584404,0.07,0.07,1.0,0.4989589722203148,False,False,SPN23F_RS00945,SPN23F_RS00945,S66 family peptidase
172421,172421,logistic+PCs,-1.8254264000735072,2.6167900403835045,-0.6975822943005321,0.48543845757589266,0.1611489155684423,0.17,0.17,1.0,0.5731338238716763,False,False,SPN23F_RS00945,SPN23F_RS00945,S66 family peptidase
172459,172459,logistic+PCs,-1.4525740209122306,1.885006429813014,-0.7705936690392726,0.4409478149374113,0.2339672756830764,0.24,0.24,1.0,0.5731338238716763,False,False,SPN23F_RS00945,SPN23F_RS00945,S66 family peptidase
172461,172461,logistic+PCs,-1.4525740209122306,1.885006429813014,-0.7705936690392726,0.4409478149374113,0.2339672756830764,0.24,0.24,1.0,0.5731338238716763,False,False,SPN23F_RS00945,SPN23F_RS00945,S66 family peptidase
172506,172506,logistic+PCs,-0.17031620224613803,0.9509216068942971,-0.17910645947186907,0.8578541100978581,0.8433980900583758,0.05,0.05,1.0,0.9144955360611808,False,False,SPN23F_RS00945,SPN23F_RS00945,S66 family peptidase
172536,172536,logistic+PCs,-6.142452933485942,6.607494765637623,-0.9296190388874559,0.3525683662737379,0.0021496442116584404,0.07,0.07,1.0,0.4989589722203148,False,False,SPN23F_RS00945,SPN23F_RS00945,S66 family peptidase
172548,172548,logistic+PCs,-6.142452933485942,6.607494765637623,-0.9296190388874559,0.3525683662737379,0.0021496442116584404,0.07,0.07,1.0,0.4989589722203148,False,False,SPN23F_RS00945,SPN23F_RS00945,S66 family peptidase
172705,172705,logistic+PCs,-6.142452933485942,6.607494765637623,-0.9296190388874559,0.3525683662737379,0.0021496442116584404,0.07,0.07,1.0,0.4989589722203148,False,False,SPN23F_RS00950,SPN23F_RS00950,DUF1129 domain-containing protein
173107,173107,logistic+PCs,4.982427731731632,1.992546435860485,2.500532806694646,0.012400664695181248,145.82798347760033,0.31,0.31,1.0,0.05288964410811788,False,False,SPN23F_RS00950,SPN23F_RS00950,DUF1129 domain-containing protein
173128,173128,logistic+PCs,-1.8254264000735072,2.6167900403835045,-0.6975822943005321,0.48543845757589266,0.1611489155684423,0.17,0.17,1.0,0.5731338238716763,False,False,SPN23F_RS00950,SPN23F_RS00950,DUF1129 domain-containing protein
173230,173230,logistic+PCs,2.5389554721280128,1.0654365773922407,2.3830188732044024,0.017171313962568373,12.666433615693949,0.38,0.38,1.0,0.07002194496113211,False,False,SPN23F_RS00950,SPN23F_RS00950,DUF1129 domain-containing protein
173422,173422,logistic+PCs,-6.142452933485942,6.607494765637623,-0.9296190388874559,0.3525683662737379,0.0021496442116584404,0.07,0.07,1.0,0.4989589722203148,False,False,SPN23F_RS00950,SPN23F_RS00950,DUF1129 domain-containing protein
173784,173784,logistic+PCs,-6.142452933485942,6.607494765637623,-0.9296190388874559,0.3525683662737379,0.0021496442116584404,0.07,0.07,1.0,0.4989589722203148,False,False,SPN23F_RS00955,SPN23F_RS00955,magnesium transporter CorA family protein
173816,173816,logistic+PCs,-2.675895267810013,0.8404015353128563,-3.1840675621967507,0.0014522111316631855,0.06884516593563662,0.12,0.12,1.0,0.019315542591066978,False,True,SPN23F_RS00955,SPN23F_RS00955,magnesium transporter CorA family protein
173830,173830,logistic+PCs,4.792650220268042,2.734637023414684,1.7525727104665465,0.07967537894274683,120.6206166405924,0.21,0.21,1.0,0.2016564803358884,False,False,SPN23F_RS00955,SPN23F_RS00955,magnesium transporter CorA family protein
173833,173833,logistic+PCs,0.5182940340171431,0.8770305060003544,0.5909646591209151,0.5545441006752727,1.6791606139743167,0.28,0.28,1.0,0.6383443755237673,False,False,SPN23F_RS00955,SPN23F_RS00955,magnesium transporter CorA family protein
173852,173852,logistic+PCs,-6.142452933485942,6.607494765637623,-0.9296190388874559,0.3525683662737379,0.0021496442116584404,0.07,0.07,1.0,0.4989589722203148,False,False,SPN23F_RS00955,SPN23F_RS00955,magnesium transporter CorA family protein
173998,173998,logistic+PCs,4.982427731731632,1.992546435860485,2.500532806694646,0.012400664695181248,145.82798347760033,0.31,0.31,1.0,0.05288964410811788,False,False,SPN23F_RS00955,SPN23F_RS00955,magnesium transporter CorA family protein
174016,174016,logistic+PCs,2.2591799607201803,1.1208783378670413,2.015544314130696,0.04384764776372443,9.575233878488287,0.14,0.14,1.0,0.13647279765583334,False,False,SPN23F_RS00955,SPN23F_RS00955,magnesium transporter CorA family protein
174100,174100,logistic+PCs,-1.8254264000735072,2.6167900403835045,-0.6975822943005321,0.48543845757589266,0.1611489155684423,0.17,0.17,1.0,0.5731338238716763,False,False,SPN23F_RS00955,SPN23F_RS00955,magnesium transporter CorA family protein
174538,174538,logistic+PCs,-2.8881827472456627,1.1112273149859184,-2.599092650347838,0.009347054146591144,0.05567730046019323,0.08,0.08,1.0,0.045337207078551066,False,True,SPN23F_RS00955,SPN23F_RS00955,magnesium transporter CorA family protein
175048,175048,logistic+PCs,2.088222179828355,1.3510397722004472,1.5456407892620763,0.12219134446792776,8.07055440824326,0.11,0.11,1.0,0.2809328345126901,False,False,uvrA,SPN23F_RS00960,excinuclease ABC subunit UvrA
175834,175834,logistic+PCs,11.741987811396758,4.022628019978928,2.9189842443990797,0.003511739725195489,125742.04322366399,0.14,0.14,1.0,0.02256127125337857,False,True,uvrA,SPN23F_RS00960,excinuclease ABC subunit UvrA
176013,176013,logistic+PCs,-6.142452933485942,6.607494765637623,-0.9296190388874559,0.3525683662737379,0.0021496442116584404,0.07,0.07,1.0,0.4989589722203148,False,False,uvrA,SPN23F_RS00960,excinuclease ABC subunit UvrA
176142,176142,logistic+PCs,-6.142452933485942,6.607494765637623,-0.9296190388874559,0.3525683662737379,0.0021496442116584404,0.07,0.07,1.0,0.4989589722203148,False,False,uvrA,SPN23F_RS00960,excinuclease ABC subunit UvrA
176247,176247,logistic+PCs,2.088222179828355,1.3510397722004472,1.5456407892620763,0.12219134446792776,8.07055440824326,0.11,0.11,1.0,0.2809328345126901,False,False,uvrA,SPN23F_RS00960,excinuclease ABC subunit UvrA
176435,176435,logistic+PCs,-6.142452933485942,6.607494765637623,-0.9296190388874559,0.3525683662737379,0.0021496442116584404,0.07,0.07,1.0,0.4989589722203148,False,False,uvrA,SPN23F_RS00960,excinuclease ABC subunit UvrA
176439,176439,logistic+PCs,-6.142452933485942,6.607494765637623,-0.9296190388874559,0.3525683662737379,0.0021496442116584404,0.07,0.07,1.0,0.4989589722203148,False,False,uvrA,SPN23F_RS00960,excinuclease ABC subunit UvrA
176452,176452,logistic+PCs,-6.142452933485942,6.607494765637623,-0.9296190388874559,0.3525683662737379,0.0021496442116584404,0.07,0.07,1.0,0.4989589722203148,False,False,uvrA,SPN23F_RS00960,excinuclease ABC subunit UvrA
176487,176487,logistic+PCs,-1.8254264000735072,2.6167900403835045,-0.6975822943005321,0.48543845757589266,0.1611489155684423,0.17,0.17,1.0,0.5731338238716763,False,False,uvrA,SPN23F_RS00960,excinuclease ABC subunit UvrA
176496,176496,logistic+PCs,-6.142452933485942,6.607494765637623,-0.9296190388874559,0.3525683662737379,0.0021496442116584404,0.07,0.07,1.0,0.4989589722203148,False,False,uvrA,SPN23F_RS00960,excinuclease ABC subunit UvrA
176641,176641,logistic+PCs,1.709332331149185,1.7415089391981453,0.9815237192731404,0.3263345434737287,5.525271194348724,0.31,0.31,1.0,0.4989589722203148,False,False,SPN23F_RS00965,SPN23F_RS00965,M24 family metallopeptidase
176757,176757,logistic+PCs,-6.142452933485942,6.607494765637623,-0.9296190388874559,0.3525683662737379,0.0021496442116584404,0.07,0.07,1.0,0.4989589722203148,False,False,SPN23F_RS00965,SPN23F_RS00965,M24 family metallopeptidase
176985,176985,logistic+PCs,-6.142452933485942,6.607494765637623,-0.9296190388874559,0.3525683662737379,0.0021496442116584404,0.07,0.07,1.0,0.4989589722203148,False,False,SPN23F_RS00965,SPN23F_RS00965,M24 family metallopeptidase
177511,177511,logistic+PCs,8.473861315535846,2.2454437525090754,3.773802530598725,0.00016077803898720313,4787.967675641131,0.45,0.45,0.5474492227514266,0.0035548650828014718,False,True,SPN23F_RS00965,SPN23F_RS00965,M24 family metallopeptidase
177526,177526,logistic+PCs,-6.142452933485942,6.607494765637623,-0.9296190388874559,0.3525683662737379,0.0021496442116584404,0.07,0.07,1.0,0.4989589722203148,False,False,SPN23F_RS00965,SPN23F_RS00965,M24 family metallopeptidase
177536,177536,logistic+PCs,-4.504803273704161,1.4928531371990237,-3.0175796677202484,0.0025480205600674093,0.011055764932620416,0.38,0.38,1.0,0.02256127125337857,False,True,SPN23F_RS00965,SPN23F_RS00965,M24 family metallopeptidase
177544,177544,logistic+PCs,-6.142452933485942,6.607494765637623,-0.9296190388874559,0.3525683662737379,0.0021496442116584404,0.07,0.07,1.0,0.4989589722203148,False,False,SPN23F_RS00965,SPN23F_RS00965,M24 family metallopeptidase
177614,177614,logistic+PCs,-1.8254264000735072,2.6167900403835045,-0.6975822943005321,0.48543845757589266,0.1611489155684423,0.17,0.17,1.0,0.5731338238716763,False,False,SPN23F_RS00965,SPN23F_RS00965,M24 family metallopeptidase
178087,178087,logistic+PCs,-6.142452933485942,6.607494765637623,-0.9296190388874559,0.3525683662737379,0.0021496442116584404,0.07,0.07,1.0,0.4989589722203148,False,False,SPN23F_RS00965,SPN23F_RS00965,M24 family metallopeptidase
178522,178522,logistic+PCs,-6.142452933485942,6.607494765637623,-0.9296190388874559,0.3525683662737379,0.0021496442116584404,0.07,0.07,1.0,0.4989589722203148,False,False,spx,SPN23F_RS00970,transcriptional regulator Spx
179339,179339,logistic+PCs,-6.142452933485942,6.607494765637623,-0.9296190388874559,0.3525683662737379,0.0021496442116584404,0.07,0.07,1.0,0.4989589722203148,False,False,SPN23F_RS00975,SPN23F_RS00975,SP0191 family lipoprotein
179418,179418,logistic+PCs,-6.142452933485942,6.607494765637623,-0.9296190388874559,0.3525683662737379,0.0021496442116584404,0.07,0.07,1.0,0.4989589722203148,False,False,SPN23F_RS00975,SPN23F_RS00975,SP0191 family lipoprotein
179675,179675,logistic+PCs,-6.142452933485942,6.607494765637623,-0.9296190388874559,0.3525683662737379,0.0021496442116584404,0.07,0.07,1.0,0.4989589722203148,False,False,SPN23F_RS00980,SPN23F_RS00980,IreB family regulatory phosphoprotein
179764,179764,logistic+PCs,-6.142452933485942,6.607494765637623,-0.9296190388874559,0.3525683662737379,0.0021496442116584404,0.07,0.07,1.0,0.4989589722203148,False,False,SPN23F_RS00980,SPN23F_RS00980,IreB family regulatory phosphoprotein
179807,179807,logistic+PCs,-6.142452933485942,6.607494765637623,-0.9296190388874559,0.3525683662737379,0.0021496442116584404,0.07,0.07,1.0,0.4989589722203148,False,False,SPN23F_RS00980,SPN23F_RS00980,IreB family regulatory phosphoprotein
179813,179813,logistic+PCs,-6.142452933485942,6.607494765637623,-0.9296190388874559,0.3525683662737379,0.0021496442116584404,0.07,0.07,1.0,0.4989589722203148,False,False,SPN23F_RS00980,SPN23F_RS00980,IreB family regulatory phosphoprotein
179882,179882,logistic+PCs,2.8734280508687866,1.217788015735976,2.359546993186837,0.018297263259375026,17.69758254491765,0.29,0.29,1.0,0.07390561722423257,False,False,SPN23F_RS00980,SPN23F_RS00980,IreB family regulatory phosphoprotein
180425,180425,logistic+PCs,-6.142452933485942,6.607494765637623,-0.9296190388874559,0.3525683662737379,0.0021496442116584404,0.07,0.07,1.0,0.4989589722203148,False,False,ruvX,SPN23F_RS00985,Holliday junction resolvase RuvX
180650,180650,logistic+PCs,4.982427731731632,1.992546435860485,2.500532806694646,0.012400664695181248,145.82798347760033,0.31,0.31,1.0,0.05288964410811788,False,False,ruvX,SPN23F_RS00985,Holliday junction resolvase RuvX
180824,180824,logistic+PCs,2.6411714168299487,1.4174620867416363,1.8633100959344109,0.062418650536878735,14.029628528617375,0.33,0.33,1.0,0.17030088547922442,False,False,ruvX,SPN23F_RS00985,Holliday junction resolvase RuvX
180966,180966,logistic+PCs,0.5249485528626541,0.6812778154788869,0.7705352221012142,0.4409824699772794,1.6903718813476627,0.18,0.18,1.0,0.5731338238716763,False,False,SPN23F_RS00990,SPN23F_RS00990,DUF1292 domain-containing protein
181191,181191,logistic+PCs,1.1923795095181455,0.7536337467730386,1.5821737211526938,0.11360991772299753,3.2949121616231314,0.44,0.44,1.0,0.2656880287409386,False,False,SPN23F_RS00990,SPN23F_RS00990,DUF1292 domain-containing protein
182210,182210,logistic+PCs,0.8125098742699993,0.8019859618161538,1.0131223150465294,0.3110017406976644,2.253557039334012,0.47,0.47,1.0,0.4989589722203148,False,False,SPN23F_RS01000,SPN23F_RS01000,SP 0198 family lipoprotein
182238,182238,logistic+PCs,30.448562235846268,1237884.4122500094,2.4597257978636475e-05,0.9999803742276228,16735649083820.238,0.16,0.16,1.0,0.9999999852469791,False,False,SPN23F_RS01000,SPN23F_RS01000,SP 0198 family lipoprotein
182513,182513,logistic+PCs,-6.142452933485942,6.607494765637623,-0.9296190388874559,0.3525683662737379,0.0021496442116584404,0.07,0.07,1.0,0.4989589722203148,False,False,SPN23F_RS01000,SPN23F_RS01000,SP 0198 family lipoprotein
182522,182522,logistic+PCs,-6.142452933485942,6.607494765637623,-0.9296190388874559,0.3525683662737379,0.0021496442116584404,0.07,0.07,1.0,0.4989589722203148,False,False,SPN23F_RS01000,SPN23F_RS01000,SP 0198 family lipoprotein
183569,183569,logistic+PCs,4.062488621885679,2.319686840588039,1.7513090779339167,0.07989268486728736,58.11876689171201,0.17,0.17,1.0,0.2016564803358884,False,False,cls,SPN23F_RS01005,cardiolipin synthase
183670,183670,logistic+PCs,-0.22394505257232253,0.5898548428359621,-0.3796612934389374,0.7041968558360014,0.7993590558865785,0.24,0.24,1.0,0.7773451483196139,False,False,cls,SPN23F_RS01005,cardiolipin synthase
184388,184388,logistic+PCs,-2.4735408183749596,0.8410473891858326,-2.9410243110907768,0.0032712885838579696,0.08428588899018222,0.11,0.11,1.0,0.02256127125337857,False,True,SPN23F_RS13460,SPN23F_RS13460,hypothetical protein
184463,184463,logistic+PCs,0.6610392939085479,0.6757723489680285,0.9781981978369203,0.3279763076233413,1.936804197566957,0.19,0.19,1.0,0.4989589722203148,False,False,SPN23F_RS13460,SPN23F_RS13460,hypothetical protein
184523,184523,logistic+PCs,0.6610392939085479,0.6757723489680285,0.9781981978369203,0.3279763076233413,1.936804197566957,0.19,0.19,1.0,0.4989589722203148,False,False,SPN23F_RS13460,SPN23F_RS13460,hypothetical protein
184758,184758,logistic+PCs,5.291140613222218,1.7686943210265378,2.991551762404754,0.002775634779268347,198.56978761426373,0.46,0.46,1.0,0.02256127125337857,False,True,SPN23F_RS13460,SPN23F_RS13460,hypothetical protein
185126,185126,logistic+PCs,-6.142452933485942,6.607494765637623,-0.9296190388874559,0.3525683662737379,0.0021496442116584404,0.07,0.07,1.0,0.4989589722203148,False,False,SPN23F_RS13460,SPN23F_RS13460,hypothetical protein
185869,185869,logistic+PCs,11.741987811396758,4.022628019978928,2.9189842443990797,0.003511739725195489,125742.04322366399,0.14,0.14,1.0,0.02256127125337857,False,True,SPN23F_RS01015,SPN23F_RS01015,hypothetical protein
186079,186079,fisher,inf,,,9.98125019602994e-05,,0.13,0.13,0.33986156917481947,0.0035548650828014718,False,True,nrdD,SPN23F_RS01020,anaerobic ribonucleoside-triphosphate reductase
186699,186699,logistic+PCs,-1.8254264000735072,2.6167900403835045,-0.6975822943005321,0.48543845757589266,0.1611489155684423,0.17,0.17,1.0,0.5731338238716763,False,False,nrdD,SPN23F_RS01020,anaerobic ribonucleoside-triphosphate reductase
187576,187576,logistic+PCs,0.868910272986969,0.7402835610220599,1.1737533004073775,0.24049385420512237,2.3843111890090776,0.17,0.17,1.0,0.48425876615519914,False,False,nrdD,SPN23F_RS01020,anaerobic ribonucleoside-triphosphate reductase
187737,187737,logistic+PCs,8.473861315535846,2.2454437525090754,3.773802530598725,0.00016077803898720313,4787.967675641131,0.45,0.45,0.5474492227514266,0.0035548650828014718,False,True,nrdD,SPN23F_RS01020,anaerobic ribonucleoside-triphosphate reductase
188118,188118,logistic+PCs,2.756859331414923,1.6471432680941265,1.6737216396511911,0.0941853188518962,15.750298719589445,0.21,0.21,1.0,0.2269646218617881,False,False,SPN23F_RS13465,SPN23F_RS13465,hypothetical protein
188208,188208,logistic+PCs,-1.3294554825003344,0.6858787570462669,-1.9383243304190192,0.052583665838716265,0.2646213130126453,0.42,0.42,1.0,0.15816906553076757,False,False,SPN23F_RS13465,SPN23F_RS13465,hypothetical protein
188353,188353,logistic+PCs,-1.8254264000735072,2.6167900403835045,-0.6975822943005321,0.48543845757589266,0.1611489155684423,0.17,0.17,1.0,0.5731338238716763,False,False,SPN23F_RS13465,SPN23F_RS13465,hypothetical protein
188359,188359,logistic+PCs,2.5863360691446178,1.2007695825869764,2.1538987218284897,0.03124811523189249,13.281021604572274,0.06,0.06,1.0,0.10672568205773438,False,False,SPN23F_RS13465,SPN23F_RS13465,hypothetical protein
188437,188437,logistic+PCs,-1.4525740209122306,1.885006429813014,-0.7705936690392726,0.4409478149374113,0.2339672756830764,0.24,0.24,1.0,0.5731338238716763,False,False,SPN23F_RS13465,SPN23F_RS13465,hypothetical protein
188464,188464,logistic+PCs,-1.4525740209122306,1.885006429813014,-0.7705936690392726,0.4409478149374113,0.2339672756830764,0.24,0.24,1.0,0.5731338238716763,False,False,SPN23F_RS13465,SPN23F_RS13465,hypothetical protein
188505,188505,logistic+PCs,-1.8254264000735072,2.6167900403835045,-0.6975822943005321,0.48543845757589266,0.1611489155684423,0.17,0.17,1.0,0.5731338238716763,False,False,SPN23F_RS01030,SPN23F_RS01030,GNAT family N-acetyltransferase
188575,188575,logistic+PCs,-6.142452933485942,6.607494765637623,-0.9296190388874559,0.3525683662737379,0.0021496442116584404,0.07,0.07,1.0,0.4989589722203148,False,False,SPN23F_RS01030,SPN23F_RS01030,GNAT family N-acetyltransferase
188656,188656,logistic+PCs,11.741987811396758,4.022628019978928,2.9189842443990797,0.003511739725195489,125742.04322366399,0.14,0.14,1.0,0.02256127125337857,False,True,SPN23F_RS01030,SPN23F_RS01030,GNAT family N-acetyltransferase
188707,188707,logistic+PCs,-6.142452933485942,6.607494765637623,-0.9296190388874559,0.3525683662737379,0.0021496442116584404,0.07,0.07,1.0,0.4989589722203148,False,False,SPN23F_RS01030,SPN23F_RS01030,GNAT family N-acetyltransferase
188804,188804,logistic+PCs,0.848010301512098,1.3746557904798071,0.6168891931965821,0.5373078153522848,2.334996288266489,0.38,0.38,1.0,0.6214446709492288,False,False,SPN23F_RS01030,SPN23F_RS01030,GNAT family N-acetyltransferase
188914,188914,logistic+PCs,0.848010301512098,1.3746557904798071,0.6168891931965821,0.5373078153522848,2.334996288266489,0.38,0.38,1.0,0.6214446709492288,False,False,SPN23F_RS01030,SPN23F_RS01030,GNAT family N-acetyltransferase
188968,188968,logistic+PCs,0.848010301512098,1.3746557904798071,0.6168891931965821,0.5373078153522848,2.334996288266489,0.38,0.38,1.0,0.6214446709492288,False,False,SPN23F_RS01030,SPN23F_RS01030,GNAT family N-acetyltransferase
188971,188971,logistic+PCs,1.8285257785787123,0.9591542241578878,1.9063939171868944,0.056599117331931785,6.2247033000899075,0.07,0.07,1.0,0.15980099047697158,False,False,SPN23F_RS01030,SPN23F_RS01030,GNAT family N-acetyltransferase
189181,189181,logistic+PCs,-1.9744135848529745,0.8009427813950418,-2.4651119040164646,0.01369704666609057,0.13884270784174912,0.38,0.38,1.0,0.05793595515284272,False,False,SPN23F_RS01030,SPN23F_RS01030,GNAT family N-acetyltransferase
189529,189529,logistic+PCs,-1.4525740209122306,1.885006429813014,-0.7705936690392726,0.4409478149374113,0.2339672756830764,0.24,0.24,1.0,0.5731338238716763,False,False,SPN23F_RS01030,SPN23F_RS01030,GNAT family N-acetyltransferase
189664,189664,logistic+PCs,-6.142452933485942,6.607494765637623,-0.9296190388874559,0.3525683662737379,0.0021496442116584404,0.07,0.07,1.0,0.4989589722203148,False,False,SPN23F_RS01030,SPN23F_RS01030,GNAT family N-acetyltransferase
189701,189701,logistic+PCs,-1.8254264000735072,2.6167900403835045,-0.6975822943005321,0.48543845757589266,0.1611489155684423,0.17,0.17,1.0,0.5731338238716763,False,False,SPN23F_RS01030,SPN23F_RS01030,GNAT family N-acetyltransferase
189801,189801,logistic+PCs,0.848010301512098,1.3746557904798071,0.6168891931965821,0.5373078153522848,2.334996288266489,0.38,0.38,1.0,0.6214446709492288,False,False,nrdG,SPN23F_RS01035,anaerobic ribonucleoside-triphosphate reductase activating protein
189985,189985,logistic+PCs,-6.142452933485942,6.607494765637623,-0.9296190388874559,0.3525683662737379,0.0021496442116584404,0.07,0.07,1.0,0.4989589722203148,False,False,SPN23F_RS01040,SPN23F_RS01040,uridine kinase family protein
189997,189997,logistic+PCs,-1.4525740209122306,1.885006429813014,-0.7705936690392726,0.4409478149374113,0.2339672756830764,0.24,0.24,1.0,0.5731338238716763,False,False,SPN23F_RS01040,SPN23F_RS01040,uridine kinase family protein
190021,190021,logistic+PCs,4.6847324229151095,1.8581992172325574,2.521114194576052,0.011698388068474256,108.28129483828224,0.42,0.42,1.0,0.05288964410811788,False,False,SPN23F_RS01040,SPN23F_RS01040,uridine kinase family protein
190050,190050,logistic+PCs,-6.142452933485942,6.607494765637623,-0.9296190388874559,0.3525683662737379,0.0021496442116584404,0.07,0.07,1.0,0.4989589722203148,False,False,SPN23F_RS01040,SPN23F_RS01040,uridine kinase family protein
190054,190054,logistic+PCs,30.448562235846268,1237884.4122500094,2.4597257978636475e-05,0.9999803742276228,16735649083820.238,0.16,0.16,1.0,0.9999999852469791,False,False,SPN23F_RS01040,SPN23F_RS01040,uridine kinase family protein
190294,190294,logistic+PCs,-6.142452933485942,6.607494765637623,-0.9296190388874559,0.3525683662737379,0.0021496442116584404,0.07,0.07,1.0,0.4989589722203148,False,False,SPN23F_RS01040,SPN23F_RS01040,uridine kinase family protein
190360,190360,logistic+PCs,-2.156625950165843,1.5961034953902289,-1.3511817726071533,0.17663721194180115,0.11571489092531835,0.25,0.25,1.0,0.3811468356538865,False,False,SPN23F_RS01040,SPN23F_RS01040,uridine kinase family protein
190686,190686,logistic+PCs,-1.8254264000735072,2.6167900403835045,-0.6975822943005321,0.48543845757589266,0.1611489155684423,0.17,0.17,1.0,0.5731338238716763,False,False,rpsJ,SPN23F_RS01045,30S ribosomal protein S10
190826,190826,logistic+PCs,1.8285257785787123,0.9591542241578878,1.9063939171868944,0.056599117331931785,6.2247033000899075,0.07,0.07,1.0,0.15980099047697158,False,False,rpsJ,SPN23F_RS01045,30S ribosomal protein S10
191082,191082,logistic+PCs,-1.4023998466432142,0.6214440222472357,-2.256679276714134,0.024028122675936965,0.24600587858625206,0.16,0.16,1.0,0.08797393302318857,False,False,rpsJ,SPN23F_RS01045,30S ribosomal protein S10
191175,191175,logistic+PCs,33.27252760246174,4855826.9780423,6.852082611863585e-06,0.9999945328290747,281887057820761.0,0.17,0.17,1.0,0.9999999852469791,False,False,rplC,SPN23F_RS01050,50S ribosomal protein L3
191211,191211,logistic+PCs,-0.7145044754554679,0.5811606074905936,-1.2294440921256566,0.21890534731380995,0.489434578563874,0.33,0.33,1.0,0.45037625837070866,False,False,rplC,SPN23F_RS01050,50S ribosomal protein L3
191355,191355,logistic+PCs,4.982427731731632,1.992546435860485,2.500532806694646,0.012400664695181248,145.82798347760033,0.31,0.31,1.0,0.05288964410811788,False,False,rplC,SPN23F_RS01050,50S ribosomal protein L3
191407,191407,logistic+PCs,2.2591799607201803,1.1208783378670413,2.015544314130696,0.04384764776372443,9.575233878488287,0.14,0.14,1.0,0.13647279765583334,False,False,rplC,SPN23F_RS01050,50S ribosomal protein L3
191556,191556,logistic+PCs,4.982427731731632,1.992546435860485,2.500532806694646,0.012400664695181248,145.82798347760033,0.31,0.31,1.0,0.05288964410811788,False,False,rplC,SPN23F_RS01050,50S ribosomal protein L3
191939,191939,logistic+PCs,4.982427731731632,1.992546435860485,2.500532806694646,0.012400664695181248,145.82798347760033,0.31,0.31,1.0,0.05288964410811788,False,False,rplD,SPN23F_RS01055,50S ribosomal protein L4
192214,192214,logistic+PCs,-1.4525740209122306,1.885006429813014,-0.7705936690392726,0.4409478149374113,0.2339672756830764,0.24,0.24,1.0,0.5731338238716763,False,False,rplD,SPN23F_RS01055,50S ribosomal protein L4
192753,192753,logistic+PCs,4.982427731731632,1.992546435860485,2.500532806694646,0.012400664695181248,145.82798347760033,0.31,0.31,1.0,0.05288964410811788,False,False,SPN23F_RS01060,SPN23F_RS01060,50S ribosomal protein L23
192854,192854,logistic+PCs,11.741987811396758,4.022628019978928,2.9189842443990797,0.003511739725195489,125742.04322366399,0.14,0.14,1.0,0.02256127125337857,False,True,SPN23F_RS01060,SPN23F_RS01060,50S ribosomal protein L23
193128,193128,logistic+PCs,-0.2070452663239145,0.5734190985910417,-0.36107145163572185,0.7180460339688662,0.8129828484096882,0.27,0.27,1.0,0.7859038076708421,False,False,rplB,SPN23F_RS01065,50S ribosomal protein L2
193201,193201,logistic+PCs,-2.4735408183749596,0.8410473891858326,-2.9410243110907768,0.0032712885838579696,0.08428588899018222,0.11,0.11,1.0,0.02256127125337857,False,True,rplB,SPN23F_RS01065,50S ribosomal protein L2
193614,193614,logistic+PCs,2.834082120062283,1.7446680052997237,1.6244248828162609,0.10428516008165918,17.014775609521305,0.28,0.28,1.0,0.24539804428337908,False,False,rplB,SPN23F_RS01065,50S ribosomal protein L2
193626,193626,logistic+PCs,2.834082120062283,1.7446680052997237,1.6244248828162609,0.10428516008165918,17.014775609521305,0.28,0.28,1.0,0.24539804428337908,False,False,rplB,SPN23F_RS01065,50S ribosomal protein L2
193633,193633,logistic+PCs,2.834082120062283,1.7446680052997237,1.6244248828162609,0.10428516008165918,17.014775609521305,0.28,0.28,1.0,0.24539804428337908,False,False,rplB,SPN23F_RS01065,50S ribosomal protein L2
193740,193740,logistic+PCs,-1.4525740209122306,1.885006429813014,-0.7705936690392726,0.4409478149374113,0.2339672756830764,0.24,0.24,1.0,0.5731338238716763,False,False,rpsS,SPN23F_RS01070,30S ribosomal protein S19
194040,194040,logistic+PCs,-0.25107269152076694,0.5605203077798925,-0.4479279127552311,0.6542052229356372,0.7779658179850856,0.41,0.41,1.0,0.7368735640409675,False,False,rpsS,SPN23F_RS01070,30S ribosomal protein S19
194043,194043,logistic+PCs,-0.43285584913856184,0.5650730875164511,-0.7660174563276472,0.4436659154848416,0.6486539890972602,0.35,0.35,1.0,0.5731338238716763,False,False,rpsS,SPN23F_RS01070,30S ribosomal protein S19
194067,194067,logistic+PCs,0.3255760230853747,0.54092473071807,0.6018878498181754,0.5472487925288037,1.3848281092402759,0.44,0.44,1.0,0.630586172101718,False,False,rplV,SPN23F_RS01075,50S ribosomal protein L22
194081,194081,logistic+PCs,-1.8254264000735072,2.6167900403835045,-0.6975822943005321,0.48543845757589266,0.1611489155684423,0.17,0.17,1.0,0.5731338238716763,False,False,rplV,SPN23F_RS01075,50S ribosomal protein L22
194376,194376,logistic+PCs,-1.8254264000735072,2.6167900403835045,-0.6975822943005321,0.48543845757589266,0.1611489155684423,0.17,0.17,1.0,0.5731338238716763,False,False,rplV,SPN23F_RS01075,50S ribosomal protein L22
194383,194383,logistic+PCs,2.31665025375668,0.8095968967209967,2.86148608417288,0.004216600141450067,10.14164540520403,0.22,0.22,1.0,0.026247757736083142,False,True,rplV,SPN23F_RS01075,50S ribosomal protein L22
194391,194391,logistic+PCs,2.2591799607201803,1.1208783378670413,2.015544314130696,0.04384764776372443,9.575233878488287,0.14,0.14,1.0,0.13647279765583334,False,False,rplV,SPN23F_RS01075,50S ribosomal protein L22
194406,194406,logistic+PCs,-2.8881827472456627,1.1112273149859184,-2.599092650347838,0.009347054146591144,0.05567730046019323,0.08,0.08,1.0,0.045337207078551066,False,True,rplV,SPN23F_RS01075,50S ribosomal protein L22
194421,194421,logistic+PCs,0.868910272986969,0.7402835610220599,1.1737533004073775,0.24049385420512237,2.3843111890090776,0.17,0.17,1.0,0.48425876615519914,False,False,rplV,SPN23F_RS01075,50S ribosomal protein L22
194451,194451,logistic+PCs,-1.4525740209122306,1.885006429813014,-0.7705936690392726,0.4409478149374113,0.2339672756830764,0.24,0.24,1.0,0.5731338238716763,False,False,rplV,SPN23F_RS01075,50S ribosomal protein L22
194469,194469,logistic+PCs,-6.142452933485942,6.607494765637623,-0.9296190388874559,0.3525683662737379,0.0021496442116584404,0.07,0.07,1.0,0.4989589722203148,False,False,rplV,SPN23F_RS01075,50S ribosomal protein L22
194478,194478,logistic+PCs,1.5113463201598656,0.7453469063695065,2.0277085840759015,0.04258999903242982,4.532829327608909,0.42,0.42,1.0,0.13604028771615717,False,False,rplV,SPN23F_RS01075,50S ribosomal protein L22
194520,194520,logistic+PCs,-2.058829056563352,0.7232755687544906,-2.846534772505503,0.004419790191616356,0.12760329869507092,0.49,0.49,1.0,0.027218542696908272,False,True,rplV,SPN23F_RS01075,50S ribosomal protein L22
194547,194547,logistic+PCs,1.2078382027358583,0.771125033801207,1.5663325009459286,0.11727079602458385,3.346242928991159,0.44,0.44,1.0,0.27387315532490264,False,False,rplV,SPN23F_RS01075,50S ribosomal protein L22
195033,195033,logistic+PCs,-1.9375920098532156,0.761794451529703,-2.5434577607679874,0.01097613269071086,0.14405040443511496,0.26,0.26,1.0,0.05219794945791966,False,False,rplP,SPN23F_RS01085,50S ribosomal protein L16
195282,195282,logistic+PCs,-6.142452933485942,6.607494765637623,-0.9296190388874559,0.3525683662737379,0.0021496442116584404,0.07,0.07,1.0,0.4989589722203148,False,False,rplP,SPN23F_RS01085,50S ribosomal protein L16
195329,195329,logistic+PCs,-1.4525740209122306,1.885006429813014,-0.7705936690392726,0.4409478149374113,0.2339672756830764,0.24,0.24,1.0,0.5731338238716763,False,False,rpmC,SPN23F_RS01090,50S ribosomal protein L29
196061,196061,logistic+PCs,4.982427731731632,1.992546435860485,2.500532806694646,0.012400664695181248,145.82798347760033,0.31,0.31,1.0,0.05288964410811788,False,False,rpsQ,SPN23F_RS01095,30S ribosomal protein S17
196393,196393,logistic+PCs,2.3149308921989102,1.1040475414169442,2.096767399371143,0.03601417080861017,10.12422323176138,0.15,0.15,1.0,0.11791178038780542,False,False,rplN,SPN23F_RS01100,50S ribosomal protein L14
196455,196455,logistic+PCs,4.982427731731632,1.992546435860485,2.500532806694646,0.012400664695181248,145.82798347760033,0.31,0.31,1.0,0.05288964410811788,False,False,rplN,SPN23F_RS01100,50S ribosomal protein L14
196485,196485,logistic+PCs,-1.4525740209122306,1.885006429813014,-0.7705936690392726,0.4409478149374113,0.2339672756830764,0.24,0.24,1.0,0.5731338238716763,False,False,rplN,SPN23F_RS01100,50S ribosomal protein L14
196597,196597,logistic+PCs,-6.142452933485942,6.607494765637623,-0.9296190388874559,0.3525683662737379,0.0021496442116584404,0.07,0.07,1.0,0.4989589722203148,False,False,rplN,SPN23F_RS01100,50S ribosomal protein L14
196752,196752,logistic+PCs,1.8285257785787123,0.9591542241578878,1.9063939171868944,0.056599117331931785,6.2247033000899075,0.07,0.07,1.0,0.15980099047697158,False,False,rplX,SPN23F_RS01105,50S ribosomal protein L24
196786,196786,logistic+PCs,1.8285257785787123,0.9591542241578878,1.9063939171868944,0.056599117331931785,6.2247033000899075,0.07,0.07,1.0,0.15980099047697158,False,False,rplX,SPN23F_RS01105,50S ribosomal protein L24
196839,196839,logistic+PCs,1.8285257785787123,0.9591542241578878,1.9063939171868944,0.056599117331931785,6.2247033000899075,0.07,0.07,1.0,0.15980099047697158,False,False,rplX,SPN23F_RS01105,50S ribosomal protein L24
196860,196860,logistic+PCs,1.8285257785787123,0.9591542241578878,1.9063939171868944,0.056599117331931785,6.2247033000899075,0.07,0.07,1.0,0.15980099047697158,False,False,rplX,SPN23F_RS01105,50S ribosomal protein L24
196872,196872,logistic+PCs,1.8285257785787123,0.9591542241578878,1.9063939171868944,0.056599117331931785,6.2247033000899075,0.07,0.07,1.0,0.15980099047697158,False,False,rplX,SPN23F_RS01105,50S ribosomal protein L24
196878,196878,logistic+PCs,1.8285257785787123,0.9591542241578878,1.9063939171868944,0.056599117331931785,6.2247033000899075,0.07,0.07,1.0,0.15980099047697158,False,False,rplX,SPN23F_RS01105,50S ribosomal protein L24
196927,196927,logistic+PCs,1.8285257785787123,0.9591542241578878,1.9063939171868944,0.056599117331931785,6.2247033000899075,0.07,0.07,1.0,0.15980099047697158,False,False,rplX,SPN23F_RS01105,50S ribosomal protein L24
196995,196995,logistic+PCs,1.8285257785787123,0.9591542241578878,1.9063939171868944,0.056599117331931785,6.2247033000899075,0.07,0.07,1.0,0.15980099047697158,False,False,rplX,SPN23F_RS01105,50S ribosomal protein L24
197010,197010,logistic+PCs,3.584079863504116,1.5594090061212034,2.2983578069867496,0.02154143285204756,36.020198966251655,0.24,0.24,1.0,0.08232163733021543,False,False,rplX,SPN23F_RS01105,50S ribosomal protein L24
197019,197019,logistic+PCs,1.8285257785787123,0.9591542241578878,1.9063939171868944,0.056599117331931785,6.2247033000899075,0.07,0.07,1.0,0.15980099047697158,False,False,rplX,SPN23F_RS01105,50S ribosomal protein L24
197055,197055,logistic+PCs,1.8285257785787123,0.9591542241578878,1.9063939171868944,0.056599117331931785,6.2247033000899075,0.07,0.07,1.0,0.15980099047697158,False,False,rplX,SPN23F_RS01105,50S ribosomal protein L24
197058,197058,logistic+PCs,-1.8254264000735072,2.6167900403835045,-0.6975822943005321,0.48543845757589266,0.1611489155684423,0.17,0.17,1.0,0.5731338238716763,False,False,rplX,SPN23F_RS01105,50S ribosomal protein L24
197076,197076,logistic+PCs,1.8285257785787123,0.9591542241578878,1.9063939171868944,0.056599117331931785,6.2247033000899075,0.07,0.07,1.0,0.15980099047697158,False,False,rplX,SPN23F_RS01105,50S ribosomal protein L24
197088,197088,logistic+PCs,1.8285257785787123,0.9591542241578878,1.9063939171868944,0.056599117331931785,6.2247033000899075,0.07,0.07,1.0,0.15980099047697158,False,False,rplX,SPN23F_RS01105,50S ribosomal protein L24
197157,197157,logistic+PCs,11.741987811396758,4.022628019978928,2.9189842443990797,0.003511739725195489,125742.04322366399,0.14,0.14,1.0,0.02256127125337857,False,True,rplE,SPN23F_RS01110,50S ribosomal protein L5
197163,197163,logistic+PCs,1.8285257785787123,0.9591542241578878,1.9063939171868944,0.056599117331931785,6.2247033000899075,0.07,0.07,1.0,0.15980099047697158,False,False,rplE,SPN23F_RS01110,50S ribosomal protein L5
197205,197205,logistic+PCs,1.8285257785787123,0.9591542241578878,1.9063939171868944,0.056599117331931785,6.2247033000899075,0.07,0.07,1.0,0.15980099047697158,False,False,rplE,SPN23F_RS01110,50S ribosomal protein L5
197227,197227,logistic+PCs,1.8285257785787123,0.9591542241578878,1.9063939171868944,0.056599117331931785,6.2247033000899075,0.07,0.07,1.0,0.15980099047697158,False,False,rplE,SPN23F_RS01110,50S ribosomal protein L5
197250,197250,logistic+PCs,-6.142452933485942,6.607494765637623,-0.9296190388874559,0.3525683662737379,0.0021496442116584404,0.07,0.07,1.0,0.4989589722203148,False,False,rplE,SPN23F_RS01110,50S ribosomal protein L5
197394,197394,logistic+PCs,1.8285257785787123,0.9591542241578878,1.9063939171868944,0.056599117331931785,6.2247033000899075,0.07,0.07,1.0,0.15980099047697158,False,False,rplE,SPN23F_RS01110,50S ribosomal protein L5
197395,197395,logistic+PCs,1.8285257785787123,0.9591542241578878,1.9063939171868944,0.056599117331931785,6.2247033000899075,0.07,0.07,1.0,0.15980099047697158,False,False,rplE,SPN23F_RS01110,50S ribosomal protein L5
197412,197412,logistic+PCs,1.8285257785787123,0.9591542241578878,1.9063939171868944,0.056599117331931785,6.2247033000899075,0.07,0.07,1.0,0.15980099047697158,False,False,rplE,SPN23F_RS01110,50S ribosomal protein L5
197433,197433,logistic+PCs,1.8285257785787123,0.9591542241578878,1.9063939171868944,0.056599117331931785,6.2247033000899075,0.07,0.07,1.0,0.15980099047697158,False,False,rplE,SPN23F_RS01110,50S ribosomal protein L5
197445,197445,logistic+PCs,1.8285257785787123,0.9591542241578878,1.9063939171868944,0.056599117331931785,6.2247033000899075,0.07,0.07,1.0,0.15980099047697158,False,False,rplE,SPN23F_RS01110,50S ribosomal protein L5
197460,197460,logistic+PCs,1.8285257785787123,0.9591542241578878,1.9063939171868944,0.056599117331931785,6.2247033000899075,0.07,0.07,1.0,0.15980099047697158,False,False,rplE,SPN23F_RS01110,50S ribosomal protein L5
197514,197514,logistic+PCs,1.8285257785787123,0.9591542241578878,1.9063939171868944,0.056599117331931785,6.2247033000899075,0.07,0.07,1.0,0.15980099047697158,False,False,rplE,SPN23F_RS01110,50S ribosomal protein L5
197607,197607,logistic+PCs,1.8285257785787123,0.9591542241578878,1.9063939171868944,0.056599117331931785,6.2247033000899075,0.07,0.07,1.0,0.15980099047697158,False,False,rplE,SPN23F_RS01110,50S ribosomal protein L5
197700,197700,logistic+PCs,1.8285257785787123,0.9591542241578878,1.9063939171868944,0.056599117331931785,6.2247033000899075,0.07,0.07,1.0,0.15980099047697158,False,False,rpsN,SPN23F_RS01115,30S ribosomal protein S14
197924,197924,logistic+PCs,1.8285257785787123,0.9591542241578878,1.9063939171868944,0.056599117331931785,6.2247033000899075,0.07,0.07,1.0,0.15980099047697158,False,False,rpsN,SPN23F_RS01115,30S ribosomal protein S14
197982,197982,logistic+PCs,-6.142452933485942,6.607494765637623,-0.9296190388874559,0.3525683662737379,0.0021496442116584404,0.07,0.07,1.0,0.4989589722203148,False,False,rpsN,SPN23F_RS01115,30S ribosomal protein S14
198119,198119,logistic+PCs,-6.142452933485942,6.607494765637623,-0.9296190388874559,0.3525683662737379,0.0021496442116584404,0.07,0.07,1.0,0.4989589722203148,False,False,rpsH,SPN23F_RS01120,30S ribosomal protein S8
198146,198146,logistic+PCs,-1.8254264000735072,2.6167900403835045,-0.6975822943005321,0.48543845757589266,0.1611489155684423,0.17,0.17,1.0,0.5731338238716763,False,False,rpsH,SPN23F_RS01120,30S ribosomal protein S8
198166,198166,fisher,inf,,,9.98125019602994e-05,,0.13,0.13,0.33986156917481947,0.0035548650828014718,False,True,rpsH,SPN23F_RS01120,30S ribosomal protein S8
198208,198208,logistic+PCs,-6.142452933485942,6.607494765637623,-0.9296190388874559,0.3525683662737379,0.0021496442116584404,0.07,0.07,1.0,0.4989589722203148,False,False,rpsH,SPN23F_RS01120,30S ribosomal protein S8
198311,198311,logistic+PCs,-6.142452933485942,6.607494765637623,-0.9296190388874559,0.3525683662737379,0.0021496442116584404,0.07,0.07,1.0,0.4989589722203148,False,False,rpsH,SPN23F_RS01120,30S ribosomal protein S8
198648,198648,logistic+PCs,-1.9521816439837494,0.7682280956766308,-2.5411484622471794,0.011048899242245391,0.14196401854984098,0.26,0.26,1.0,0.05239763498585732,False,False,rplF,SPN23F_RS01125,50S ribosomal protein L6
198656,198656,logistic+PCs,-6.142452933485942,6.607494765637623,-0.9296190388874559,0.3525683662737379,0.0021496442116584404,0.07,0.07,1.0,0.4989589722203148,False,False,rplF,SPN23F_RS01125,50S ribosomal protein L6
198713,198713,logistic+PCs,-6.142452933485942,6.607494765637623,-0.9296190388874559,0.3525683662737379,0.0021496442116584404,0.07,0.07,1.0,0.4989589722203148,False,False,rplF,SPN23F_RS01125,50S ribosomal protein L6
198768,198768,logistic+PCs,-1.8254264000735072,2.6167900403835045,-0.6975822943005321,0.48543845757589266,0.1611489155684423,0.17,0.17,1.0,0.5731338238716763,False,False,rplF,SPN23F_RS01125,50S ribosomal protein L6
198885,198885,logistic+PCs,1.2630308425932955,0.7479111871318176,1.6887444182201934,0.09126841947563709,3.536122693612677,0.42,0.42,1.0,0.2219720424797204,False,False,rplR,SPN23F_RS01130,50S ribosomal protein L18
199493,199493,logistic+PCs,3.584079863504116,1.5594090061212034,2.2983578069867496,0.02154143285204756,36.020198966251655,0.24,0.24,1.0,0.08232163733021543,False,False,rplR,SPN23F_RS01130,50S ribosomal protein L18
199515,199515,logistic+PCs,-1.8254264000735072,2.6167900403835045,-0.6975822943005321,0.48543845757589266,0.1611489155684423,0.17,0.17,1.0,0.5731338238716763,False,False,rplR,SPN23F_RS01130,50S ribosomal protein L18
199674,199674,logistic+PCs,-1.8254264000735072,2.6167900403835045,-0.6975822943005321,0.48543845757589266,0.1611489155684423,0.17,0.17,1.0,0.5731338238716763,False,False,rpsE,SPN23F_RS01135,30S ribosomal protein S5
199875,199875,logistic+PCs,6.265326622048363,5.729585294950995,1.0935043811232676,0.2741724064714991,526.0133654672064,0.1,0.1,1.0,0.4989589722203148,False,False,rpsE,SPN23F_RS01135,30S ribosomal protein S5
199918,199918,logistic+PCs,3.1541765392750376,0.8349627914979557,3.7776252683264153,0.00015833087176192465,23.43373238592939,0.33,0.33,0.5391166183493534,0.0035548650828014718,False,True,rpsE,SPN23F_RS01135,30S ribosomal protein S5
199969,199969,logistic+PCs,-1.8254264000735072,2.6167900403835045,-0.6975822943005321,0.48543845757589266,0.1611489155684423,0.17,0.17,1.0,0.5731338238716763,False,False,rpsE,SPN23F_RS01135,30S ribosomal protein S5
200314,200314,logistic+PCs,-6.142452933485942,6.607494765637623,-0.9296190388874559,0.3525683662737379,0.0021496442116584404,0.07,0.07,1.0,0.4989589722203148,False,False,rpmD,SPN23F_RS01140,50S ribosomal protein L30
200750,200750,logistic+PCs,-1.8254264000735072,2.6167900403835045,-0.6975822943005321,0.48543845757589266,0.1611489155684423,0.17,0.17,1.0,0.5731338238716763,False,False,rplO,SPN23F_RS01145,50S ribosomal protein L15
201457,201457,logistic+PCs,-6.142452933485942,6.607494765637623,-0.9296190388874559,0.3525683662737379,0.0021496442116584404,0.07,0.07,1.0,0.4989589722203148,False,False,secY,SPN23F_RS01150,preprotein translocase subunit SecY
201604,201604,logistic+PCs,3.1541765392750376,0.8349627914979557,3.7776252683264153,0.00015833087176192465,23.43373238592939,0.33,0.33,0.5391166183493534,0.0035548650828014718,False,True,secY,SPN23F_RS01150,preprotein translocase subunit SecY
201737,201737,logistic+PCs,3.1541765392750376,0.8349627914979557,3.7776252683264153,0.00015833087176192465,23.43373238592939,0.33,0.33,0.5391166183493534,0.0035548650828014718,False,True,secY,SPN23F_RS01150,preprotein translocase subunit SecY
201749,201749,logistic+PCs,3.1541765392750376,0.8349627914979557,3.7776252683264153,0.00015833087176192465,23.43373238592939,0.33,0.33,0.5391166183493534,0.0035548650828014718,False,True,secY,SPN23F_RS01150,preprotein translocase subunit SecY
201767,201767,logistic+PCs,-1.8254264000735072,2.6167900403835045,-0.6975822943005321,0.48543845757589266,0.1611489155684423,0.17,0.17,1.0,0.5731338238716763,False,False,secY,SPN23F_RS01150,preprotein translocase subunit SecY
202142,202142,logistic+PCs,1.8285257785787123,0.9591542241578878,1.9063939171868944,0.056599117331931785,6.2247033000899075,0.07,0.07,1.0,0.15980099047697158,False,False,SPN23F_RS01155,SPN23F_RS01155,adenylate kinase
202488,202488,logistic+PCs,-1.4525740209122306,1.885006429813014,-0.7705936690392726,0.4409478149374113,0.2339672756830764,0.24,0.24,1.0,0.5731338238716763,False,False,infA,SPN23F_RS01160,translation initiation factor IF-1
202501,202501,logistic+PCs,-1.2128894342770649,0.8722600731765241,-1.3905135309702588,0.16437299336790978,0.29733690159058085,0.21,0.21,1.0,0.367250684001137,False,False,infA,SPN23F_RS01160,translation initiation factor IF-1
202790,202790,logistic+PCs,-6.142452933485942,6.607494765637623,-0.9296190388874559,0.3525683662737379,0.0021496442116584404,0.07,0.07,1.0,0.4989589722203148,False,False,infA,SPN23F_RS01160,translation initiation factor IF-1
202850,202850,logistic+PCs,-1.8254264000735072,2.6167900403835045,-0.6975822943005321,0.48543845757589266,0.1611489155684423,0.17,0.17,1.0,0.5731338238716763,False,False,infA,SPN23F_RS01160,translation initiation factor IF-1
202859,202859,logistic+PCs,-1.8254264000735072,2.6167900403835045,-0.6975822943005321,0.48543845757589266,0.1611489155684423,0.17,0.17,1.0,0.5731338238716763,False,False,infA,SPN23F_RS01160,translation initiation factor IF-1
203399,203399,logistic+PCs,-6.142452933485942,6.607494765637623,-0.9296190388874559,0.3525683662737379,0.0021496442116584404,0.07,0.07,1.0,0.4989589722203148,False,False,rpmJ,SPN23F_RS01165,50S ribosomal protein L36
203540,203540,logistic+PCs,-6.142452933485942,6.607494765637623,-0.9296190388874559,0.3525683662737379,0.0021496442116584404,0.07,0.07,1.0,0.4989589722203148,False,False,rpsM,SPN23F_RS01170,30S ribosomal protein S13
203932,203932,logistic+PCs,-2.8881827472456627,1.1112273149859184,-2.599092650347838,0.009347054146591144,0.05567730046019323,0.08,0.08,1.0,0.045337207078551066,False,True,rpsM,SPN23F_RS01170,30S ribosomal protein S13
204023,204023,logistic+PCs,-1.4525740209122306,1.885006429813014,-0.7705936690392726,0.4409478149374113,0.2339672756830764,0.24,0.24,1.0,0.5731338238716763,False,False,rpsM,SPN23F_RS01170,30S ribosomal protein S13
204035,204035,logistic+PCs,-0.3749353250691652,0.5976583711152269,-0.6273405396623797,0.5304360349925985,0.6873337306149854,0.23,0.23,1.0,0.6208782052766579,False,False,rpsM,SPN23F_RS01170,30S ribosomal protein S13
204065,204065,logistic+PCs,-1.6222602098858554,0.6579409360842267,-2.4656623731923877,0.013676017448142215,0.19745191159450082,0.3,0.3,1.0,0.057918954491199305,False,False,rpsM,SPN23F_RS01170,30S ribosomal protein S13
204492,204492,logistic+PCs,0.6275400489113165,0.6070598757849864,1.0337366608192433,0.30125928940897473,1.8729974254684303,0.24,0.24,1.0,0.4989589722203148,False,False,rpsK,SPN23F_RS01175,30S ribosomal protein S11
204530,204530,logistic+PCs,-1.8254264000735072,2.6167900403835045,-0.6975822943005321,0.48543845757589266,0.1611489155684423,0.17,0.17,1.0,0.5731338238716763,False,False,rpsK,SPN23F_RS01175,30S ribosomal protein S11
204547,204547,logistic+PCs,11.741987811396758,4.022628019978928,2.9189842443990797,0.003511739725195489,125742.04322366399,0.14,0.14,1.0,0.02256127125337857,False,True,rpsK,SPN23F_RS01175,30S ribosomal protein S11
204734,204734,logistic+PCs,-0.08083088626053322,0.6572713408870765,-0.12297947777768771,0.9021233489553984,0.9223496602561437,0.21,0.21,1.0,0.9428268886412313,False,False,SPN23F_RS01180,SPN23F_RS01180,DNA-directed RNA polymerase subunit alpha
204938,204938,logistic+PCs,-1.8254264000735072,2.6167900403835045,-0.6975822943005321,0.48543845757589266,0.1611489155684423,0.17,0.17,1.0,0.5731338238716763,False,False,SPN23F_RS01180,SPN23F_RS01180,DNA-directed RNA polymerase subunit alpha
205173,205173,logistic+PCs,2.2591799607201803,1.1208783378670413,2.015544314130696,0.04384764776372443,9.575233878488287,0.14,0.14,1.0,0.13647279765583334,False,False,rplQ,SPN23F_RS01185,50S ribosomal protein L17
205191,205191,logistic+PCs,8.473861315535846,2.2454437525090754,3.773802530598725,0.00016077803898720313,4787.967675641131,0.45,0.45,0.5474492227514266,0.0035548650828014718,False,True,rplQ,SPN23F_RS01185,50S ribosomal protein L17
205290,205290,logistic+PCs,-1.8254264000735072,2.6167900403835045,-0.6975822943005321,0.48543845757589266,0.1611489155684423,0.17,0.17,1.0,0.5731338238716763,False,False,rplQ,SPN23F_RS01185,50S ribosomal protein L17
205338,205338,logistic+PCs,-1.8254264000735072,2.6167900403835045,-0.6975822943005321,0.48543845757589266,0.1611489155684423,0.17,0.17,1.0,0.5731338238716763,False,False,rplQ,SPN23F_RS01185,50S ribosomal protein L17
205487,205487,logistic+PCs,-6.142452933485942,6.607494765637623,-0.9296190388874559,0.3525683662737379,0.0021496442116584404,0.07,0.07,1.0,0.4989589722203148,False,False,SPN23F_RS01190,SPN23F_RS01190,ACT domain-containing protein
206186,206186,logistic+PCs,3.537817337000621,1.8342549977960876,1.9287489150916393,0.053762040501018744,34.39177156244465,0.23,0.23,1.0,0.15980099047697158,False,False,SPN23F_RS01190,SPN23F_RS01190,ACT domain-containing protein
206231,206231,logistic+PCs,0.4609274269226865,1.3511469845702728,0.34113788668912487,0.7329997806045441,1.5855437793137541,0.21,0.21,1.0,0.7994440272128355,False,False,SPN23F_RS01190,SPN23F_RS01190,ACT domain-containing protein
206402,206402,logistic+PCs,-1.1502510858908181,0.7423762366331791,-1.549417975860099,0.12128127529861707,0.3165572763339565,0.39,0.39,1.0,0.2809328345126901,False,False,SPN23F_RS01190,SPN23F_RS01190,ACT domain-containing protein
206415,206415,logistic+PCs,-2.8881827472456627,1.1112273149859184,-2.599092650347838,0.009347054146591144,0.05567730046019323,0.08,0.08,1.0,0.045337207078551066,False,True,SPN23F_RS01190,SPN23F_RS01190,ACT domain-containing protein
206416,206416,logistic+PCs,-1.1502510858908181,0.7423762366331791,-1.549417975860099,0.12128127529861707,0.3165572763339565,0.39,0.39,1.0,0.2809328345126901,False,False,SPN23F_RS01190,SPN23F_RS01190,ACT domain-containing protein
206497,206497,logistic+PCs,2.088222179828355,1.3510397722004472,1.5456407892620763,0.12219134446792776,8.07055440824326,0.11,0.11,1.0,0.2809328345126901,False,False,SPN23F_RS01190,SPN23F_RS01190,ACT domain-containing protein
206785,206785,logistic+PCs,2.5863360691446178,1.2007695825869764,2.1538987218284897,0.03124811523189249,13.281021604572274,0.06,0.06,1.0,0.10672568205773438,False,False,SPN23F_RS01195,SPN23F_RS01195,PFL family protein
206935,206935,logistic+PCs,1.8285257785787123,0.9591542241578878,1.9063939171868944,0.056599117331931785,6.2247033000899075,0.07,0.07,1.0,0.15980099047697158,False,False,SPN23F_RS01195,SPN23F_RS01195,PFL family protein
206947,206947,logistic+PCs,1.8285257785787123,0.9591542241578878,1.9063939171868944,0.056599117331931785,6.2247033000899075,0.07,0.07,1.0,0.15980099047697158,False,False,SPN23F_RS01195,SPN23F_RS01195,PFL family protein
207007,207007,logistic+PCs,2.5863360691446178,1.2007695825869764,2.1538987218284897,0.03124811523189249,13.281021604572274,0.06,0.06,1.0,0.10672568205773438,False,False,SPN23F_RS01195,SPN23F_RS01195,PFL family protein
207124,207124,logistic+PCs,8.473861315535846,2.2454437525090754,3.773802530598725,0.00016077803898720313,4787.967675641131,0.45,0.45,0.5474492227514266,0.0035548650828014718,False,True,SPN23F_RS01195,SPN23F_RS01195,PFL family protein
207330,207330,logistic+PCs,4.982427731731632,1.992546435860485,2.500532806694646,0.012400664695181248,145.82798347760033,0.31,0.31,1.0,0.05288964410811788,False,False,SPN23F_RS01200,SPN23F_RS01200,histidine phosphatase family protein
207363,207363,logistic+PCs,-6.142452933485942,6.607494765637623,-0.9296190388874559,0.3525683662737379,0.0021496442116584404,0.07,0.07,1.0,0.4989589722203148,False,False,SPN23F_RS01200,SPN23F_RS01200,histidine phosphatase family protein
207531,207531,logistic+PCs,-1.8858745239623036,0.8656387466669534,-2.178593011488517,0.0293619158063619,0.15169633932070184,0.08,0.08,1.0,0.10371091630774093,False,False,SPN23F_RS01200,SPN23F_RS01200,histidine phosphatase family protein
207549,207549,logistic+PCs,3.584079863504116,1.5594090061212034,2.2983578069867496,0.02154143285204756,36.020198966251655,0.24,0.24,1.0,0.08232163733021543,False,False,SPN23F_RS01200,SPN23F_RS01200,histidine phosphatase family protein
207609,207609,logistic+PCs,3.584079863504116,1.5594090061212034,2.2983578069867496,0.02154143285204756,36.020198966251655,0.24,0.24,1.0,0.08232163733021543,False,False,SPN23F_RS01200,SPN23F_RS01200,histidine phosphatase family protein
207649,207649,logistic+PCs,-6.142452933485942,6.607494765637623,-0.9296190388874559,0.3525683662737379,0.0021496442116584404,0.07,0.07,1.0,0.4989589722203148,False,False,SPN23F_RS01200,SPN23F_RS01200,histidine phosphatase family protein
207732,207732,logistic+PCs,1.1862299087363892,2.2175642713556,0.5349247027736631,0.592701925754926,3.274711942520049,0.15,0.15,1.0,0.6742900291331516,False,False,SPN23F_RS01200,SPN23F_RS01200,histidine phosphatase family protein
207760,207760,logistic+PCs,-1.1132254086107223,0.742160521205003,-1.4999792858871592,0.13361976830525862,0.32849771116673104,0.39,0.39,1.0,0.30351922019973687,False,False,SPN23F_RS01200,SPN23F_RS01200,histidine phosphatase family protein
207786,207786,logistic+PCs,1.6943466265832887,2.0030433815752415,0.8458861361508875,0.39761626728402466,5.443088433853658,0.16,0.16,1.0,0.5472447009305189,False,False,SPN23F_RS01200,SPN23F_RS01200,histidine phosphatase family protein
208020,208020,logistic+PCs,-2.0733299283521123,0.8464103078854925,-2.4495565673481905,0.01430322409139208,0.12576629091766306,0.24,0.24,1.0,0.059755940575699336,False,False,SPN23F_RS01200,SPN23F_RS01200,histidine phosphatase family protein
208182,208182,logistic+PCs,-1.8254264000735072,2.6167900403835045,-0.6975822943005321,0.48543845757589266,0.1611489155684423,0.17,0.17,1.0,0.5731338238716763,False,False,SPN23F_RS01200,SPN23F_RS01200,histidine phosphatase family protein
208227,208227,logistic+PCs,-2.8881827472456627,1.1112273149859184,-2.599092650347838,0.009347054146591144,0.05567730046019323,0.08,0.08,1.0,0.045337207078551066,False,True,SPN23F_RS01200,SPN23F_RS01200,histidine phosphatase family protein
208310,208310,logistic+PCs,-6.142452933485942,6.607494765637623,-0.9296190388874559,0.3525683662737379,0.0021496442116584404,0.07,0.07,1.0,0.4989589722203148,False,False,SPN23F_RS01200,SPN23F_RS01200,histidine phosphatase family protein
208311,208311,logistic+PCs,-6.142452933485942,6.607494765637623,-0.9296190388874559,0.3525683662737379,0.0021496442116584404,0.07,0.07,1.0,0.4989589722203148,False,False,SPN23F_RS01200,SPN23F_RS01200,histidine phosphatase family protein
208383,208383,logistic+PCs,-6.142452933485942,6.607494765637623,-0.9296190388874559,0.3525683662737379,0.0021496442116584404,0.07,0.07,1.0,0.4989589722203148,False,False,SPN23F_RS01200,SPN23F_RS01200,histidine phosphatase family protein
208467,208467,logistic+PCs,5.137593307022548,2.0157802930840747,2.548687138498713,0.010812925581306043,170.30540189164185,0.32,0.32,1.0,0.05156584258311915,False,False,SPN23F_RS01200,SPN23F_RS01200,histidine phosphatase family protein
208571,208571,logistic+PCs,-0.8637162762555418,1.465898756308997,-0.5892059547347613,0.5557231230774338,0.4215924135868221,0.09,0.09,1.0,0.639485378194884,False,False,SPN23F_RS01200,SPN23F_RS01200,histidine phosphatase family protein
208776,208776,logistic+PCs,3.584079863504116,1.5594090061212034,2.2983578069867496,0.02154143285204756,36.020198966251655,0.24,0.24,1.0,0.08232163733021543,False,False,SPN23F_RS13205,SPN23F_RS13205,ABC transporter permease
208782,208782,logistic+PCs,3.584079863504116,1.5594090061212034,2.2983578069867496,0.02154143285204756,36.020198966251655,0.24,0.24,1.0,0.08232163733021543,False,False,SPN23F_RS13205,SPN23F_RS13205,ABC transporter permease
208788,208788,logistic+PCs,3.584079863504116,1.5594090061212034,2.2983578069867496,0.02154143285204756,36.020198966251655,0.24,0.24,1.0,0.08232163733021543,False,False,SPN23F_RS13205,SPN23F_RS13205,ABC transporter permease
208848,208848,logistic+PCs,8.473861315535846,2.2454437525090754,3.773802530598725,0.00016077803898720313,4787.967675641131,0.45,0.45,0.5474492227514266,0.0035548650828014718,False,True,SPN23F_RS13205,SPN23F_RS13205,ABC transporter permease
208917,208917,logistic+PCs,3.584079863504116,1.5594090061212034,2.2983578069867496,0.02154143285204756,36.020198966251655,0.24,0.24,1.0,0.08232163733021543,False,False,SPN23F_RS13205,SPN23F_RS13205,ABC transporter permease
208962,208962,logistic+PCs,2.834082120062283,1.7446680052997237,1.6244248828162609,0.10428516008165918,17.014775609521305,0.28,0.28,1.0,0.24539804428337908,False,False,SPN23F_RS13205,SPN23F_RS13205,ABC transporter permease
208971,208971,logistic+PCs,-6.142452933485942,6.607494765637623,-0.9296190388874559,0.3525683662737379,0.0021496442116584404,0.07,0.07,1.0,0.4989589722203148,False,False,SPN23F_RS13205,SPN23F_RS13205,ABC transporter permease
208992,208992,logistic+PCs,-6.142452933485942,6.607494765637623,-0.9296190388874559,0.3525683662737379,0.0021496442116584404,0.07,0.07,1.0,0.4989589722203148,False,False,SPN23F_RS13205,SPN23F_RS13205,ABC transporter permease
209014,209014,logistic+PCs,-6.142452933485942,6.607494765637623,-0.9296190388874559,0.3525683662737379,0.0021496442116584404,0.07,0.07,1.0,0.4989589722203148,False,False,SPN23F_RS13205,SPN23F_RS13205,ABC transporter permease
209025,209025,logistic+PCs,3.584079863504116,1.5594090061212034,2.2983578069867496,0.02154143285204756,36.020198966251655,0.24,0.24,1.0,0.08232163733021543,False,False,SPN23F_RS13205,SPN23F_RS13205,ABC transporter permease
209032,209032,logistic+PCs,3.584079863504116,1.5594090061212034,2.2983578069867496,0.02154143285204756,36.020198966251655,0.24,0.24,1.0,0.08232163733021543,False,False,SPN23F_RS13205,SPN23F_RS13205,ABC transporter permease
209046,209046,logistic+PCs,3.6537039067021686,1.545837180680581,2.363576159485026,0.018099506069666177,38.61743686414251,0.25,0.25,1.0,0.07345508720764403,False,False,SPN23F_RS13205,SPN23F_RS13205,ABC transporter permease
209090,209090,logistic+PCs,-6.142452933485942,6.607494765637623,-0.9296190388874559,0.3525683662737379,0.0021496442116584404,0.07,0.07,1.0,0.4989589722203148,False,False,SPN23F_RS13205,SPN23F_RS13205,ABC transporter permease
209097,209097,logistic+PCs,-6.142452933485942,6.607494765637623,-0.9296190388874559,0.3525683662737379,0.0021496442116584404,0.07,0.07,1.0,0.4989589722203148,False,False,SPN23F_RS13205,SPN23F_RS13205,ABC transporter permease
209378,209378,logistic+PCs,8.473861315535846,2.2454437525090754,3.773802530598725,0.00016077803898720313,4787.967675641131,0.45,0.45,0.5474492227514266,0.0035548650828014718,False,True,SPN23F_RS13205,SPN23F_RS13205,ABC transporter permease
209444,209444,logistic+PCs,8.473861315535846,2.2454437525090754,3.773802530598725,0.00016077803898720313,4787.967675641131,0.45,0.45,0.5474492227514266,0.0035548650828014718,False,True,SPN23F_RS13205,SPN23F_RS13205,ABC transporter permease
209489,209489,logistic+PCs,-3.2566131955602784,1.1013996236008947,-2.9567952682906955,0.0031085444389073445,0.038518632429146216,0.1,0.1,1.0,0.02256127125337857,False,True,SPN23F_RS13205,SPN23F_RS13205,ABC transporter permease
209588,209588,logistic+PCs,-6.142452933485942,6.607494765637623,-0.9296190388874559,0.3525683662737379,0.0021496442116584404,0.07,0.07,1.0,0.4989589722203148,False,False,SPN23F_RS01215,SPN23F_RS01215,ABC transporter ATP-binding protein
209645,209645,logistic+PCs,-6.142452933485942,6.607494765637623,-0.9296190388874559,0.3525683662737379,0.0021496442116584404,0.07,0.07,1.0,0.4989589722203148,False,False,SPN23F_RS01215,SPN23F_RS01215,ABC transporter ATP-binding protein
209648,209648,logistic+PCs,-2.8881827472456627,1.1112273149859184,-2.599092650347838,0.009347054146591144,0.05567730046019323,0.08,0.08,1.0,0.045337207078551066,False,True,SPN23F_RS01215,SPN23F_RS01215,ABC transporter ATP-binding protein
209901,209901,logistic+PCs,-6.142452933485942,6.607494765637623,-0.9296190388874559,0.3525683662737379,0.0021496442116584404,0.07,0.07,1.0,0.4989589722203148,False,False,SPN23F_RS01215,SPN23F_RS01215,ABC transporter ATP-binding protein
209912,209912,logistic+PCs,-6.142452933485942,6.607494765637623,-0.9296190388874559,0.3525683662737379,0.0021496442116584404,0.07,0.07,1.0,0.4989589722203148,False,False,SPN23F_RS01215,SPN23F_RS01215,ABC transporter ATP-binding protein
209933,209933,logistic+PCs,3.584079863504116,1.5594090061212034,2.2983578069867496,0.02154143285204756,36.020198966251655,0.24,0.24,1.0,0.08232163733021543,False,False,SPN23F_RS01215,SPN23F_RS01215,ABC transporter ATP-binding protein
210011,210011,logistic+PCs,-6.742596455519978,6.373121638104902,-1.0579739158289378,0.29006733444129507,0.0011795804488855706,0.08,0.08,1.0,0.4989589722203148,False,False,SPN23F_RS01215,SPN23F_RS01215,ABC transporter ATP-binding protein
210014,210014,logistic+PCs,-6.742596455519978,6.373121638104902,-1.0579739158289378,0.29006733444129507,0.0011795804488855706,0.08,0.08,1.0,0.4989589722203148,False,False,SPN23F_RS01215,SPN23F_RS01215,ABC transporter ATP-binding protein
210098,210098,logistic+PCs,-1.4525740209122306,1.885006429813014,-0.7705936690392726,0.4409478149374113,0.2339672756830764,0.24,0.24,1.0,0.5731338238716763,False,False,SPN23F_RS01215,SPN23F_RS01215,ABC transporter ATP-binding protein
210796,210796,logistic+PCs,-1.8254264000735072,2.6167900403835045,-0.6975822943005321,0.48543845757589266,0.1611489155684423,0.17,0.17,1.0,0.5731338238716763,False,False,SPN23F_RS01215,SPN23F_RS01215,ABC transporter ATP-binding protein
210817,210817,logistic+PCs,-6.142452933485942,6.607494765637623,-0.9296190388874559,0.3525683662737379,0.0021496442116584404,0.07,0.07,1.0,0.4989589722203148,False,False,SPN23F_RS01215,SPN23F_RS01215,ABC transporter ATP-binding protein
210844,210844,logistic+PCs,-9.64892900359911,7.165768263274063,-1.3465309858053494,0.17813133437002604,6.449460354710399e-05,0.1,0.1,1.0,0.3836366629788198,False,False,SPN23F_RS01215,SPN23F_RS01215,ABC transporter ATP-binding protein
210883,210883,logistic+PCs,-1.2591313456888187,0.5685034576301963,-2.214817392558176,0.02677260093051782,0.2839005308408024,0.2,0.2,1.0,0.09565656470977249,False,False,SPN23F_RS01215,SPN23F_RS01215,ABC transporter ATP-binding protein
210901,210901,logistic+PCs,-2.7998090745110034,1.0027074993540115,-2.792249061979455,0.005234304949514836,0.060821673924571835,0.25,0.25,1.0,0.031158755862059472,False,True,SPN23F_RS01215,SPN23F_RS01215,ABC transporter ATP-binding protein
211090,211090,logistic+PCs,-1.4525740209122306,1.885006429813014,-0.7705936690392726,0.4409478149374113,0.2339672756830764,0.24,0.24,1.0,0.5731338238716763,False,False,SPN23F_RS01215,SPN23F_RS01215,ABC transporter ATP-binding protein
211115,211115,logistic+PCs,-1.8254264000735072,2.6167900403835045,-0.6975822943005321,0.48543845757589266,0.1611489155684423,0.17,0.17,1.0,0.5731338238716763,False,False,SPN23F_RS01215,SPN23F_RS01215,ABC transporter ATP-binding protein
211146,211146,logistic+PCs,-1.8254264000735072,2.6167900403835045,-0.6975822943005321,0.48543845757589266,0.1611489155684423,0.17,0.17,1.0,0.5731338238716763,False,False,SPN23F_RS01215,SPN23F_RS01215,ABC transporter ATP-binding protein
211423,211423,logistic+PCs,11.75849139410765,4.0111412217983,2.9314578430215454,0.0033737515299633036,127834.45609668088,0.15,0.15,1.0,0.02256127125337857,False,True,SPN23F_RS11835,SPN23F_RS11835,extracellular solute-binding protein
211483,211483,logistic+PCs,3.93797913206845,1.9646935644541423,2.0043732026793464,0.04503009764903037,51.31479602178058,0.25,0.25,1.0,0.1393886204499531,False,False,SPN23F_RS11835,SPN23F_RS11835,extracellular solute-binding protein
211539,211539,logistic+PCs,-1.8254264000735072,2.6167900403835045,-0.6975822943005321,0.48543845757589266,0.1611489155684423,0.17,0.17,1.0,0.5731338238716763,False,False,SPN23F_RS11835,SPN23F_RS11835,extracellular solute-binding protein
211638,211638,logistic+PCs,2.4763890788168132,0.7318872970635623,3.3835661429737125,0.0007155097064988872,11.898223209181682,0.44,0.44,1.0,0.011318345673530303,False,True,SPN23F_RS11835,SPN23F_RS11835,extracellular solute-binding protein
211722,211722,logistic+PCs,3.584079863504116,1.5594090061212034,2.2983578069867496,0.02154143285204756,36.020198966251655,0.24,0.24,1.0,0.08232163733021543,False,False,SPN23F_RS11835,SPN23F_RS11835,extracellular solute-binding protein
212287,212287,logistic+PCs,1.4727778386701316,1.0868185527120644,1.3551276199646558,0.17537690021266172,4.361333410363656,0.35,0.35,1.0,0.3789075794569246,False,False,SPN23F_RS01230,SPN23F_RS01230,helix-turn-helix domain-containing protein
212320,212320,logistic+PCs,4.982427731731632,1.992546435860485,2.500532806694646,0.012400664695181248,145.82798347760033,0.31,0.31,1.0,0.05288964410811788,False,False,SPN23F_RS01230,SPN23F_RS01230,helix-turn-helix domain-containing protein
212356,212356,logistic+PCs,4.982427731731632,1.992546435860485,2.500532806694646,0.012400664695181248,145.82798347760033,0.31,0.31,1.0,0.05288964410811788,False,False,SPN23F_RS01230,SPN23F_RS01230,helix-turn-helix domain-containing protein
212361,212361,logistic+PCs,4.982427731731632,1.992546435860485,2.500532806694646,0.012400664695181248,145.82798347760033,0.31,0.31,1.0,0.05288964410811788,False,False,SPN23F_RS01230,SPN23F_RS01230,helix-turn-helix domain-containing protein
212830,212830,logistic+PCs,-6.142452933485942,6.607494765637623,-0.9296190388874559,0.3525683662737379,0.0021496442116584404,0.07,0.07,1.0,0.4989589722203148,False,False,SPN23F_RS01230,SPN23F_RS01230,helix-turn-helix domain-containing protein
212938,212938,logistic+PCs,-6.142452933485942,6.607494765637623,-0.9296190388874559,0.3525683662737379,0.0021496442116584404,0.07,0.07,1.0,0.4989589722203148,False,False,SPN23F_RS01235,SPN23F_RS01235,glycyl-radical enzyme activating protein
212992,212992,logistic+PCs,-6.142452933485942,6.607494765637623,-0.9296190388874559,0.3525683662737379,0.0021496442116584404,0.07,0.07,1.0,0.4989589722203148,False,False,SPN23F_RS01235,SPN23F_RS01235,glycyl-radical enzyme activating protein
213028,213028,logistic+PCs,-1.8254264000735072,2.6167900403835045,-0.6975822943005321,0.48543845757589266,0.1611489155684423,0.17,0.17,1.0,0.5731338238716763,False,False,SPN23F_RS01235,SPN23F_RS01235,glycyl-radical enzyme activating protein
213052,213052,logistic+PCs,-6.142452933485942,6.607494765637623,-0.9296190388874559,0.3525683662737379,0.0021496442116584404,0.07,0.07,1.0,0.4989589722203148,False,False,SPN23F_RS01235,SPN23F_RS01235,glycyl-radical enzyme activating protein
213139,213139,logistic+PCs,-6.142452933485942,6.607494765637623,-0.9296190388874559,0.3525683662737379,0.0021496442116584404,0.07,0.07,1.0,0.4989589722203148,False,False,SPN23F_RS01235,SPN23F_RS01235,glycyl-radical enzyme activating protein
213142,213142,logistic+PCs,-1.8254264000735072,2.6167900403835045,-0.6975822943005321,0.48543845757589266,0.1611489155684423,0.17,0.17,1.0,0.5731338238716763,False,False,SPN23F_RS01235,SPN23F_RS01235,glycyl-radical enzyme activating protein
213310,213310,logistic+PCs,-1.1502510858908181,0.7423762366331791,-1.549417975860099,0.12128127529861707,0.3165572763339565,0.39,0.39,1.0,0.2809328345126901,False,False,SPN23F_RS01235,SPN23F_RS01235,glycyl-radical enzyme activating protein
213360,213360,logistic+PCs,-1.4525740209122306,1.885006429813014,-0.7705936690392726,0.4409478149374113,0.2339672756830764,0.24,0.24,1.0,0.5731338238716763,False,False,SPN23F_RS01235,SPN23F_RS01235,glycyl-radical enzyme activating protein
213480,213480,logistic+PCs,-1.5660795100908755,0.6529390265418441,-2.398508048117893,0.016462014726762248,0.20886242233887986,0.45,0.45,1.0,0.06745265962048791,False,False,SPN23F_RS01235,SPN23F_RS01235,glycyl-radical enzyme activating protein
213498,213498,logistic+PCs,-6.142452933485942,6.607494765637623,-0.9296190388874559,0.3525683662737379,0.0021496442116584404,0.07,0.07,1.0,0.4989589722203148,False,False,SPN23F_RS01235,SPN23F_RS01235,glycyl-radical enzyme activating protein
213528,213528,logistic+PCs,0.9289158168052212,0.723139727147508,1.2845592379074735,0.19894635056838028,2.5317627944207435,0.11,0.11,1.0,0.4187371548273868,False,False,SPN23F_RS01235,SPN23F_RS01235,glycyl-radical enzyme activating protein
213585,213585,logistic+PCs,0.24422578420666058,0.6927654669534066,0.3525374688214453,0.7244352237063052,1.2766325414170534,0.2,0.2,1.0,0.7921329276557383,False,False,SPN23F_RS01235,SPN23F_RS01235,glycyl-radical enzyme activating protein
213654,213654,logistic+PCs,0.17004434348481925,0.8327752282073929,0.20418996354016392,0.8382050540726478,1.1853574130334223,0.37,0.37,1.0,0.8989254201944459,False,False,SPN23F_RS01235,SPN23F_RS01235,glycyl-radical enzyme activating protein
213663,213663,logistic+PCs,3.584079863504116,1.5594090061212034,2.2983578069867496,0.02154143285204756,36.020198966251655,0.24,0.24,1.0,0.08232163733021543,False,False,SPN23F_RS01235,SPN23F_RS01235,glycyl-radical enzyme activating protein
213669,213669,logistic+PCs,3.584079863504116,1.5594090061212034,2.2983578069867496,0.02154143285204756,36.020198966251655,0.24,0.24,1.0,0.08232163733021543,False,False,SPN23F_RS01240,SPN23F_RS01240,DeoR/GlpR family DNA-binding transcription regulator
213756,213756,logistic+PCs,-1.8254264000735072,2.6167900403835045,-0.6975822943005321,0.48543845757589266,0.1611489155684423,0.17,0.17,1.0,0.5731338238716763,False,False,SPN23F_RS01240,SPN23F_RS01240,DeoR/GlpR family DNA-binding transcription regulator
213804,213804,logistic+PCs,-2.532536299421529,1.445572197143568,-1.7519265412172342,0.07978644007303648,0.0794572371582118,0.26,0.26,1.0,0.2016564803358884,False,False,SPN23F_RS01240,SPN23F_RS01240,DeoR/GlpR family DNA-binding transcription regulator
213827,213827,logistic+PCs,-6.142452933485942,6.607494765637623,-0.9296190388874559,0.3525683662737379,0.0021496442116584404,0.07,0.07,1.0,0.4989589722203148,False,False,SPN23F_RS01240,SPN23F_RS01240,DeoR/GlpR family DNA-binding transcription regulator
213885,213885,logistic+PCs,-0.3490519094243421,0.9753836695218129,-0.3578611374490888,0.7204472350791294,0.7053565146689827,0.05,0.05,1.0,0.7880253245886398,False,False,SPN23F_RS01240,SPN23F_RS01240,DeoR/GlpR family DNA-binding transcription regulator
213933,213933,logistic+PCs,2.088222179828355,1.3510397722004472,1.5456407892620763,0.12219134446792776,8.07055440824326,0.11,0.11,1.0,0.2809328345126901,False,False,SPN23F_RS01240,SPN23F_RS01240,DeoR/GlpR family DNA-binding transcription regulator
213936,213936,logistic+PCs,2.834082120062283,1.7446680052997237,1.6244248828162609,0.10428516008165918,17.014775609521305,0.28,0.28,1.0,0.24539804428337908,False,False,SPN23F_RS01240,SPN23F_RS01240,DeoR/GlpR family DNA-binding transcription regulator
214060,214060,logistic+PCs,2.7042439015351367,0.7770923033281684,3.479951982477848,0.0005015036569904321,14.94301402813457,0.34,0.34,1.0,0.008370686039472655,False,True,SPN23F_RS01240,SPN23F_RS01240,DeoR/GlpR family DNA-binding transcription regulator
214074,214074,logistic+PCs,4.930869019401955,2.5607863321888114,1.9255292631882077,0.054163178623568675,138.499819087895,0.27,0.27,1.0,0.15980099047697158,False,False,SPN23F_RS01240,SPN23F_RS01240,DeoR/GlpR family DNA-binding transcription regulator
214140,214140,logistic+PCs,-1.4525740209122306,1.885006429813014,-0.7705936690392726,0.4409478149374113,0.2339672756830764,0.24,0.24,1.0,0.5731338238716763,False,False,SPN23F_RS01240,SPN23F_RS01240,DeoR/GlpR family DNA-binding transcription regulator
214638,214638,logistic+PCs,-2.3951442889672956,1.131391976485111,-2.1169889293437247,0.034260787369801315,0.09115952465994084,0.06,0.06,1.0,0.11348052625892362,False,False,SPN23F_RS01240,SPN23F_RS01240,DeoR/GlpR family DNA-binding transcription regulator
214740,214740,logistic+PCs,-1.8254264000735072,2.6167900403835045,-0.6975822943005321,0.48543845757589266,0.1611489155684423,0.17,0.17,1.0,0.5731338238716763,False,False,SPN23F_RS01240,SPN23F_RS01240,DeoR/GlpR family DNA-binding transcription regulator
214750,214750,logistic+PCs,-2.1666602161263917,0.8571353408629221,-2.52779241834213,0.011478219447613437,0.11455958296150812,0.09,0.09,1.0,0.05288964410811788,False,False,SPN23F_RS01240,SPN23F_RS01240,DeoR/GlpR family DNA-binding transcription regulator
214785,214785,logistic+PCs,4.982427731731632,1.992546435860485,2.500532806694646,0.012400664695181248,145.82798347760033,0.31,0.31,1.0,0.05288964410811788,False,False,SPN23F_RS01245,SPN23F_RS01245,sugar-binding transcriptional regulator
214788,214788,logistic+PCs,-2.354683980889303,0.7140792862011821,-3.297510551546657,0.0009754600944020561,0.09492349943508434,0.3,0.3,1.0,0.014378535157744593,False,True,SPN23F_RS01245,SPN23F_RS01245,sugar-binding transcriptional regulator
214983,214983,logistic+PCs,-1.3694970350048772,0.9082418823116027,-1.5078549686778544,0.13159164997971318,0.2542347986050616,0.06,0.06,1.0,0.2999459640182347,False,False,SPN23F_RS01245,SPN23F_RS01245,sugar-binding transcriptional regulator
214986,214986,logistic+PCs,-6.142452933485942,6.607494765637623,-0.9296190388874559,0.3525683662737379,0.0021496442116584404,0.07,0.07,1.0,0.4989589722203148,False,False,SPN23F_RS01245,SPN23F_RS01245,sugar-binding transcriptional regulator
215156,215156,logistic+PCs,-0.9565649555057316,0.5835095788413143,-1.6393303386813294,0.1011444808725517,0.3842104016419388,0.43,0.43,1.0,0.24117433989568526,False,False,SPN23F_RS01245,SPN23F_RS01245,sugar-binding transcriptional regulator
215181,215181,logistic+PCs,-0.12410803733775712,0.7045009339384879,-0.17616447524623632,0.8601647289241982,0.883284408031762,0.1,0.1,1.0,0.9144955360611808,False,False,SPN23F_RS01245,SPN23F_RS01245,sugar-binding transcriptional regulator
215220,215220,logistic+PCs,-6.142452933485942,6.607494765637623,-0.9296190388874559,0.3525683662737379,0.0021496442116584404,0.07,0.07,1.0,0.4989589722203148,False,False,SPN23F_RS01250,SPN23F_RS01250,PTS lactose/cellobiose transporter subunit IIA
215364,215364,logistic+PCs,-6.142452933485942,6.607494765637623,-0.9296190388874559,0.3525683662737379,0.0021496442116584404,0.07,0.07,1.0,0.4989589722203148,False,False,SPN23F_RS01250,SPN23F_RS01250,PTS lactose/cellobiose transporter subunit IIA
215478,215478,logistic+PCs,-6.142452933485942,6.607494765637623,-0.9296190388874559,0.3525683662737379,0.0021496442116584404,0.07,0.07,1.0,0.4989589722203148,False,False,SPN23F_RS01250,SPN23F_RS01250,PTS lactose/cellobiose transporter subunit IIA
216494,216494,logistic+PCs,-6.142452933485942,6.607494765637623,-0.9296190388874559,0.3525683662737379,0.0021496442116584404,0.07,0.07,1.0,0.4989589722203148,False,False,SPN23F_RS01255,SPN23F_RS01255,PTS sugar transporter subunit IIB
216658,216658,logistic+PCs,4.335454973646273,2.4029271231870104,1.804239059858022,0.07119383851169298,76.35969263548576,0.18,0.18,1.0,0.18676041612659058,False,False,SPN23F_RS01255,SPN23F_RS01255,PTS sugar transporter subunit IIB
216666,216666,logistic+PCs,12.277758992799,4.05919952682052,3.0246749172282974,0.002489004985074624,214863.6656671586,0.12,0.12,1.0,0.02256127125337857,False,True,SPN23F_RS01255,SPN23F_RS01255,PTS sugar transporter subunit IIB
216712,216712,logistic+PCs,-2.3951442889672956,1.131391976485111,-2.1169889293437247,0.034260787369801315,0.09115952465994084,0.06,0.06,1.0,0.11348052625892362,False,False,SPN23F_RS01255,SPN23F_RS01255,PTS sugar transporter subunit IIB
216951,216951,logistic+PCs,-0.5161990664249335,0.6201361439432816,-0.8323963559720293,0.4051852582421891,0.59678458107604,0.14,0.14,1.0,0.5549701545915744,False,False,SPN23F_RS01255,SPN23F_RS01255,PTS sugar transporter subunit IIB
216952,216952,logistic+PCs,-0.5161990664249335,0.6201361439432816,-0.8323963559720293,0.4051852582421891,0.59678458107604,0.14,0.14,1.0,0.5549701545915744,False,False,SPN23F_RS01255,SPN23F_RS01255,PTS sugar transporter subunit IIB
216961,216961,logistic+PCs,-0.5161990664249335,0.6201361439432816,-0.8323963559720293,0.4051852582421891,0.59678458107604,0.14,0.14,1.0,0.5549701545915744,False,False,SPN23F_RS01255,SPN23F_RS01255,PTS sugar transporter subunit IIB
217009,217009,logistic+PCs,-0.5161990664249335,0.6201361439432816,-0.8323963559720293,0.4051852582421891,0.59678458107604,0.14,0.14,1.0,0.5549701545915744,False,False,SPN23F_RS01260,SPN23F_RS01260,PTS sugar transporter subunit IIC
217099,217099,logistic+PCs,0.8125098742699993,0.8019859618161538,1.0131223150465294,0.3110017406976644,2.253557039334012,0.47,0.47,1.0,0.4989589722203148,False,False,SPN23F_RS01260,SPN23F_RS01260,PTS sugar transporter subunit IIC
217735,217735,logistic+PCs,0.1767682397176251,1.3167625224909818,0.13424458601937142,0.8932091704255488,1.193354488902119,0.39,0.39,1.0,0.9343708833483851,False,False,SPN23F_RS01265,SPN23F_RS01265,glycyl radical protein
217875,217875,logistic+PCs,-0.5161990664249335,0.6201361439432816,-0.8323963559720293,0.4051852582421891,0.59678458107604,0.14,0.14,1.0,0.5549701545915744,False,False,SPN23F_RS01265,SPN23F_RS01265,glycyl radical protein
217879,217879,logistic+PCs,-0.5161990664249335,0.6201361439432816,-0.8323963559720293,0.4051852582421891,0.59678458107604,0.14,0.14,1.0,0.5549701545915744,False,False,SPN23F_RS01265,SPN23F_RS01265,glycyl radical protein
217909,217909,logistic+PCs,-0.5161990664249335,0.6201361439432816,-0.8323963559720293,0.4051852582421891,0.59678458107604,0.14,0.14,1.0,0.5549701545915744,False,False,SPN23F_RS01265,SPN23F_RS01265,glycyl radical protein
218090,218090,logistic+PCs,-8.767897233065455,7.071600903855846,-1.2398744431808488,0.21502183803787367,0.0001556505335708582,0.08,0.08,1.0,0.4442653874508251,False,False,SPN23F_RS01265,SPN23F_RS01265,glycyl radical protein
218370,218370,logistic+PCs,-3.024809552070806,0.7522687747707184,-4.020915999062606,5.797227618463791e-05,0.048567069887179064,0.17,0.17,0.19739560040869208,0.0035548650828014718,False,True,SPN23F_RS01265,SPN23F_RS01265,glycyl radical protein
218439,218439,logistic+PCs,0.848010301512098,1.3746557904798071,0.6168891931965821,0.5373078153522848,2.334996288266489,0.38,0.38,1.0,0.6214446709492288,False,False,SPN23F_RS01265,SPN23F_RS01265,glycyl radical protein
219175,219175,logistic+PCs,2.204816503718616,0.7318341301277702,3.0127270824793033,0.0025891164670423126,9.068587363114851,0.37,0.37,1.0,0.02256127125337857,False,True,SPN23F_RS01265,SPN23F_RS01265,glycyl radical protein
219308,219308,logistic+PCs,-1.8254264000735072,2.6167900403835045,-0.6975822943005321,0.48543845757589266,0.1611489155684423,0.17,0.17,1.0,0.5731338238716763,False,False,SPN23F_RS01265,SPN23F_RS01265,glycyl radical protein
219422,219422,logistic+PCs,2.6411714168299487,1.4174620867416363,1.8633100959344109,0.062418650536878735,14.029628528617375,0.33,0.33,1.0,0.17030088547922442,False,False,SPN23F_RS01265,SPN23F_RS01265,glycyl radical protein
219476,219476,logistic+PCs,-1.8254264000735072,2.6167900403835045,-0.6975822943005321,0.48543845757589266,0.1611489155684423,0.17,0.17,1.0,0.5731338238716763,False,False,SPN23F_RS01270,SPN23F_RS01270,fructose-6-phosphate aldolase
219560,219560,logistic+PCs,5.448808652260089,1.7796258008230226,3.0617721150930612,0.0022003089617962743,232.48103510511766,0.47,0.47,1.0,0.02256127125337857,False,True,SPN23F_RS01270,SPN23F_RS01270,fructose-6-phosphate aldolase
219825,219825,logistic+PCs,2.2591799607201803,1.1208783378670413,2.015544314130696,0.04384764776372443,9.575233878488287,0.14,0.14,1.0,0.13647279765583334,False,False,SPN23F_RS01270,SPN23F_RS01270,fructose-6-phosphate aldolase
220553,220553,logistic+PCs,11.741987811396758,4.022628019978928,2.9189842443990797,0.003511739725195489,125742.04322366399,0.14,0.14,1.0,0.02256127125337857,False,True,SPN23F_RS01270,SPN23F_RS01270,fructose-6-phosphate aldolase
221187,221187,logistic+PCs,-3.0535932651739075,1.1047476180365146,-2.7640641313181624,0.005708631826920809,0.04718905659025048,0.09,0.09,1.0,0.03339843878121195,False,True,SPN23F_RS01270,SPN23F_RS01270,fructose-6-phosphate aldolase
221298,221298,logistic+PCs,-1.8254264000735072,2.6167900403835045,-0.6975822943005321,0.48543845757589266,0.1611489155684423,0.17,0.17,1.0,0.5731338238716763,False,False,SPN23F_RS01270,SPN23F_RS01270,fructose-6-phosphate aldolase
221934,221934,logistic+PCs,-3.0535932651739075,1.1047476180365146,-2.7640641313181624,0.005708631826920809,0.04718905659025048,0.09,0.09,1.0,0.03339843878121195,False,True,SPN23F_RS01275,SPN23F_RS01275,glycerol dehydrogenase
221991,221991,logistic+PCs,-2.8881827472456627,1.1112273149859184,-2.599092650347838,0.009347054146591144,0.05567730046019323,0.08,0.08,1.0,0.045337207078551066,False,True,SPN23F_RS01275,SPN23F_RS01275,glycerol dehydrogenase
222030,222030,logistic+PCs,-6.142452933485942,6.607494765637623,-0.9296190388874559,0.3525683662737379,0.0021496442116584404,0.07,0.07,1.0,0.4989589722203148,False,False,SPN23F_RS01275,SPN23F_RS01275,glycerol dehydrogenase
222182,222182,logistic+PCs,-2.8881827472456627,1.1112273149859184,-2.599092650347838,0.009347054146591144,0.05567730046019323,0.08,0.08,1.0,0.045337207078551066,False,True,leuS,SPN23F_RS01280,leucine--tRNA ligase
222386,222386,logistic+PCs,-6.142452933485942,6.607494765637623,-0.9296190388874559,0.3525683662737379,0.0021496442116584404,0.07,0.07,1.0,0.4989589722203148,False,False,leuS,SPN23F_RS01280,leucine--tRNA ligase
222912,222912,logistic+PCs,-2.8881827472456627,1.1112273149859184,-2.599092650347838,0.009347054146591144,0.05567730046019323,0.08,0.08,1.0,0.045337207078551066,False,True,leuS,SPN23F_RS01280,leucine--tRNA ligase
223018,223018,logistic+PCs,-2.8881827472456627,1.1112273149859184,-2.599092650347838,0.009347054146591144,0.05567730046019323,0.08,0.08,1.0,0.045337207078551066,False,True,leuS,SPN23F_RS01280,leucine--tRNA ligase
223110,223110,logistic+PCs,-2.7998090745110034,1.0027074993540115,-2.792249061979455,0.005234304949514836,0.060821673924571835,0.25,0.25,1.0,0.031158755862059472,False,True,leuS,SPN23F_RS01280,leucine--tRNA ligase
223350,223350,logistic+PCs,4.982427731731632,1.992546435860485,2.500532806694646,0.012400664695181248,145.82798347760033,0.31,0.31,1.0,0.05288964410811788,False,False,leuS,SPN23F_RS01280,leucine--tRNA ligase
223361,223361,logistic+PCs,-6.142452933485942,6.607494765637623,-0.9296190388874559,0.3525683662737379,0.0021496442116584404,0.07,0.07,1.0,0.4989589722203148,False,False,leuS,SPN23F_RS01280,leucine--tRNA ligase
224428,224428,logistic+PCs,-1.53735430843506,1.3296441644153207,-1.1562148352007207,0.24759329320364232,0.2149490386607986,0.17,0.17,1.0,0.4964989183500601,False,False,SPN23F_RS01285,SPN23F_RS01285,GNAT family N-acetyltransferase
224457,224457,logistic+PCs,-2.6023491944116257,0.8530368364136757,-3.050687946082589,0.0022831773360802794,0.0740992999264007,0.18,0.18,1.0,0.02256127125337857,False,True,SPN23F_RS01285,SPN23F_RS01285,GNAT family N-acetyltransferase
224841,224841,logistic+PCs,-0.5177240709192328,0.7948107210874349,-0.651380331421422,0.5148010039690935,0.5958751755078057,0.37,0.37,1.0,0.604030812720456,False,False,SPN23F_RS01285,SPN23F_RS01285,GNAT family N-acetyltransferase
225228,225228,logistic+PCs,-6.142452933485942,6.607494765637623,-0.9296190388874559,0.3525683662737379,0.0021496442116584404,0.07,0.07,1.0,0.4989589722203148,False,False,SPN23F_RS01285,SPN23F_RS01285,GNAT family N-acetyltransferase
225303,225303,logistic+PCs,-1.033969955951464,0.7295990151735783,-1.4171756464137675,0.15643158015736172,0.3555924682551762,0.26,0.26,1.0,0.3513519330051561,False,False,SPN23F_RS01285,SPN23F_RS01285,GNAT family N-acetyltransferase
225345,225345,logistic+PCs,0.3885694570700991,0.9036029880786038,0.4300223241806032,0.6671794020526547,1.474869420015902,0.14,0.14,1.0,0.7507621038668161,False,False,SPN23F_RS01285,SPN23F_RS01285,GNAT family N-acetyltransferase
225681,225681,logistic+PCs,-1.8254264000735072,2.6167900403835045,-0.6975822943005321,0.48543845757589266,0.1611489155684423,0.17,0.17,1.0,0.5731338238716763,False,False,SPN23F_RS01285,SPN23F_RS01285,GNAT family N-acetyltransferase
226499,226499,logistic+PCs,1.0065498839258593,0.7349645468674625,1.3695216840267157,0.17083626139306907,2.73614469490296,0.18,0.18,1.0,0.37721854569064445,False,False,SPN23F_RS01290,SPN23F_RS01290,GNAT family N-acetyltransferase
226535,226535,logistic+PCs,-1.8254264000735072,2.6167900403835045,-0.6975822943005321,0.48543845757589266,0.1611489155684423,0.17,0.17,1.0,0.5731338238716763,False,False,SPN23F_RS01295,SPN23F_RS01295,type I toxin-antitoxin system Fst family toxin
226973,226973,logistic+PCs,2.8071172431009455,1.6113984645039123,1.7420379285052559,0.08150180768252814,16.56210481277371,0.41,0.41,1.0,0.20390422862528165,False,False,SPN23F_RS01295,SPN23F_RS01295,type I toxin-antitoxin system Fst family toxin
227026,227026,logistic+PCs,-0.33546448256465794,0.5394810230400875,-0.6218281426735754,0.5340548789617906,0.7150059014366364,0.46,0.46,1.0,0.6214446709492288,False,False,SPN23F_RS01295,SPN23F_RS01295,type I toxin-antitoxin system Fst family toxin
227042,227042,logistic+PCs,11.741987811396758,4.022628019978928,2.9189842443990797,0.003511739725195489,125742.04322366399,0.14,0.14,1.0,0.02256127125337857,False,True,SPN23F_RS01295,SPN23F_RS01295,type I toxin-antitoxin system Fst family toxin
227179,227179,logistic+PCs,-0.2862336730793102,0.5686859227074604,-0.5033247028809479,0.6147360012726168,0.7510870866070865,0.29,0.29,1.0,0.6970283331113089,False,False,SPN23F_RS01295,SPN23F_RS01295,type I toxin-antitoxin system Fst family toxin
227325,227325,logistic+PCs,-1.8254264000735072,2.6167900403835045,-0.6975822943005321,0.48543845757589266,0.1611489155684423,0.17,0.17,1.0,0.5731338238716763,False,False,SPN23F_RS01295,SPN23F_RS01295,type I toxin-antitoxin system Fst family toxin
227380,227380,logistic+PCs,8.473861315535846,2.2454437525090754,3.773802530598725,0.00016077803898720313,4787.967675641131,0.45,0.45,0.5474492227514266,0.0035548650828014718,False,True,SPN23F_RS01295,SPN23F_RS01295,type I toxin-antitoxin system Fst family toxin
227511,227511,logistic+PCs,1.607457049142271,0.7391712992241963,2.174674599554111,0.029654509638487092,4.990105486615387,0.38,0.38,1.0,0.10431157574281874,False,False,ruvB,SPN23F_RS01300,Holliday junction branch migration DNA helicase RuvB
227553,227553,logistic+PCs,-3.2505365708757616,0.847900119058162,-3.8336314594299403,0.00012626527252746817,0.038753408301778806,0.15,0.15,0.42993325295602913,0.0035548650828014718,False,True,ruvB,SPN23F_RS01300,Holliday junction branch migration DNA helicase RuvB
227562,227562,logistic+PCs,0.22921769784615875,1.4636787552208737,0.15660382924091093,0.8755570844878192,1.2576157894599769,0.28,0.28,1.0,0.921567812266159,False,False,ruvB,SPN23F_RS01300,Holliday junction branch migration DNA helicase RuvB
227867,227867,logistic+PCs,11.741987811396758,4.022628019978928,2.9189842443990797,0.003511739725195489,125742.04322366399,0.14,0.14,1.0,0.02256127125337857,False,True,ruvB,SPN23F_RS01300,Holliday junction branch migration DNA helicase RuvB
227936,227936,logistic+PCs,4.982427731731632,1.992546435860485,2.500532806694646,0.012400664695181248,145.82798347760033,0.31,0.31,1.0,0.05288964410811788,False,False,ruvB,SPN23F_RS01300,Holliday junction branch migration DNA helicase RuvB
227945,227945,logistic+PCs,6.265326622048363,5.729585294950995,1.0935043811232676,0.2741724064714991,526.0133654672064,0.1,0.1,1.0,0.4989589722203148,False,False,ruvB,SPN23F_RS01300,Holliday junction branch migration DNA helicase RuvB
228048,228048,logistic+PCs,0.868910272986969,0.7402835610220599,1.1737533004073775,0.24049385420512237,2.3843111890090776,0.17,0.17,1.0,0.48425876615519914,False,False,ruvB,SPN23F_RS01300,Holliday junction branch migration DNA helicase RuvB
228115,228115,fisher,inf,,,9.98125019602994e-05,,0.13,0.13,0.33986156917481947,0.0035548650828014718,False,True,ruvB,SPN23F_RS01300,Holliday junction branch migration DNA helicase RuvB
228223,228223,logistic+PCs,1.1862299087363892,2.2175642713556,0.5349247027736631,0.592701925754926,3.274711942520049,0.15,0.15,1.0,0.6742900291331516,False,False,ruvB,SPN23F_RS01300,Holliday junction branch migration DNA helicase RuvB
228378,228378,logistic+PCs,1.7028304354900274,0.8291747738242962,2.0536447673586133,0.04001008592485962,5.489462994292935,0.19,0.19,1.0,0.12847693694572238,False,False,SPN23F_RS01305,SPN23F_RS01305,nucleotidyltransferase family protein
228419,228419,logistic+PCs,10.771940967544944,3.6423321935937105,2.9574295794576604,0.0031021559902190076,47664.44292415737,0.24,0.24,1.0,0.02256127125337857,False,True,SPN23F_RS01305,SPN23F_RS01305,nucleotidyltransferase family protein
228423,228423,logistic+PCs,11.741987811396758,4.022628019978928,2.9189842443990797,0.003511739725195489,125742.04322366399,0.14,0.14,1.0,0.02256127125337857,False,True,SPN23F_RS01305,SPN23F_RS01305,nucleotidyltransferase family protein
228449,228449,logistic+PCs,-6.142452933485942,6.607494765637623,-0.9296190388874559,0.3525683662737379,0.0021496442116584404,0.07,0.07,1.0,0.4989589722203148,False,False,SPN23F_RS01305,SPN23F_RS01305,nucleotidyltransferase family protein
229553,229553,logistic+PCs,-1.8504241241487283,0.7291129578034312,-2.5379114502688656,0.011151619647116319,0.15717049237432973,0.35,0.35,1.0,0.052446498478495945,False,False,SPN23F_RS01310,SPN23F_RS01310,isoprenyl transferase
229594,229594,logistic+PCs,1.1862299087363892,2.2175642713556,0.5349247027736631,0.592701925754926,3.274711942520049,0.15,0.15,1.0,0.6742900291331516,False,False,SPN23F_RS01310,SPN23F_RS01310,isoprenyl transferase
229745,229745,logistic+PCs,-1.4525740209122306,1.885006429813014,-0.7705936690392726,0.4409478149374113,0.2339672756830764,0.24,0.24,1.0,0.5731338238716763,False,False,SPN23F_RS01310,SPN23F_RS01310,isoprenyl transferase
229958,229958,logistic+PCs,-6.142452933485942,6.607494765637623,-0.9296190388874559,0.3525683662737379,0.0021496442116584404,0.07,0.07,1.0,0.4989589722203148,False,False,SPN23F_RS01315,SPN23F_RS01315,phosphatidate cytidylyltransferase
230534,230534,logistic+PCs,-1.8254264000735072,2.6167900403835045,-0.6975822943005321,0.48543845757589266,0.1611489155684423,0.17,0.17,1.0,0.5731338238716763,False,False,SPN23F_RS01315,SPN23F_RS01315,phosphatidate cytidylyltransferase
230561,230561,logistic+PCs,2.4341229920245313,0.7526130915780689,3.2342288743884264,0.0012197166738604189,11.405811338224146,0.38,0.38,1.0,0.016951572548958065,False,True,SPN23F_RS01315,SPN23F_RS01315,phosphatidate cytidylyltransferase
230876,230876,logistic+PCs,-3.460068943200953,0.8560786498452185,-4.041765255828473,5.3050326055558924e-05,0.03142759522466267,0.16,0.16,0.18063636021917814,0.0035548650828014718,False,True,SPN23F_RS01315,SPN23F_RS01315,phosphatidate cytidylyltransferase
230968,230968,logistic+PCs,11.741987811396758,4.022628019978928,2.9189842443990797,0.003511739725195489,125742.04322366399,0.14,0.14,1.0,0.02256127125337857,False,True,SPN23F_RS01315,SPN23F_RS01315,phosphatidate cytidylyltransferase
230986,230986,logistic+PCs,-1.8254264000735072,2.6167900403835045,-0.6975822943005321,0.48543845757589266,0.1611489155684423,0.17,0.17,1.0,0.5731338238716763,False,False,SPN23F_RS01315,SPN23F_RS01315,phosphatidate cytidylyltransferase
231058,231058,logistic+PCs,-1.8254264000735072,2.6167900403835045,-0.6975822943005321,0.48543845757589266,0.1611489155684423,0.17,0.17,1.0,0.5731338238716763,False,False,SPN23F_RS01315,SPN23F_RS01315,phosphatidate cytidylyltransferase
231280,231280,logistic+PCs,5.448808652260089,1.7796258008230226,3.0617721150930612,0.0022003089617962743,232.48103510511766,0.47,0.47,1.0,0.02256127125337857,False,True,rseP,SPN23F_RS01320,RIP metalloprotease RseP
231868,231868,logistic+PCs,-1.8254264000735072,2.6167900403835045,-0.6975822943005321,0.48543845757589266,0.1611489155684423,0.17,0.17,1.0,0.5731338238716763,False,False,rseP,SPN23F_RS01320,RIP metalloprotease RseP
232672,232672,logistic+PCs,2.4467607787058707,0.7583200907957184,3.226554074465365,0.001252905550165547,11.55087022985659,0.38,0.38,1.0,0.017216910128475725,False,True,SPN23F_RS01325,SPN23F_RS01325,proline--tRNA ligase
233201,233201,logistic+PCs,-0.9720369456146597,0.757204078002979,-1.2837185824174016,0.1992404400937421,0.3783116524733464,0.47,0.47,1.0,0.4187371548273868,False,False,bglA,SPN23F_RS01330,6-phospho-beta-glucosidase
233301,233301,logistic+PCs,-2.8881827472456627,1.1112273149859184,-2.599092650347838,0.009347054146591144,0.05567730046019323,0.08,0.08,1.0,0.045337207078551066,False,True,bglA,SPN23F_RS01330,6-phospho-beta-glucosidase
233718,233718,logistic+PCs,11.741987811396758,4.022628019978928,2.9189842443990797,0.003511739725195489,125742.04322366399,0.14,0.14,1.0,0.02256127125337857,False,True,bglA,SPN23F_RS01330,6-phospho-beta-glucosidase
233835,233835,logistic+PCs,-1.8254264000735072,2.6167900403835045,-0.6975822943005321,0.48543845757589266,0.1611489155684423,0.17,0.17,1.0,0.5731338238716763,False,False,bglA,SPN23F_RS01330,6-phospho-beta-glucosidase
234114,234114,logistic+PCs,0.9964454463333511,0.661965962641148,1.5052819972158062,0.13225159162943867,2.708636702033854,0.22,0.22,1.0,0.30061192890403116,False,False,bglA,SPN23F_RS01330,6-phospho-beta-glucosidase
234231,234231,logistic+PCs,4.242966065041183,1.5556545790886604,2.727447418003818,0.006382642932444112,69.61402565299728,0.39,0.39,1.0,0.036710978352993584,False,True,bglA,SPN23F_RS01330,6-phospho-beta-glucosidase
234240,234240,logistic+PCs,4.5201795362893415,1.6147574494690298,2.799293192779933,0.005121461136133418,91.85208728081706,0.28,0.28,1.0,0.030593991523744365,False,True,bglA,SPN23F_RS01330,6-phospho-beta-glucosidase
234253,234253,logistic+PCs,-6.142452933485942,6.607494765637623,-0.9296190388874559,0.3525683662737379,0.0021496442116584404,0.07,0.07,1.0,0.4989589722203148,False,False,bglA,SPN23F_RS01330,6-phospho-beta-glucosidase
234278,234278,logistic+PCs,-6.142452933485942,6.607494765637623,-0.9296190388874559,0.3525683662737379,0.0021496442116584404,0.07,0.07,1.0,0.4989589722203148,False,False,bglA,SPN23F_RS01330,6-phospho-beta-glucosidase
234313,234313,logistic+PCs,-6.142452933485942,6.607494765637623,-0.9296190388874559,0.3525683662737379,0.0021496442116584404,0.07,0.07,1.0,0.4989589722203148,False,False,bglA,SPN23F_RS01330,6-phospho-beta-glucosidase
234378,234378,logistic+PCs,6.265326622048363,5.729585294950995,1.0935043811232676,0.2741724064714991,526.0133654672064,0.1,0.1,1.0,0.4989589722203148,False,False,bglA,SPN23F_RS01330,6-phospho-beta-glucosidase
234387,234387,logistic+PCs,-1.7740896244113,0.6429724542271897,-2.7592000446483174,0.0057943053241571235,0.16963781334846184,0.24,0.24,1.0,0.03384152594983706,False,True,bglA,SPN23F_RS01330,6-phospho-beta-glucosidase
234435,234435,logistic+PCs,-1.8254264000735072,2.6167900403835045,-0.6975822943005321,0.48543845757589266,0.1611489155684423,0.17,0.17,1.0,0.5731338238716763,False,False,bglA,SPN23F_RS01330,6-phospho-beta-glucosidase
234888,234888,logistic+PCs,-1.3922585348383691,0.6353006157193151,-2.191495648500188,0.02841594429335678,0.24851339416482066,0.46,0.46,1.0,0.10078780241549981,False,False,bglA,SPN23F_RS01330,6-phospho-beta-glucosidase
234894,234894,logistic+PCs,0.6609340157719628,0.8362538655962181,0.7903509244776301,0.42932285418940597,1.9366003051630014,0.23,0.23,1.0,0.5731338238716763,False,False,bglA,SPN23F_RS01330,6-phospho-beta-glucosidase
235116,235116,logistic+PCs,-6.142452933485942,6.607494765637623,-0.9296190388874559,0.3525683662737379,0.0021496442116584404,0.07,0.07,1.0,0.4989589722203148,False,False,glmS,SPN23F_RS01335,glutamine--fructose-6-phosphate transaminase (isomerizing)
235506,235506,logistic+PCs,-1.4151804803998693,0.6732199821626614,-2.102107064400738,0.03554389819676689,0.24288177409307996,0.13,0.13,1.0,0.11693427377776935,False,False,glmS,SPN23F_RS01335,glutamine--fructose-6-phosphate transaminase (isomerizing)
235519,235519,logistic+PCs,-0.1199607954830605,0.5316811149912795,-0.22562545875835383,0.8214927381575043,0.8869552086860475,0.5,0.5,1.0,0.8826704870389089,False,False,glmS,SPN23F_RS01335,glutamine--fructose-6-phosphate transaminase (isomerizing)
235532,235532,logistic+PCs,-1.79374856222764,0.826108439729548,-2.1713233710756894,0.02990673686191258,0.16633548065581824,0.23,0.23,1.0,0.10498189589155911,False,False,glmS,SPN23F_RS01335,glutamine--fructose-6-phosphate transaminase (isomerizing)
235533,235533,logistic+PCs,-1.79374856222764,0.826108439729548,-2.1713233710756894,0.02990673686191258,0.16633548065581824,0.23,0.23,1.0,0.10498189589155911,False,False,glmS,SPN23F_RS01335,glutamine--fructose-6-phosphate transaminase (isomerizing)
235602,235602,logistic+PCs,4.6072655640128035,1.5867680740999726,2.9035532282347445,0.003689542474433449,100.20975748633799,0.47,0.47,1.0,0.023438231577324428,False,True,glmS,SPN23F_RS01335,glutamine--fructose-6-phosphate transaminase (isomerizing)
235636,235636,logistic+PCs,-3.0903059242301,0.7528450651792662,-4.104836529006458,4.0460088486672744e-05,0.04548803638329082,0.33,0.33,0.1377666012971207,0.0035548650828014718,False,True,glmS,SPN23F_RS01335,glutamine--fructose-6-phosphate transaminase (isomerizing)
235689,235689,logistic+PCs,3.2558604219389293,1.4587856241679409,2.2318977977288474,0.025621718484419635,25.941925936226188,0.13,0.13,1.0,0.09262792350609132,False,False,glmS,SPN23F_RS01335,glutamine--fructose-6-phosphate transaminase (isomerizing)
235761,235761,logistic+PCs,0.4865188069891127,0.6368601386686371,0.7639335192279194,0.44490686120293343,1.6266436914508446,0.21,0.21,1.0,0.5731338238716763,False,False,glmS,SPN23F_RS01335,glutamine--fructose-6-phosphate transaminase (isomerizing)
235763,235763,logistic+PCs,-1.7198585342616417,0.9994674229392361,-1.7207749795424825,0.08529166434431988,0.17909148142819256,0.2,0.2,1.0,0.2115725949812809,False,False,glmS,SPN23F_RS01335,glutamine--fructose-6-phosphate transaminase (isomerizing)
235922,235922,logistic+PCs,-1.1095594721845745,0.6483928536597056,-1.7112456837269554,0.08703576859380574,0.32970417294695137,0.49,0.49,1.0,0.2129324567899366,False,False,glmS,SPN23F_RS01335,glutamine--fructose-6-phosphate transaminase (isomerizing)
235951,235951,logistic+PCs,-1.1095594721845745,0.6483928536597056,-1.7112456837269554,0.08703576859380574,0.32970417294695137,0.49,0.49,1.0,0.2129324567899366,False,False,glmS,SPN23F_RS01335,glutamine--fructose-6-phosphate transaminase (isomerizing)
236052,236052,logistic+PCs,4.982427731731632,1.992546435860485,2.500532806694646,0.012400664695181248,145.82798347760033,0.31,0.31,1.0,0.05288964410811788,False,False,glmS,SPN23F_RS01335,glutamine--fructose-6-phosphate transaminase (isomerizing)
236078,236078,logistic+PCs,1.8285257785787123,0.9591542241578878,1.9063939171868944,0.056599117331931785,6.2247033000899075,0.07,0.07,1.0,0.15980099047697158,False,False,glmS,SPN23F_RS01335,glutamine--fructose-6-phosphate transaminase (isomerizing)
236113,236113,logistic+PCs,2.756859331414923,1.6471432680941265,1.6737216396511911,0.0941853188518962,15.750298719589445,0.21,0.21,1.0,0.2269646218617881,False,False,glmS,SPN23F_RS01335,glutamine--fructose-6-phosphate transaminase (isomerizing)
236135,236135,logistic+PCs,3.584079863504116,1.5594090061212034,2.2983578069867496,0.02154143285204756,36.020198966251655,0.24,0.24,1.0,0.08232163733021543,False,False,glmS,SPN23F_RS01335,glutamine--fructose-6-phosphate transaminase (isomerizing)
236328,236328,logistic+PCs,-0.7534927657164122,0.6737729450794592,-1.1183185243918508,0.26343097803140536,0.47071956498556144,0.33,0.33,1.0,0.4989589722203148,False,False,glmS,SPN23F_RS01335,glutamine--fructose-6-phosphate transaminase (isomerizing)
236334,236334,logistic+PCs,-0.9061118325980858,0.7092420936381597,-1.2775776293113883,0.20139839253156167,0.404092352196848,0.4,0.4,1.0,0.42200709327382613,False,False,glmS,SPN23F_RS01335,glutamine--fructose-6-phosphate transaminase (isomerizing)
236426,236426,logistic+PCs,1.8285257785787123,0.9591542241578878,1.9063939171868944,0.056599117331931785,6.2247033000899075,0.07,0.07,1.0,0.15980099047697158,False,False,glmS,SPN23F_RS01335,glutamine--fructose-6-phosphate transaminase (isomerizing)
236436,236436,logistic+PCs,2.2591799607201803,1.1208783378670413,2.015544314130696,0.04384764776372443,9.575233878488287,0.14,0.14,1.0,0.13647279765583334,False,False,glmS,SPN23F_RS01335,glutamine--fructose-6-phosphate transaminase (isomerizing)
236687,236687,logistic+PCs,-6.142452933485942,6.607494765637623,-0.9296190388874559,0.3525683662737379,0.0021496442116584404,0.07,0.07,1.0,0.4989589722203148,False,False,SPN23F_RS01340,SPN23F_RS01340,LLM class flavin-dependent oxidoreductase
236940,236940,logistic+PCs,-0.022703257758735343,0.5363394699451268,-0.04233001490839025,0.9662356182866195,0.9775525218641641,0.39,0.39,1.0,0.9999999852469791,False,False,SPN23F_RS01340,SPN23F_RS01340,LLM class flavin-dependent oxidoreductase
237291,237291,logistic+PCs,-1.7482803125884083,0.7544076489915914,-2.3174212442375364,0.020480796197612172,0.17407303741381153,0.1,0.1,1.0,0.08156387257645549,False,False,SPN23F_RS01340,SPN23F_RS01340,LLM class flavin-dependent oxidoreductase
237728,237728,logistic+PCs,-2.4608922347711126,1.8865094917530623,-1.3044685147511759,0.1920738878525433,0.08535875692993937,0.25,0.25,1.0,0.407230129600193,False,False,SPN23F_RS01340,SPN23F_RS01340,LLM class flavin-dependent oxidoreductase
237776,237776,logistic+PCs,4.340415970545434,2.1925027350363093,1.9796627393824229,0.047741438060648296,76.73945405260345,0.18,0.18,1.0,0.14658214300857297,False,False,SPN23F_RS01340,SPN23F_RS01340,LLM class flavin-dependent oxidoreductase
237781,237781,logistic+PCs,1.1862299087363892,2.2175642713556,0.5349247027736631,0.592701925754926,3.274711942520049,0.15,0.15,1.0,0.6742900291331516,False,False,SPN23F_RS01340,SPN23F_RS01340,LLM class flavin-dependent oxidoreductase
238414,238414,logistic+PCs,-6.142452933485942,6.607494765637623,-0.9296190388874559,0.3525683662737379,0.0021496442116584404,0.07,0.07,1.0,0.4989589722203148,False,False,SPN23F_RS01340,SPN23F_RS01340,LLM class flavin-dependent oxidoreductase
238828,238828,logistic+PCs,-1.0399216263819202,0.698426753175867,-1.488948728915691,0.13650087040287712,0.35348238456659514,0.11,0.11,1.0,0.30944438330345975,False,False,spuA,SPN23F_RS01345,LPXTG-anchored pullulanase SpuA
239065,239065,logistic+PCs,-2.629365608012954,0.7379048879278006,-3.5632852567175584,0.0003662423175603225,0.07212420274482018,0.15,0.15,1.0,0.00656344784890999,False,True,spuA,SPN23F_RS01345,LPXTG-anchored pullulanase SpuA
239383,239383,logistic+PCs,4.982427731731632,1.992546435860485,2.500532806694646,0.012400664695181248,145.82798347760033,0.31,0.31,1.0,0.05288964410811788,False,False,spuA,SPN23F_RS01345,LPXTG-anchored pullulanase SpuA
239600,239600,logistic+PCs,-1.8254264000735072,2.6167900403835045,-0.6975822943005321,0.48543845757589266,0.1611489155684423,0.17,0.17,1.0,0.5731338238716763,False,False,spuA,SPN23F_RS01345,LPXTG-anchored pullulanase SpuA
239620,239620,logistic+PCs,-3.7129763970784393,0.8131532455838804,-4.566145947572719,4.967729612083197e-06,0.024404776757859792,0.35,0.35,0.016915119329143285,0.0035548650828014718,True,True,spuA,SPN23F_RS01345,LPXTG-anchored pullulanase SpuA
240140,240140,logistic+PCs,1.709332331149185,1.7415089391981453,0.9815237192731404,0.3263345434737287,5.525271194348724,0.31,0.31,1.0,0.4989589722203148,False,False,spuA,SPN23F_RS01345,LPXTG-anchored pullulanase SpuA
240214,240214,logistic+PCs,-1.8254264000735072,2.6167900403835045,-0.6975822943005321,0.48543845757589266,0.1611489155684423,0.17,0.17,1.0,0.5731338238716763,False,False,spuA,SPN23F_RS01345,LPXTG-anchored pullulanase SpuA
240765,240765,logistic+PCs,11.741987811396758,4.022628019978928,2.9189842443990797,0.003511739725195489,125742.04322366399,0.14,0.14,1.0,0.02256127125337857,False,True,spuA,SPN23F_RS01345,LPXTG-anchored pullulanase SpuA
240942,240942,logistic+PCs,11.741987811396758,4.022628019978928,2.9189842443990797,0.003511739725195489,125742.04322366399,0.14,0.14,1.0,0.02256127125337857,False,True,spuA,SPN23F_RS01345,LPXTG-anchored pullulanase SpuA
241119,241119,logistic+PCs,-1.8254264000735072,2.6167900403835045,-0.6975822943005321,0.48543845757589266,0.1611489155684423,0.17,0.17,1.0,0.5731338238716763,False,False,spuA,SPN23F_RS01345,LPXTG-anchored pullulanase SpuA
241125,241125,logistic+PCs,2.5863360691446178,1.2007695825869764,2.1538987218284897,0.03124811523189249,13.281021604572274,0.06,0.06,1.0,0.10672568205773438,False,False,spuA,SPN23F_RS01345,LPXTG-anchored pullulanase SpuA
241270,241270,logistic+PCs,-1.8254264000735072,2.6167900403835045,-0.6975822943005321,0.48543845757589266,0.1611489155684423,0.17,0.17,1.0,0.5731338238716763,False,False,spuA,SPN23F_RS01345,LPXTG-anchored pullulanase SpuA
241317,241317,logistic+PCs,-1.8254264000735072,2.6167900403835045,-0.6975822943005321,0.48543845757589266,0.1611489155684423,0.17,0.17,1.0,0.5731338238716763,False,False,spuA,SPN23F_RS01345,LPXTG-anchored pullulanase SpuA
241338,241338,logistic+PCs,8.473861315535846,2.2454437525090754,3.773802530598725,0.00016077803898720313,4787.967675641131,0.45,0.45,0.5474492227514266,0.0035548650828014718,False,True,spuA,SPN23F_RS01345,LPXTG-anchored pullulanase SpuA
242161,242161,logistic+PCs,3.584079863504116,1.5594090061212034,2.2983578069867496,0.02154143285204756,36.020198966251655,0.24,0.24,1.0,0.08232163733021543,False,False,rpsL,SPN23F_RS01350,30S ribosomal protein S12
242248,242248,logistic+PCs,3.584079863504116,1.5594090061212034,2.2983578069867496,0.02154143285204756,36.020198966251655,0.24,0.24,1.0,0.08232163733021543,False,False,rpsL,SPN23F_RS01350,30S ribosomal protein S12
242578,242578,logistic+PCs,2.088222179828355,1.3510397722004472,1.5456407892620763,0.12219134446792776,8.07055440824326,0.11,0.11,1.0,0.2809328345126901,False,False,rpsL,SPN23F_RS01350,30S ribosomal protein S12
242711,242711,logistic+PCs,4.982427731731632,1.992546435860485,2.500532806694646,0.012400664695181248,145.82798347760033,0.31,0.31,1.0,0.05288964410811788,False,False,rpsL,SPN23F_RS01350,30S ribosomal protein S12
242820,242820,logistic+PCs,-6.142452933485942,6.607494765637623,-0.9296190388874559,0.3525683662737379,0.0021496442116584404,0.07,0.07,1.0,0.4989589722203148,False,False,rpsL,SPN23F_RS01350,30S ribosomal protein S12
243111,243111,logistic+PCs,1.5005678338026298,0.7540878609562424,1.9899111383384325,0.04660072517152625,4.484234647549075,0.43,0.43,1.0,0.14385808631826552,False,False,rpsL,SPN23F_RS01350,30S ribosomal protein S12
243118,243118,logistic+PCs,-0.727023014808825,0.7321581423269519,-0.9929863137193198,0.32071662424129743,0.48334576358279047,0.48,0.48,1.0,0.4989589722203148,False,False,rpsL,SPN23F_RS01350,30S ribosomal protein S12
243165,243165,logistic+PCs,0.969111419314578,1.1660459632912896,0.8311091070365333,0.4059119954481748,2.635601473978294,0.33,0.33,1.0,0.555518627211027,False,False,rpsL,SPN23F_RS01350,30S ribosomal protein S12
243174,243174,logistic+PCs,0.969111419314578,1.1660459632912896,0.8311091070365333,0.4059119954481748,2.635601473978294,0.33,0.33,1.0,0.555518627211027,False,False,rpsL,SPN23F_RS01350,30S ribosomal protein S12
243232,243232,logistic+PCs,-2.8881827472456627,1.1112273149859184,-2.599092650347838,0.009347054146591144,0.05567730046019323,0.08,0.08,1.0,0.045337207078551066,False,True,rpsL,SPN23F_RS01350,30S ribosomal protein S12
243420,243420,logistic+PCs,-2.978215109737263,1.1267727262759433,-2.6431373783606356,0.00821416996647979,0.05088357445638951,0.15,0.15,1.0,0.045337207078551066,False,True,rpsG,SPN23F_RS01355,30S ribosomal protein S7
243540,243540,logistic+PCs,-6.142452933485942,6.607494765637623,-0.9296190388874559,0.3525683662737379,0.0021496442116584404,0.07,0.07,1.0,0.4989589722203148,False,False,rpsG,SPN23F_RS01355,30S ribosomal protein S7
244080,244080,logistic+PCs,-1.8254264000735072,2.6167900403835045,-0.6975822943005321,0.48543845757589266,0.1611489155684423,0.17,0.17,1.0,0.5731338238716763,False,False,rpsG,SPN23F_RS01355,30S ribosomal protein S7
244497,244497,logistic+PCs,2.1336251721358797,0.7421865036922779,2.8747830383891135,0.004043052138905475,8.445427512564455,0.39,0.39,1.0,0.02539961721950764,False,True,fusA,SPN23F_RS01360,elongation factor G
244512,244512,logistic+PCs,-6.142452933485942,6.607494765637623,-0.9296190388874559,0.3525683662737379,0.0021496442116584404,0.07,0.07,1.0,0.4989589722203148,False,False,fusA,SPN23F_RS01360,elongation factor G
244697,244697,logistic+PCs,-2.071270837014974,1.1511479022697464,-1.7993090487599366,0.07196980751024531,0.12602552199643804,0.05,0.05,1.0,0.18778329086006537,False,False,fusA,SPN23F_RS01360,elongation factor G
244767,244767,logistic+PCs,-2.310758574000205,0.821175474339915,-2.813964428075084,0.004893464298819001,0.09918598310693967,0.25,0.25,1.0,0.029595463476871576,False,True,fusA,SPN23F_RS01360,elongation factor G
245190,245190,logistic+PCs,6.068918736003424,3.531294205335713,1.718610340320388,0.08568534757097984,432.21309237071733,0.2,0.2,1.0,0.2115725949812809,False,False,fusA,SPN23F_RS01360,elongation factor G
245271,245271,logistic+PCs,-3.616333632420524,1.0095751966690385,-3.5820349433624603,0.0003409281763922441,0.026881051859351107,0.27,0.27,1.0,0.006343499675495034,False,True,fusA,SPN23F_RS01360,elongation factor G
245430,245430,logistic+PCs,-3.4813885070861104,1.0972536677073175,-3.1728201140219285,0.0015096603020331128,0.030764664408090798,0.12,0.12,1.0,0.019847078488118723,False,True,fusA,SPN23F_RS01360,elongation factor G
245475,245475,logistic+PCs,3.3487165522060405,1.4537083695686395,2.303568323817045,0.021246887696563767,28.46617533850684,0.14,0.14,1.0,0.08232163733021543,False,False,SPN23F_RS01365,SPN23F_RS01365,PolC-type DNA polymerase III
245676,245676,logistic+PCs,4.982427731731632,1.992546435860485,2.500532806694646,0.012400664695181248,145.82798347760033,0.31,0.31,1.0,0.05288964410811788,False,False,SPN23F_RS01365,SPN23F_RS01365,PolC-type DNA polymerase III
245988,245988,logistic+PCs,2.5863360691446178,1.2007695825869764,2.1538987218284897,0.03124811523189249,13.281021604572274,0.06,0.06,1.0,0.10672568205773438,False,False,SPN23F_RS01365,SPN23F_RS01365,PolC-type DNA polymerase III
246079,246079,logistic+PCs,-1.8254264000735072,2.6167900403835045,-0.6975822943005321,0.48543845757589266,0.1611489155684423,0.17,0.17,1.0,0.5731338238716763,False,False,SPN23F_RS01365,SPN23F_RS01365,PolC-type DNA polymerase III
246174,246174,logistic+PCs,0.06400945925693854,0.5964086561283933,0.10732483272871672,0.9145312846513209,1.0661024832511212,0.24,0.24,1.0,0.9519960330901094,False,False,SPN23F_RS01365,SPN23F_RS01365,PolC-type DNA polymerase III
246197,246197,logistic+PCs,-0.004419082182845357,0.5984675359409678,-0.007383996486788969,0.9941084767438677,0.9955906675938486,0.23,0.23,1.0,0.9999999852469791,False,False,SPN23F_RS01365,SPN23F_RS01365,PolC-type DNA polymerase III
247706,247706,logistic+PCs,-1.4525740209122306,1.885006429813014,-0.7705936690392726,0.4409478149374113,0.2339672756830764,0.24,0.24,1.0,0.5731338238716763,False,False,SPN23F_RS01365,SPN23F_RS01365,PolC-type DNA polymerase III
248018,248018,logistic+PCs,2.7262603444383253,1.4535184168071003,1.8756283463040109,0.06070633123335059,15.275654385556313,0.47,0.47,1.0,0.16740074590773765,False,False,SPN23F_RS01365,SPN23F_RS01365,PolC-type DNA polymerase III
248361,248361,logistic+PCs,0.522775881363986,0.7998713768921465,0.653574932753815,0.51338569847225,1.6867032453524917,0.46,0.46,1.0,0.6025778363660845,False,False,SPN23F_RS01365,SPN23F_RS01365,PolC-type DNA polymerase III
248583,248583,logistic+PCs,4.062488621885679,2.319686840588039,1.7513090779339167,0.07989268486728736,58.11876689171201,0.17,0.17,1.0,0.2016564803358884,False,False,SPN23F_RS01365,SPN23F_RS01365,PolC-type DNA polymerase III
248613,248613,logistic+PCs,-1.8254264000735072,2.6167900403835045,-0.6975822943005321,0.48543845757589266,0.1611489155684423,0.17,0.17,1.0,0.5731338238716763,False,False,SPN23F_RS01365,SPN23F_RS01365,PolC-type DNA polymerase III
248631,248631,logistic+PCs,-1.8254264000735072,2.6167900403835045,-0.6975822943005321,0.48543845757589266,0.1611489155684423,0.17,0.17,1.0,0.5731338238716763,False,False,SPN23F_RS01365,SPN23F_RS01365,PolC-type DNA polymerase III
248685,248685,logistic+PCs,0.4171776940100643,0.5600997207511678,0.7448275343729397,0.45637598724086514,1.5176721702300233,0.42,0.42,1.0,0.5731338238716763,False,False,SPN23F_RS01365,SPN23F_RS01365,PolC-type DNA polymerase III
248689,248689,logistic+PCs,-6.142452933485942,6.607494765637623,-0.9296190388874559,0.3525683662737379,0.0021496442116584404,0.07,0.07,1.0,0.4989589722203148,False,False,SPN23F_RS01365,SPN23F_RS01365,PolC-type DNA polymerase III
249545,249545,logistic+PCs,-2.536671526058018,0.8444186492349437,-3.0040448873983085,0.002664160157264955,0.07912934190250433,0.11,0.11,1.0,0.02256127125337857,False,True,SPN23F_RS01365,SPN23F_RS01365,PolC-type DNA polymerase III
249704,249704,logistic+PCs,12.277758992799,4.05919952682052,3.0246749172282974,0.002489004985074624,214863.6656671586,0.12,0.12,1.0,0.02256127125337857,False,True,SPN23F_RS01365,SPN23F_RS01365,PolC-type DNA polymerase III
249907,249907,logistic+PCs,-2.0774332633269994,1.1506465138373634,-1.8054487093510905,0.07100449479266499,0.12525128703680555,0.05,0.05,1.0,0.18652296597989912,False,False,SPN23F_RS01370,SPN23F_RS01370,ISL3 family transposase
250055,250055,logistic+PCs,-0.5890505554273555,0.5516034461362607,-1.0678877362956947,0.28557115510905695,0.5548538376933366,0.4,0.4,1.0,0.4989589722203148,False,False,SPN23F_RS01370,SPN23F_RS01370,ISL3 family transposase
250379,250379,logistic+PCs,2.5863360691446178,1.2007695825869764,2.1538987218284897,0.03124811523189249,13.281021604572274,0.06,0.06,1.0,0.10672568205773438,False,False,SPN23F_RS01370,SPN23F_RS01370,ISL3 family transposase
250860,250860,logistic+PCs,-6.551941458155456,5.94750914419593,-1.1016278074241181,0.270623514025337,0.001427341782211505,0.09,0.09,1.0,0.4989589722203148,False,False,SPN23F_RS01370,SPN23F_RS01370,ISL3 family transposase
250913,250913,logistic+PCs,1.8285257785787123,0.9591542241578878,1.9063939171868944,0.056599117331931785,6.2247033000899075,0.07,0.07,1.0,0.15980099047697158,False,False,SPN23F_RS01370,SPN23F_RS01370,ISL3 family transposase
251371,251371,logistic+PCs,2.4851604519009407,1.0554692326847652,2.354555087863161,0.018544894700908695,12.00304601188106,0.23,0.23,1.0,0.07463991306926017,False,False,SPN23F_RS01370,SPN23F_RS01370,ISL3 family transposase
251421,251421,logistic+PCs,7.225919750426215,2.1622977587287497,3.3417783102519847,0.000832435171258924,1374.6023254659976,0.39,0.39,1.0,0.01265375784882427,False,True,SPN23F_RS01370,SPN23F_RS01370,ISL3 family transposase
251470,251470,logistic+PCs,0.48560888319087303,0.5473074154562045,0.8872689634327299,0.3749341110814547,1.6251642428395643,0.49,0.49,1.0,0.5189636781432331,False,False,SPN23F_RS01370,SPN23F_RS01370,ISL3 family transposase
251567,251567,logistic+PCs,-0.8388952131847773,1.4377561081015584,-0.583475325514333,0.5595733628024753,0.43218773508339037,0.16,0.16,1.0,0.6423962577014256,False,False,SPN23F_RS01370,SPN23F_RS01370,ISL3 family transposase
251770,251770,logistic+PCs,0.15745869647955998,0.8502262869391631,0.1851962223450129,0.8530751319751531,1.17053240987391,0.48,0.48,1.0,0.9125733032910449,False,False,SPN23F_RS01375,SPN23F_RS01375,type II toxin-antitoxin system RelB/DinJ family antitoxin
252180,252180,logistic+PCs,3.584079863504116,1.5594090061212034,2.2983578069867496,0.02154143285204756,36.020198966251655,0.24,0.24,1.0,0.08232163733021543,False,False,SPN23F_RS01380,SPN23F_RS01380,type II toxin-antitoxin system RelE/ParE family toxin
252308,252308,logistic+PCs,4.982427731731632,1.992546435860485,2.500532806694646,0.012400664695181248,145.82798347760033,0.31,0.31,1.0,0.05288964410811788,False,False,SPN23F_RS01380,SPN23F_RS01380,type II toxin-antitoxin system RelE/ParE family toxin
252887,252887,logistic+PCs,-6.142452933485942,6.607494765637623,-0.9296190388874559,0.3525683662737379,0.0021496442116584404,0.07,0.07,1.0,0.4989589722203148,False,False,SPN23F_RS01380,SPN23F_RS01380,type II toxin-antitoxin system RelE/ParE family toxin
252938,252938,logistic+PCs,-6.142452933485942,6.607494765637623,-0.9296190388874559,0.3525683662737379,0.0021496442116584404,0.07,0.07,1.0,0.4989589722203148,False,False,SPN23F_RS01380,SPN23F_RS01380,type II toxin-antitoxin system RelE/ParE family toxin
255716,255716,logistic+PCs,-1.8588335077159257,0.784236668057419,-2.3702455947645498,0.017776272852717705,0.15585432724356185,0.28,0.28,1.0,0.07222936642422886,False,False,SPN23F_RS01400,SPN23F_RS01400,pseudouridine synthase
255720,255720,logistic+PCs,-1.8254264000735072,2.6167900403835045,-0.6975822943005321,0.48543845757589266,0.1611489155684423,0.17,0.17,1.0,0.5731338238716763,False,False,SPN23F_RS01400,SPN23F_RS01400,pseudouridine synthase
255742,255742,logistic+PCs,1.709332331149185,1.7415089391981453,0.9815237192731404,0.3263345434737287,5.525271194348724,0.31,0.31,1.0,0.4989589722203148,False,False,SPN23F_RS01400,SPN23F_RS01400,pseudouridine synthase
256425,256425,logistic+PCs,11.741987811396758,4.022628019978928,2.9189842443990797,0.003511739725195489,125742.04322366399,0.14,0.14,1.0,0.02256127125337857,False,True,pepC,SPN23F_RS01410,aminopeptidase C
256470,256470,logistic+PCs,-6.142452933485942,6.607494765637623,-0.9296190388874559,0.3525683662737379,0.0021496442116584404,0.07,0.07,1.0,0.4989589722203148,False,False,pepC,SPN23F_RS01410,aminopeptidase C
256476,256476,logistic+PCs,0.7535385881298596,0.6683226115705515,1.1275072473742156,0.2595280780566701,2.124504477509842,0.35,0.35,1.0,0.4989589722203148,False,False,pepC,SPN23F_RS01410,aminopeptidase C
256495,256495,logistic+PCs,1.2091345702159069,0.7070188038489408,1.7101872872878305,0.08723124575279483,3.350583702515549,0.32,0.32,1.0,0.2129324567899366,False,False,pepC,SPN23F_RS01410,aminopeptidase C
256878,256878,logistic+PCs,0.11351979134256415,0.5884886706354512,0.19290055528169348,0.847036850149448,1.1202140592131806,0.24,0.24,1.0,0.9072540027552282,False,False,SPN23F_RS01415,SPN23F_RS01415,PTS system mannose/fructose/sorbose family transporter subunit IID
256983,256983,logistic+PCs,-2.1666602161263917,0.8571353408629221,-2.52779241834213,0.011478219447613437,0.11455958296150812,0.09,0.09,1.0,0.05288964410811788,False,False,SPN23F_RS01415,SPN23F_RS01415,PTS system mannose/fructose/sorbose family transporter subunit IID
256995,256995,logistic+PCs,-6.142452933485942,6.607494765637623,-0.9296190388874559,0.3525683662737379,0.0021496442116584404,0.07,0.07,1.0,0.4989589722203148,False,False,SPN23F_RS01415,SPN23F_RS01415,PTS system mannose/fructose/sorbose family transporter subunit IID
257038,257038,logistic+PCs,11.741987811396758,4.022628019978928,2.9189842443990797,0.003511739725195489,125742.04322366399,0.14,0.14,1.0,0.02256127125337857,False,True,SPN23F_RS01415,SPN23F_RS01415,PTS system mannose/fructose/sorbose family transporter subunit IID
257194,257194,logistic+PCs,1.0000222634964209,0.7360501031735577,1.3586334125689534,0.17426278190055322,2.718342347590485,0.18,0.18,1.0,0.37721854569064445,False,False,SPN23F_RS01415,SPN23F_RS01415,PTS system mannose/fructose/sorbose family transporter subunit IID
257658,257658,logistic+PCs,-6.142452933485942,6.607494765637623,-0.9296190388874559,0.3525683662737379,0.0021496442116584404,0.07,0.07,1.0,0.4989589722203148,False,False,SPN23F_RS01415,SPN23F_RS01415,PTS system mannose/fructose/sorbose family transporter subunit IID
257724,257724,logistic+PCs,-1.8254264000735072,2.6167900403835045,-0.6975822943005321,0.48543845757589266,0.1611489155684423,0.17,0.17,1.0,0.5731338238716763,False,False,SPN23F_RS01415,SPN23F_RS01415,PTS system mannose/fructose/sorbose family transporter subunit IID
257806,257806,logistic+PCs,-0.05621844681687384,0.9056101623608347,-0.06207797698550334,0.9505007349858404,0.9453326084343854,0.49,0.49,1.0,0.9858224193197644,False,False,SPN23F_RS01415,SPN23F_RS01415,PTS system mannose/fructose/sorbose family transporter subunit IID
257909,257909,logistic+PCs,-0.5763828360741334,0.5911084464227478,-0.9750881408686842,0.32951654066758995,0.5619272779795139,0.27,0.27,1.0,0.4989589722203148,False,False,SPN23F_RS01415,SPN23F_RS01415,PTS system mannose/fructose/sorbose family transporter subunit IID
257972,257972,logistic+PCs,-0.2439043100595187,0.9674159517594021,-0.25211938010319074,0.8009487905636614,0.783562609735095,0.23,0.23,1.0,0.8638677959674587,False,False,SPN23F_RS01420,SPN23F_RS01420,PTS mannose/fructose/sorbose transporter subunit IIC
258016,258016,logistic+PCs,-1.8254264000735072,2.6167900403835045,-0.6975822943005321,0.48543845757589266,0.1611489155684423,0.17,0.17,1.0,0.5731338238716763,False,False,SPN23F_RS01420,SPN23F_RS01420,PTS mannose/fructose/sorbose transporter subunit IIC
258475,258475,logistic+PCs,-1.8254264000735072,2.6167900403835045,-0.6975822943005321,0.48543845757589266,0.1611489155684423,0.17,0.17,1.0,0.5731338238716763,False,False,SPN23F_RS01420,SPN23F_RS01420,PTS mannose/fructose/sorbose transporter subunit IIC
258645,258645,logistic+PCs,-2.5220358642565412,0.8439110873236179,-2.988508981739929,0.002803422604021047,0.08029596854116526,0.11,0.11,1.0,0.02256127125337857,False,True,SPN23F_RS01420,SPN23F_RS01420,PTS mannose/fructose/sorbose transporter subunit IIC
258688,258688,logistic+PCs,1.0000222634964209,0.7360501031735577,1.3586334125689534,0.17426278190055322,2.718342347590485,0.18,0.18,1.0,0.37721854569064445,False,False,SPN23F_RS01420,SPN23F_RS01420,PTS mannose/fructose/sorbose transporter subunit IIC
258700,258700,logistic+PCs,1.0000222634964209,0.7360501031735577,1.3586334125689534,0.17426278190055322,2.718342347590485,0.18,0.18,1.0,0.37721854569064445,False,False,SPN23F_RS01420,SPN23F_RS01420,PTS mannose/fructose/sorbose transporter subunit IIC
258719,258719,logistic+PCs,8.473861315535846,2.2454437525090754,3.773802530598725,0.00016077803898720313,4787.967675641131,0.45,0.45,0.5474492227514266,0.0035548650828014718,False,True,SPN23F_RS01420,SPN23F_RS01420,PTS mannose/fructose/sorbose transporter subunit IIC
259049,259049,logistic+PCs,-6.142452933485942,6.607494765637623,-0.9296190388874559,0.3525683662737379,0.0021496442116584404,0.07,0.07,1.0,0.4989589722203148,False,False,SPN23F_RS01420,SPN23F_RS01420,PTS mannose/fructose/sorbose transporter subunit IIC
259070,259070,logistic+PCs,-1.423807244065869,1.1687670599932014,-1.2182130150674773,0.22314303503726973,0.24079550225477556,0.2,0.2,1.0,0.4571612721431429,False,False,SPN23F_RS01420,SPN23F_RS01420,PTS mannose/fructose/sorbose transporter subunit IIC
259090,259090,logistic+PCs,-1.8254264000735072,2.6167900403835045,-0.6975822943005321,0.48543845757589266,0.1611489155684423,0.17,0.17,1.0,0.5731338238716763,False,False,SPN23F_RS01420,SPN23F_RS01420,PTS mannose/fructose/sorbose transporter subunit IIC
259199,259199,logistic+PCs,1.0000222634964209,0.7360501031735577,1.3586334125689534,0.17426278190055322,2.718342347590485,0.18,0.18,1.0,0.37721854569064445,False,False,SPN23F_RS01425,SPN23F_RS01425,PTS sugar transporter subunit IIB
259269,259269,logistic+PCs,-0.32672313629943206,1.0033883588384855,-0.32561981950602276,0.7447120149821622,0.7212834125794709,0.19,0.19,1.0,0.8101419843496046,False,False,SPN23F_RS01425,SPN23F_RS01425,PTS sugar transporter subunit IIB
259294,259294,logistic+PCs,-1.8254264000735072,2.6167900403835045,-0.6975822943005321,0.48543845757589266,0.1611489155684423,0.17,0.17,1.0,0.5731338238716763,False,False,SPN23F_RS01425,SPN23F_RS01425,PTS sugar transporter subunit IIB
259333,259333,logistic+PCs,0.250617171559903,0.8347152011156589,0.3002427309637281,0.7639920131009662,1.284818125250542,0.07,0.07,1.0,0.8279416946558847,False,False,SPN23F_RS01425,SPN23F_RS01425,PTS sugar transporter subunit IIB
259337,259337,logistic+PCs,11.741987811396758,4.022628019978928,2.9189842443990797,0.003511739725195489,125742.04322366399,0.14,0.14,1.0,0.02256127125337857,False,True,SPN23F_RS01425,SPN23F_RS01425,PTS sugar transporter subunit IIB
259339,259339,logistic+PCs,-0.021552852515193992,0.6005973422646409,-0.035885694122331245,0.9713735029575018,0.9786777505215305,0.23,0.23,1.0,0.9999999852469791,False,False,SPN23F_RS01425,SPN23F_RS01425,PTS sugar transporter subunit IIB
259382,259382,logistic+PCs,2.335312423389702,1.0917352448702606,2.139083110454335,0.032428938004996945,10.332687598427857,0.17,0.17,1.0,0.10901665345577051,False,False,SPN23F_RS01425,SPN23F_RS01425,PTS sugar transporter subunit IIB
259436,259436,logistic+PCs,4.982427731731632,1.992546435860485,2.500532806694646,0.012400664695181248,145.82798347760033,0.31,0.31,1.0,0.05288964410811788,False,False,SPN23F_RS01425,SPN23F_RS01425,PTS sugar transporter subunit IIB
259437,259437,logistic+PCs,4.982427731731632,1.992546435860485,2.500532806694646,0.012400664695181248,145.82798347760033,0.31,0.31,1.0,0.05288964410811788,False,False,SPN23F_RS01425,SPN23F_RS01425,PTS sugar transporter subunit IIB
259463,259463,logistic+PCs,3.2558604219389293,1.4587856241679409,2.2318977977288474,0.025621718484419635,25.941925936226188,0.13,0.13,1.0,0.09262792350609132,False,False,SPN23F_RS01425,SPN23F_RS01425,PTS sugar transporter subunit IIB
259482,259482,logistic+PCs,-1.56855293580242,0.6514481478270253,-2.4077939910252186,0.016049234458819308,0.20834645501975835,0.45,0.45,1.0,0.06591995576873311,False,False,SPN23F_RS01425,SPN23F_RS01425,PTS sugar transporter subunit IIB
259504,259504,logistic+PCs,3.2558604219389293,1.4587856241679409,2.2318977977288474,0.025621718484419635,25.941925936226188,0.13,0.13,1.0,0.09262792350609132,False,False,SPN23F_RS01425,SPN23F_RS01425,PTS sugar transporter subunit IIB
259598,259598,logistic+PCs,0.3026011529308049,0.6086538225062228,0.4971646307663026,0.6190729610172847,1.353374567301558,0.22,0.22,1.0,0.7012453201143893,False,False,SPN23F_RS01425,SPN23F_RS01425,PTS sugar transporter subunit IIB
259600,259600,logistic+PCs,-1.7364319646952748,0.8907760425309499,-1.949347402475682,0.05125395126582461,0.17614778219731894,0.14,0.14,1.0,0.1547160496986993,False,False,SPN23F_RS01425,SPN23F_RS01425,PTS sugar transporter subunit IIB
259651,259651,logistic+PCs,2.834082120062283,1.7446680052997237,1.6244248828162609,0.10428516008165918,17.014775609521305,0.28,0.28,1.0,0.24539804428337908,False,False,SPN23F_RS01425,SPN23F_RS01425,PTS sugar transporter subunit IIB
259771,259771,logistic+PCs,0.7857705258727751,0.6006693776281689,1.3081581234846784,0.1908196824554107,2.194096897998989,0.49,0.49,1.0,0.4063421005382573,False,False,SPN23F_RS01425,SPN23F_RS01425,PTS sugar transporter subunit IIB
259780,259780,logistic+PCs,2.335312423389702,1.0917352448702606,2.139083110454335,0.032428938004996945,10.332687598427857,0.17,0.17,1.0,0.10901665345577051,False,False,SPN23F_RS01425,SPN23F_RS01425,PTS sugar transporter subunit IIB
259807,259807,logistic+PCs,-1.5767757642148734,0.6195709226413265,-2.544947973821681,0.010929402080419705,0.20664028226623357,0.39,0.39,1.0,0.052048411306054684,False,False,SPN23F_RS01425,SPN23F_RS01425,PTS sugar transporter subunit IIB
260233,260233,logistic+PCs,-0.1405747202056634,1.099647802142606,-0.12783613074273503,0.8982786564327068,0.8688587412034143,0.3,0.3,1.0,0.9390969681158632,False,False,adhP,SPN23F_RS01430,alcohol dehydrogenase AdhP
260237,260237,logistic+PCs,11.741987811396758,4.022628019978928,2.9189842443990797,0.003511739725195489,125742.04322366399,0.14,0.14,1.0,0.02256127125337857,False,True,adhP,SPN23F_RS01430,alcohol dehydrogenase AdhP
260425,260425,logistic+PCs,-1.3655141883793893,1.139841639865914,-1.197985878582241,0.23092251456237434,0.25524939596638724,0.3,0.3,1.0,0.4704649642872742,False,False,adhP,SPN23F_RS01430,alcohol dehydrogenase AdhP
260560,260560,logistic+PCs,-1.4525740209122306,1.885006429813014,-0.7705936690392726,0.4409478149374113,0.2339672756830764,0.24,0.24,1.0,0.5731338238716763,False,False,adhP,SPN23F_RS01430,alcohol dehydrogenase AdhP
260696,260696,logistic+PCs,-0.8212857721919222,1.0957867995257036,-0.7494941283718737,0.4535594363114165,0.43986572363924553,0.18,0.18,1.0,0.5731338238716763,False,False,adhP,SPN23F_RS01430,alcohol dehydrogenase AdhP
261051,261051,logistic+PCs,-1.4525740209122306,1.885006429813014,-0.7705936690392726,0.4409478149374113,0.2339672756830764,0.24,0.24,1.0,0.5731338238716763,False,False,SPN23F_RS01435,SPN23F_RS01435,Cof-type HAD-IIB family hydrolase
261154,261154,logistic+PCs,0.6538469853326634,0.676871204850538,0.9659843418468974,0.3340520162630881,1.9229240790088764,0.19,0.19,1.0,0.4989589722203148,False,False,SPN23F_RS01435,SPN23F_RS01435,Cof-type HAD-IIB family hydrolase
261305,261305,logistic+PCs,2.5863360691446178,1.2007695825869764,2.1538987218284897,0.03124811523189249,13.281021604572274,0.06,0.06,1.0,0.10672568205773438,False,False,SPN23F_RS01435,SPN23F_RS01435,Cof-type HAD-IIB family hydrolase
261321,261321,logistic+PCs,-6.142452933485942,6.607494765637623,-0.9296190388874559,0.3525683662737379,0.0021496442116584404,0.07,0.07,1.0,0.4989589722203148,False,False,SPN23F_RS01435,SPN23F_RS01435,Cof-type HAD-IIB family hydrolase
261411,261411,logistic+PCs,0.8219570130263102,0.6230668536963774,1.3192115872478312,0.18709838556488834,2.274947586022022,0.24,0.24,1.0,0.3994169296855453,False,False,SPN23F_RS01435,SPN23F_RS01435,Cof-type HAD-IIB family hydrolase
261758,261758,logistic+PCs,-1.6766686050558943,0.6671644882949778,-2.5131262746625356,0.011966649330580075,0.18699589671741887,0.3,0.3,1.0,0.05288964410811788,False,False,SPN23F_RS01435,SPN23F_RS01435,Cof-type HAD-IIB family hydrolase
261789,261789,logistic+PCs,1.0000222634964209,0.7360501031735577,1.3586334125689534,0.17426278190055322,2.718342347590485,0.18,0.18,1.0,0.37721854569064445,False,False,SPN23F_RS01435,SPN23F_RS01435,Cof-type HAD-IIB family hydrolase
262165,262165,logistic+PCs,-1.8254264000735072,2.6167900403835045,-0.6975822943005321,0.48543845757589266,0.1611489155684423,0.17,0.17,1.0,0.5731338238716763,False,False,SPN23F_RS01435,SPN23F_RS01435,Cof-type HAD-IIB family hydrolase
262434,262434,logistic+PCs,-6.142452933485942,6.607494765637623,-0.9296190388874559,0.3525683662737379,0.0021496442116584404,0.07,0.07,1.0,0.4989589722203148,False,False,SPN23F_RS01440,SPN23F_RS01440,NCS2 family permease
262790,262790,logistic+PCs,-1.8254264000735072,2.6167900403835045,-0.6975822943005321,0.48543845757589266,0.1611489155684423,0.17,0.17,1.0,0.5731338238716763,False,False,SPN23F_RS01440,SPN23F_RS01440,NCS2 family permease
263100,263100,logistic+PCs,0.4273966184026295,1.1627109004771057,0.367586317654072,0.7131817185471001,1.5332606605382868,0.18,0.18,1.0,0.7813332534275663,False,False,SPN23F_RS01440,SPN23F_RS01440,NCS2 family permease
263222,263222,logistic+PCs,0.5304823060210283,1.1810044872518424,0.4491789080797167,0.6533026014535792,1.6997519115341395,0.11,0.11,1.0,0.7361003831732088,False,False,SPN23F_RS01440,SPN23F_RS01440,NCS2 family permease
263462,263462,logistic+PCs,1.6483962554654252,1.0668857984957436,1.5450540796302497,0.1223331830058024,5.198635854329185,0.36,0.36,1.0,0.28106915528661075,False,False,SPN23F_RS01445,SPN23F_RS01445,CPBP family intramembrane glutamic endopeptidase
263504,263504,logistic+PCs,-1.6389013606054483,0.6752965511158224,-2.4269357779147827,0.015226951046031854,0.19419327351777482,0.33,0.33,1.0,0.0629220489220127,False,False,SPN23F_RS01445,SPN23F_RS01445,CPBP family intramembrane glutamic endopeptidase
263540,263540,logistic+PCs,-6.142452933485942,6.607494765637623,-0.9296190388874559,0.3525683662737379,0.0021496442116584404,0.07,0.07,1.0,0.4989589722203148,False,False,SPN23F_RS01445,SPN23F_RS01445,CPBP family intramembrane glutamic endopeptidase
264008,264008,logistic+PCs,0.8764985037445846,0.6651382537183183,1.3177688981872573,0.18758102241398644,2.4024727122771323,0.21,0.21,1.0,0.40019635421029065,False,False,SPN23F_RS01445,SPN23F_RS01445,CPBP family intramembrane glutamic endopeptidase
264101,264101,logistic+PCs,-6.142452933485942,6.607494765637623,-0.9296190388874559,0.3525683662737379,0.0021496442116584404,0.07,0.07,1.0,0.4989589722203148,False,False,SPN23F_RS01445,SPN23F_RS01445,CPBP family intramembrane glutamic endopeptidase
264239,264239,logistic+PCs,-0.3750353609058413,0.5848392794048348,-0.6412622648866851,0.5213523016229116,0.6872649760491851,0.26,0.26,1.0,0.6112963453946328,False,False,SPN23F_RS01445,SPN23F_RS01445,CPBP family intramembrane glutamic endopeptidase
264441,264441,logistic+PCs,11.741987811396758,4.022628019978928,2.9189842443990797,0.003511739725195489,125742.04322366399,0.14,0.14,1.0,0.02256127125337857,False,True,SPN23F_RS01445,SPN23F_RS01445,CPBP family intramembrane glutamic endopeptidase
264617,264617,logistic+PCs,2.44264724528232,1.0690861903098587,2.2847991746805323,0.02232460608616366,11.503452932277144,0.34,0.34,1.0,0.08502828156978441,False,False,SPN23F_RS01445,SPN23F_RS01445,CPBP family intramembrane glutamic endopeptidase
264914,264914,logistic+PCs,1.349312348068413,1.3904848893730704,0.9703897959486487,0.33185223300072386,3.85477387639193,0.1,0.1,1.0,0.4989589722203148,False,False,folP,SPN23F_RS01450,dihydropteroate synthase
265742,265742,logistic+PCs,1.349312348068413,1.3904848893730704,0.9703897959486487,0.33185223300072386,3.85477387639193,0.1,0.1,1.0,0.4989589722203148,False,False,SPN23F_RS01455,SPN23F_RS01455,bifunctional folylpolyglutamate synthase/dihydrofolate synthase
265766,265766,logistic+PCs,11.741987811396758,4.022628019978928,2.9189842443990797,0.003511739725195489,125742.04322366399,0.14,0.14,1.0,0.02256127125337857,False,True,SPN23F_RS01455,SPN23F_RS01455,bifunctional folylpolyglutamate synthase/dihydrofolate synthase
265895,265895,logistic+PCs,6.068918736003424,3.531294205335713,1.718610340320388,0.08568534757097984,432.21309237071733,0.2,0.2,1.0,0.2115725949812809,False,False,SPN23F_RS01455,SPN23F_RS01455,bifunctional folylpolyglutamate synthase/dihydrofolate synthase
266146,266146,logistic+PCs,-0.48641685612420626,0.6005524737094659,-0.8099489676892483,0.4179695065471014,0.6148254601289211,0.22,0.22,1.0,0.5699584180187747,False,False,SPN23F_RS01455,SPN23F_RS01455,bifunctional folylpolyglutamate synthase/dihydrofolate synthase
266156,266156,logistic+PCs,1.8285257785787123,0.9591542241578878,1.9063939171868944,0.056599117331931785,6.2247033000899075,0.07,0.07,1.0,0.15980099047697158,False,False,SPN23F_RS01455,SPN23F_RS01455,bifunctional folylpolyglutamate synthase/dihydrofolate synthase
266168,266168,logistic+PCs,4.982427731731632,1.992546435860485,2.500532806694646,0.012400664695181248,145.82798347760033,0.31,0.31,1.0,0.05288964410811788,False,False,SPN23F_RS01455,SPN23F_RS01455,bifunctional folylpolyglutamate synthase/dihydrofolate synthase
266171,266171,logistic+PCs,4.982427731731632,1.992546435860485,2.500532806694646,0.012400664695181248,145.82798347760033,0.31,0.31,1.0,0.05288964410811788,False,False,SPN23F_RS01455,SPN23F_RS01455,bifunctional folylpolyglutamate synthase/dihydrofolate synthase
266180,266180,logistic+PCs,-0.48641685612420626,0.6005524737094659,-0.8099489676892483,0.4179695065471014,0.6148254601289211,0.22,0.22,1.0,0.5699584180187747,False,False,SPN23F_RS01455,SPN23F_RS01455,bifunctional folylpolyglutamate synthase/dihydrofolate synthase
266275,266275,logistic+PCs,2.5863360691446178,1.2007695825869764,2.1538987218284897,0.03124811523189249,13.281021604572274,0.06,0.06,1.0,0.10672568205773438,False,False,SPN23F_RS01455,SPN23F_RS01455,bifunctional folylpolyglutamate synthase/dihydrofolate synthase
266387,266387,logistic+PCs,0.22921769784615875,1.4636787552208737,0.15660382924091093,0.8755570844878192,1.2576157894599769,0.28,0.28,1.0,0.921567812266159,False,False,SPN23F_RS01455,SPN23F_RS01455,bifunctional folylpolyglutamate synthase/dihydrofolate synthase
266435,266435,logistic+PCs,-1.8254264000735072,2.6167900403835045,-0.6975822943005321,0.48543845757589266,0.1611489155684423,0.17,0.17,1.0,0.5731338238716763,False,False,SPN23F_RS01455,SPN23F_RS01455,bifunctional folylpolyglutamate synthase/dihydrofolate synthase
266612,266612,logistic+PCs,2.2591799607201803,1.1208783378670413,2.015544314130696,0.04384764776372443,9.575233878488287,0.14,0.14,1.0,0.13647279765583334,False,False,SPN23F_RS01455,SPN23F_RS01455,bifunctional folylpolyglutamate synthase/dihydrofolate synthase
266756,266756,logistic+PCs,0.41123761026051886,0.9563709965355893,0.42999799424094676,0.667197100235238,1.5086837927213457,0.46,0.46,1.0,0.7507621038668161,False,False,SPN23F_RS01455,SPN23F_RS01455,bifunctional folylpolyglutamate synthase/dihydrofolate synthase
267185,267185,logistic+PCs,-0.2031147385067742,0.7881689266747023,-0.2577045752916429,0.7966349147770407,0.8161845882519919,0.08,0.08,1.0,0.8603050697164046,False,False,folE,SPN23F_RS01460,GTP cyclohydrolase I FolE
267266,267266,logistic+PCs,-1.4525740209122306,1.885006429813014,-0.7705936690392726,0.4409478149374113,0.2339672756830764,0.24,0.24,1.0,0.5731338238716763,False,False,folE,SPN23F_RS01460,GTP cyclohydrolase I FolE
267456,267456,logistic+PCs,-1.1399567804095514,0.8688471859956369,-1.3120336910606922,0.18950876718119625,0.319832844562149,0.21,0.21,1.0,0.4038030990312723,False,False,folE,SPN23F_RS01460,GTP cyclohydrolase I FolE
267730,267730,logistic+PCs,-6.142452933485942,6.607494765637623,-0.9296190388874559,0.3525683662737379,0.0021496442116584404,0.07,0.07,1.0,0.4989589722203148,False,False,folK,SPN23F_RS01465,2-amino-4-hydroxy-6-hydroxymethyldihydropteridine diphosphokinase
267735,267735,logistic+PCs,-6.142452933485942,6.607494765637623,-0.9296190388874559,0.3525683662737379,0.0021496442116584404,0.07,0.07,1.0,0.4989589722203148,False,False,folK,SPN23F_RS01465,2-amino-4-hydroxy-6-hydroxymethyldihydropteridine diphosphokinase
268026,268026,logistic+PCs,-6.142452933485942,6.607494765637623,-0.9296190388874559,0.3525683662737379,0.0021496442116584404,0.07,0.07,1.0,0.4989589722203148,False,False,folK,SPN23F_RS01465,2-amino-4-hydroxy-6-hydroxymethyldihydropteridine diphosphokinase
268035,268035,logistic+PCs,-6.142452933485942,6.607494765637623,-0.9296190388874559,0.3525683662737379,0.0021496442116584404,0.07,0.07,1.0,0.4989589722203148,False,False,folK,SPN23F_RS01465,2-amino-4-hydroxy-6-hydroxymethyldihydropteridine diphosphokinase
268044,268044,logistic+PCs,-1.8254264000735072,2.6167900403835045,-0.6975822943005321,0.48543845757589266,0.1611489155684423,0.17,0.17,1.0,0.5731338238716763,False,False,folK,SPN23F_RS01465,2-amino-4-hydroxy-6-hydroxymethyldihydropteridine diphosphokinase
268222,268222,logistic+PCs,33.27252760246174,4855826.9780423,6.852082611863585e-06,0.9999945328290747,281887057820761.0,0.17,0.17,1.0,0.9999999852469791,False,False,folK,SPN23F_RS01465,2-amino-4-hydroxy-6-hydroxymethyldihydropteridine diphosphokinase
268274,268274,logistic+PCs,4.642447269414633,1.6309417619326598,2.8464825524569006,0.004420515157530183,103.7980588214306,0.29,0.29,1.0,0.027218542696908272,False,True,folK,SPN23F_RS01465,2-amino-4-hydroxy-6-hydroxymethyldihydropteridine diphosphokinase
268659,268659,logistic+PCs,2.2591799607201803,1.1208783378670413,2.015544314130696,0.04384764776372443,9.575233878488287,0.14,0.14,1.0,0.13647279765583334,False,False,SPN23F_RS01470,SPN23F_RS01470,DUF960 domain-containing protein
268693,268693,logistic+PCs,0.1888690581082373,1.693364057208795,0.11153482164937045,0.9111922541687331,1.2078827796712064,0.18,0.18,1.0,0.9508457325910316,False,False,SPN23F_RS01470,SPN23F_RS01470,DUF960 domain-containing protein
268743,268743,logistic+PCs,-6.142452933485942,6.607494765637623,-0.9296190388874559,0.3525683662737379,0.0021496442116584404,0.07,0.07,1.0,0.4989589722203148,False,False,SPN23F_RS01470,SPN23F_RS01470,DUF960 domain-containing protein
269083,269083,logistic+PCs,1.0395679578771326,2.6498497334698543,0.39231204122501956,0.69482766771609,2.8279949374399878,0.08,0.08,1.0,0.7683950011605347,False,False,rplM,SPN23F_RS01475,50S ribosomal protein L13
269085,269085,logistic+PCs,1.0395679578771326,2.6498497334698543,0.39231204122501956,0.69482766771609,2.8279949374399878,0.08,0.08,1.0,0.7683950011605347,False,False,rplM,SPN23F_RS01475,50S ribosomal protein L13
269180,269180,logistic+PCs,3.584079863504116,1.5594090061212034,2.2983578069867496,0.02154143285204756,36.020198966251655,0.24,0.24,1.0,0.08232163733021543,False,False,rplM,SPN23F_RS01475,50S ribosomal protein L13
269461,269461,logistic+PCs,3.584079863504116,1.5594090061212034,2.2983578069867496,0.02154143285204756,36.020198966251655,0.24,0.24,1.0,0.08232163733021543,False,False,rplM,SPN23F_RS01475,50S ribosomal protein L13
269496,269496,logistic+PCs,0.879359974185544,0.7070353153959974,1.2437285027170542,0.21359950209317358,2.4093571620558003,0.25,0.25,1.0,0.4442653874508251,False,False,rplM,SPN23F_RS01475,50S ribosomal protein L13
269793,269793,logistic+PCs,0.879359974185544,0.7070353153959974,1.2437285027170542,0.21359950209317358,2.4093571620558003,0.25,0.25,1.0,0.4442653874508251,False,False,rpsI,SPN23F_RS01480,30S ribosomal protein S9
270080,270080,logistic+PCs,-1.8254264000735072,2.6167900403835045,-0.6975822943005321,0.48543845757589266,0.1611489155684423,0.17,0.17,1.0,0.5731338238716763,False,False,SPN23F_RS01485,SPN23F_RS01485,tyrosine-type recombinase/integrase
270143,270143,logistic+PCs,-6.142452933485942,6.607494765637623,-0.9296190388874559,0.3525683662737379,0.0021496442116584404,0.07,0.07,1.0,0.4989589722203148,False,False,SPN23F_RS01485,SPN23F_RS01485,tyrosine-type recombinase/integrase
270352,270352,logistic+PCs,-0.8335446563509838,0.5890737992344682,-1.4150088790813955,0.15706589271301039,0.43450637760552435,0.27,0.27,1.0,0.3525440769201057,False,False,SPN23F_RS01485,SPN23F_RS01485,tyrosine-type recombinase/integrase
270357,270357,logistic+PCs,11.741987811396758,4.022628019978928,2.9189842443990797,0.003511739725195489,125742.04322366399,0.14,0.14,1.0,0.02256127125337857,False,True,SPN23F_RS01485,SPN23F_RS01485,tyrosine-type recombinase/integrase
270372,270372,logistic+PCs,8.690367663904862,2.2843063316113605,3.8043792741994613,0.00014216022319986748,5945.36773804004,0.46,0.46,0.4840555599955488,0.0035548650828014718,False,True,SPN23F_RS01485,SPN23F_RS01485,tyrosine-type recombinase/integrase
270405,270405,logistic+PCs,-1.8254264000735072,2.6167900403835045,-0.6975822943005321,0.48543845757589266,0.1611489155684423,0.17,0.17,1.0,0.5731338238716763,False,False,SPN23F_RS01485,SPN23F_RS01485,tyrosine-type recombinase/integrase
270532,270532,logistic+PCs,1.0395679578771326,2.6498497334698543,0.39231204122501956,0.69482766771609,2.8279949374399878,0.08,0.08,1.0,0.7683950011605347,False,False,SPN23F_RS01485,SPN23F_RS01485,tyrosine-type recombinase/integrase
270546,270546,logistic+PCs,1.5892012883279092,1.327619720284994,1.1970304930291054,0.23129466966722378,4.89983381055383,0.11,0.11,1.0,0.4704649642872742,False,False,SPN23F_RS01485,SPN23F_RS01485,tyrosine-type recombinase/integrase
270573,270573,logistic+PCs,11.741987811396758,4.022628019978928,2.9189842443990797,0.003511739725195489,125742.04322366399,0.14,0.14,1.0,0.02256127125337857,False,True,SPN23F_RS01485,SPN23F_RS01485,tyrosine-type recombinase/integrase
270786,270786,logistic+PCs,1.0395679578771326,2.6498497334698543,0.39231204122501956,0.69482766771609,2.8279949374399878,0.08,0.08,1.0,0.7683950011605347,False,False,SPN23F_RS13475,SPN23F_RS13475,hypothetical protein
270798,270798,logistic+PCs,1.0395679578771326,2.6498497334698543,0.39231204122501956,0.69482766771609,2.8279949374399878,0.08,0.08,1.0,0.7683950011605347,False,False,SPN23F_RS13475,SPN23F_RS13475,hypothetical protein
270801,270801,logistic+PCs,1.0395679578771326,2.6498497334698543,0.39231204122501956,0.69482766771609,2.8279949374399878,0.08,0.08,1.0,0.7683950011605347,False,False,SPN23F_RS13475,SPN23F_RS13475,hypothetical protein
270996,270996,logistic+PCs,11.741987811396758,4.022628019978928,2.9189842443990797,0.003511739725195489,125742.04322366399,0.14,0.14,1.0,0.02256127125337857,False,True,SPN23F_RS13475,SPN23F_RS13475,hypothetical protein
271017,271017,logistic+PCs,1.0395679578771326,2.6498497334698543,0.39231204122501956,0.69482766771609,2.8279949374399878,0.08,0.08,1.0,0.7683950011605347,False,False,SPN23F_RS13475,SPN23F_RS13475,hypothetical protein
271040,271040,logistic+PCs,0.8107167697099171,0.7396645240363223,1.0960600966582328,0.27305247570993096,2.2495197966112648,0.1,0.1,1.0,0.4989589722203148,False,False,SPN23F_RS13475,SPN23F_RS13475,hypothetical protein
271146,271146,logistic+PCs,1.0395679578771326,2.6498497334698543,0.39231204122501956,0.69482766771609,2.8279949374399878,0.08,0.08,1.0,0.7683950011605347,False,False,SPN23F_RS13475,SPN23F_RS13475,hypothetical protein
271176,271176,logistic+PCs,1.0395679578771326,2.6498497334698543,0.39231204122501956,0.69482766771609,2.8279949374399878,0.08,0.08,1.0,0.7683950011605347,False,False,SPN23F_RS13475,SPN23F_RS13475,hypothetical protein
271296,271296,logistic+PCs,1.0395679578771326,2.6498497334698543,0.39231204122501956,0.69482766771609,2.8279949374399878,0.08,0.08,1.0,0.7683950011605347,False,False,SPN23F_RS13475,SPN23F_RS13475,hypothetical protein
271421,271421,logistic+PCs,0.6968125697099745,1.28542075434159,0.542089092117461,0.5877571326766974,2.0073442298076616,0.29,0.29,1.0,0.6706813125885237,False,False,SPN23F_RS13475,SPN23F_RS13475,hypothetical protein
271448,271448,logistic+PCs,11.741987811396758,4.022628019978928,2.9189842443990797,0.003511739725195489,125742.04322366399,0.14,0.14,1.0,0.02256127125337857,False,True,SPN23F_RS13475,SPN23F_RS13475,hypothetical protein
271452,271452,logistic+PCs,11.741987811396758,4.022628019978928,2.9189842443990797,0.003511739725195489,125742.04322366399,0.14,0.14,1.0,0.02256127125337857,False,True,SPN23F_RS13475,SPN23F_RS13475,hypothetical protein
271787,271787,logistic+PCs,2.2591799607201803,1.1208783378670413,2.015544314130696,0.04384764776372443,9.575233878488287,0.14,0.14,1.0,0.13647279765583334,False,False,SPN23F_RS13475,SPN23F_RS13475,hypothetical protein
271895,271895,logistic+PCs,-2.2427046943522724,0.8160076128019107,-2.748386974787573,0.005988927910073436,0.10617095570463878,0.36,0.36,1.0,0.034799145962116126,False,True,SPN23F_RS01495,SPN23F_RS01495,glycoside hydrolase family 31 protein
271947,271947,logistic+PCs,1.8285257785787123,0.9591542241578878,1.9063939171868944,0.056599117331931785,6.2247033000899075,0.07,0.07,1.0,0.15980099047697158,False,False,SPN23F_RS01495,SPN23F_RS01495,glycoside hydrolase family 31 protein
271997,271997,logistic+PCs,11.741987811396758,4.022628019978928,2.9189842443990797,0.003511739725195489,125742.04322366399,0.14,0.14,1.0,0.02256127125337857,False,True,SPN23F_RS01495,SPN23F_RS01495,glycoside hydrolase family 31 protein
273147,273147,logistic+PCs,11.741987811396758,4.022628019978928,2.9189842443990797,0.003511739725195489,125742.04322366399,0.14,0.14,1.0,0.02256127125337857,False,True,SPN23F_RS01500,SPN23F_RS01500,glutathione peroxidase
273174,273174,fisher,inf,,,9.98125019602994e-05,,0.13,0.13,0.33986156917481947,0.0035548650828014718,False,True,SPN23F_RS01500,SPN23F_RS01500,glutathione peroxidase
273204,273204,logistic+PCs,-1.8254264000735072,2.6167900403835045,-0.6975822943005321,0.48543845757589266,0.1611489155684423,0.17,0.17,1.0,0.5731338238716763,False,False,SPN23F_RS01500,SPN23F_RS01500,glutathione peroxidase
273333,273333,logistic+PCs,1.709332331149185,1.7415089391981453,0.9815237192731404,0.3263345434737287,5.525271194348724,0.31,0.31,1.0,0.4989589722203148,False,False,SPN23F_RS01500,SPN23F_RS01500,glutathione peroxidase
273586,273586,logistic+PCs,6.068918736003424,3.531294205335713,1.718610340320388,0.08568534757097984,432.21309237071733,0.2,0.2,1.0,0.2115725949812809,False,False,SPN23F_RS01500,SPN23F_RS01500,glutathione peroxidase
273783,273783,logistic+PCs,3.0361259067596764,1.289306124462612,2.354852621230777,0.018530053310575674,20.82441105039665,0.32,0.32,1.0,0.07463991306926017,False,False,SPN23F_RS01500,SPN23F_RS01500,glutathione peroxidase
273835,273835,logistic+PCs,-1.7691687790152413,1.0104145864059997,-1.750933530470989,0.07995736024776522,0.17047463204036867,0.35,0.35,1.0,0.20167023084714117,False,False,SPN23F_RS01500,SPN23F_RS01500,glutathione peroxidase
273914,273914,logistic+PCs,-1.8254264000735072,2.6167900403835045,-0.6975822943005321,0.48543845757589266,0.1611489155684423,0.17,0.17,1.0,0.5731338238716763,False,False,SPN23F_RS01500,SPN23F_RS01500,glutathione peroxidase
273992,273992,logistic+PCs,-1.8254264000735072,2.6167900403835045,-0.6975822943005321,0.48543845757589266,0.1611489155684423,0.17,0.17,1.0,0.5731338238716763,False,False,SPN23F_RS01500,SPN23F_RS01500,glutathione peroxidase
274146,274146,logistic+PCs,-2.8881827472456627,1.1112273149859184,-2.599092650347838,0.009347054146591144,0.05567730046019323,0.08,0.08,1.0,0.045337207078551066,False,True,SPN23F_RS01500,SPN23F_RS01500,glutathione peroxidase
274186,274186,logistic+PCs,0.8155154471773118,1.0887746201211008,0.7490213604415253,0.45384433102730226,2.2603404582400763,0.12,0.12,1.0,0.5731338238716763,False,False,SPN23F_RS01500,SPN23F_RS01500,glutathione peroxidase
274200,274200,logistic+PCs,-1.30261758761107,0.738247704572612,-1.7644722490064282,0.0776525035568252,0.2718193500367167,0.28,0.28,1.0,0.20048966985381894,False,False,SPN23F_RS01500,SPN23F_RS01500,glutathione peroxidase
274438,274438,logistic+PCs,11.741987811396758,4.022628019978928,2.9189842443990797,0.003511739725195489,125742.04322366399,0.14,0.14,1.0,0.02256127125337857,False,True,SPN23F_RS01500,SPN23F_RS01500,glutathione peroxidase
274592,274592,logistic+PCs,6.068918736003424,3.531294205335713,1.718610340320388,0.08568534757097984,432.21309237071733,0.2,0.2,1.0,0.2115725949812809,False,False,SPN23F_RS01500,SPN23F_RS01500,glutathione peroxidase
274613,274613,logistic+PCs,6.068918736003424,3.531294205335713,1.718610340320388,0.08568534757097984,432.21309237071733,0.2,0.2,1.0,0.2115725949812809,False,False,SPN23F_RS01500,SPN23F_RS01500,glutathione peroxidase
274678,274678,logistic+PCs,11.741987811396758,4.022628019978928,2.9189842443990797,0.003511739725195489,125742.04322366399,0.14,0.14,1.0,0.02256127125337857,False,True,SPN23F_RS01500,SPN23F_RS01500,glutathione peroxidase
274690,274690,logistic+PCs,0.8790149728094733,0.6648235349835463,1.3221778811293556,0.18610892468305662,2.408526073890969,0.21,0.21,1.0,0.39886435396381903,False,False,SPN23F_RS01500,SPN23F_RS01500,glutathione peroxidase
274798,274798,logistic+PCs,-2.8881827472456627,1.1112273149859184,-2.599092650347838,0.009347054146591144,0.05567730046019323,0.08,0.08,1.0,0.045337207078551066,False,True,SPN23F_RS01500,SPN23F_RS01500,glutathione peroxidase
274813,274813,logistic+PCs,-2.8881827472456627,1.1112273149859184,-2.599092650347838,0.009347054146591144,0.05567730046019323,0.08,0.08,1.0,0.045337207078551066,False,True,SPN23F_RS01505,SPN23F_RS01505,LPXTG-anchored hyaluronate lyase
274873,274873,logistic+PCs,-0.7207242957939375,0.7304492778553651,-0.9866863006696638,0.32379644795999074,0.48639983099365763,0.25,0.25,1.0,0.4989589722203148,False,False,SPN23F_RS01505,SPN23F_RS01505,LPXTG-anchored hyaluronate lyase
274921,274921,logistic+PCs,3.005246056084514,1.7136343376235437,1.7537265623727922,0.07947737181147582,20.191183648404333,0.29,0.29,1.0,0.2016564803358884,False,False,SPN23F_RS01505,SPN23F_RS01505,LPXTG-anchored hyaluronate lyase
274939,274939,logistic+PCs,-2.8881827472456627,1.1112273149859184,-2.599092650347838,0.009347054146591144,0.05567730046019323,0.08,0.08,1.0,0.045337207078551066,False,True,SPN23F_RS01505,SPN23F_RS01505,LPXTG-anchored hyaluronate lyase
275152,275152,logistic+PCs,0.868910272986969,0.7402835610220599,1.1737533004073775,0.24049385420512237,2.3843111890090776,0.17,0.17,1.0,0.48425876615519914,False,False,SPN23F_RS01505,SPN23F_RS01505,LPXTG-anchored hyaluronate lyase
275195,275195,logistic+PCs,0.9987480962184947,0.661663883457618,1.5094493158662305,0.13118399842193318,2.7148809304015447,0.22,0.22,1.0,0.29978625142730364,False,False,SPN23F_RS01505,SPN23F_RS01505,LPXTG-anchored hyaluronate lyase
275296,275296,logistic+PCs,11.741987811396758,4.022628019978928,2.9189842443990797,0.003511739725195489,125742.04322366399,0.14,0.14,1.0,0.02256127125337857,False,True,SPN23F_RS01505,SPN23F_RS01505,LPXTG-anchored hyaluronate lyase
275311,275311,logistic+PCs,1.0395679578771326,2.6498497334698543,0.39231204122501956,0.69482766771609,2.8279949374399878,0.08,0.08,1.0,0.7683950011605347,False,False,SPN23F_RS01505,SPN23F_RS01505,LPXTG-anchored hyaluronate lyase
275324,275324,logistic+PCs,1.0395679578771326,2.6498497334698543,0.39231204122501956,0.69482766771609,2.8279949374399878,0.08,0.08,1.0,0.7683950011605347,False,False,SPN23F_RS01505,SPN23F_RS01505,LPXTG-anchored hyaluronate lyase
275394,275394,logistic+PCs,11.741987811396758,4.022628019978928,2.9189842443990797,0.003511739725195489,125742.04322366399,0.14,0.14,1.0,0.02256127125337857,False,True,SPN23F_RS01505,SPN23F_RS01505,LPXTG-anchored hyaluronate lyase
275519,275519,logistic+PCs,30.448562235846268,1237884.4122500094,2.4597257978636475e-05,0.9999803742276228,16735649083820.238,0.16,0.16,1.0,0.9999999852469791,False,False,SPN23F_RS01505,SPN23F_RS01505,LPXTG-anchored hyaluronate lyase
276740,276740,logistic+PCs,-1.8254264000735072,2.6167900403835045,-0.6975822943005321,0.48543845757589266,0.1611489155684423,0.17,0.17,1.0,0.5731338238716763,False,False,SPN23F_RS01505,SPN23F_RS01505,LPXTG-anchored hyaluronate lyase
276812,276812,logistic+PCs,0.004300678207771383,1.253443004463661,0.003431091954286036,0.9972623900743508,1.0043099393959987,0.17,0.17,1.0,0.9999999852469791,False,False,SPN23F_RS01505,SPN23F_RS01505,LPXTG-anchored hyaluronate lyase
277247,277247,logistic+PCs,5.137593307022548,2.0157802930840747,2.548687138498713,0.010812925581306043,170.30540189164185,0.32,0.32,1.0,0.05156584258311915,False,False,SPN23F_RS01505,SPN23F_RS01505,LPXTG-anchored hyaluronate lyase
277337,277337,logistic+PCs,-0.1548847499361233,1.4293893401108007,-0.10835728628290824,0.9137122821840505,0.8565138850754423,0.25,0.25,1.0,0.9519960330901094,False,False,tnpA,SPN23F_RS01510,IS200/IS605 family transposase
277817,277817,logistic+PCs,-1.2409620009876097,0.9912131264637054,-1.2519628401360252,0.21058340478771687,0.28910596389738513,0.48,0.48,1.0,0.4388228233183451,False,False,tnpA,SPN23F_RS01510,IS200/IS605 family transposase
278150,278150,logistic+PCs,1.0395679578771326,2.6498497334698543,0.39231204122501956,0.69482766771609,2.8279949374399878,0.08,0.08,1.0,0.7683950011605347,False,False,tnpA,SPN23F_RS01510,IS200/IS605 family transposase
278294,278294,logistic+PCs,-0.007057493553910294,0.7591518256049633,-0.009296550855668722,0.9925825324471965,0.9929673520700851,0.39,0.39,1.0,0.9999999852469791,False,False,tnpA,SPN23F_RS01510,IS200/IS605 family transposase
278572,278572,logistic+PCs,2.369649382889819,1.1103593303325439,2.13412840164105,0.032832271557941696,10.693642252792912,0.15,0.15,1.0,0.11003335103818059,False,False,tnpA,SPN23F_RS01510,IS200/IS605 family transposase
278704,278704,logistic+PCs,2.6411714168299487,1.4174620867416363,1.8633100959344109,0.062418650536878735,14.029628528617375,0.33,0.33,1.0,0.17030088547922442,False,False,tnpA,SPN23F_RS01510,IS200/IS605 family transposase
278708,278708,logistic+PCs,2.6411714168299487,1.4174620867416363,1.8633100959344109,0.062418650536878735,14.029628528617375,0.33,0.33,1.0,0.17030088547922442,False,False,tnpA,SPN23F_RS01510,IS200/IS605 family transposase
278884,278884,logistic+PCs,1.0395679578771326,2.6498497334698543,0.39231204122501956,0.69482766771609,2.8279949374399878,0.08,0.08,1.0,0.7683950011605347,False,False,SPN23F_RS01515,SPN23F_RS01515,bifunctional 4-hydroxy-2-oxoglutarate aldolase/2-dehydro-3-deoxy-phosphogluconate aldolase
279092,279092,logistic+PCs,11.741987811396758,4.022628019978928,2.9189842443990797,0.003511739725195489,125742.04322366399,0.14,0.14,1.0,0.02256127125337857,False,True,SPN23F_RS01515,SPN23F_RS01515,bifunctional 4-hydroxy-2-oxoglutarate aldolase/2-dehydro-3-deoxy-phosphogluconate aldolase
279746,279746,logistic+PCs,1.0395679578771326,2.6498497334698543,0.39231204122501956,0.69482766771609,2.8279949374399878,0.08,0.08,1.0,0.7683950011605347,False,False,SPN23F_RS01520,SPN23F_RS01520,sugar kinase
279884,279884,logistic+PCs,-2.220438171339001,0.6838242671375905,-3.2470888765523034,0.001165919748609365,0.10856152985094907,0.22,0.22,1.0,0.016756937417014808,False,True,SPN23F_RS01520,SPN23F_RS01520,sugar kinase
279908,279908,logistic+PCs,1.0395679578771326,2.6498497334698543,0.39231204122501956,0.69482766771609,2.8279949374399878,0.08,0.08,1.0,0.7683950011605347,False,False,SPN23F_RS01520,SPN23F_RS01520,sugar kinase
279956,279956,logistic+PCs,-2.0519130238535275,1.1498103841959977,-1.7845664398728864,0.07433166904797711,0.12848886605932408,0.05,0.05,1.0,0.1932055977926428,False,False,SPN23F_RS01520,SPN23F_RS01520,sugar kinase
280022,280022,logistic+PCs,0.848010301512098,1.3746557904798071,0.6168891931965821,0.5373078153522848,2.334996288266489,0.38,0.38,1.0,0.6214446709492288,False,False,SPN23F_RS01520,SPN23F_RS01520,sugar kinase
280054,280054,logistic+PCs,0.848010301512098,1.3746557904798071,0.6168891931965821,0.5373078153522848,2.334996288266489,0.38,0.38,1.0,0.6214446709492288,False,False,SPN23F_RS01520,SPN23F_RS01520,sugar kinase
280370,280370,logistic+PCs,1.5667750723633425,0.8339348518634382,1.8787739460251163,0.060275365984550106,4.791172069279024,0.18,0.18,1.0,0.16645386956803981,False,False,SPN23F_RS01520,SPN23F_RS01520,sugar kinase
280844,280844,logistic+PCs,4.982427731731632,1.992546435860485,2.500532806694646,0.012400664695181248,145.82798347760033,0.31,0.31,1.0,0.05288964410811788,False,False,SPN23F_RS01525,SPN23F_RS01525,RpiB/LacA/LacB family sugar-phosphate isomerase
280925,280925,logistic+PCs,-2.8881827472456627,1.1112273149859184,-2.599092650347838,0.009347054146591144,0.05567730046019323,0.08,0.08,1.0,0.045337207078551066,False,True,SPN23F_RS01525,SPN23F_RS01525,RpiB/LacA/LacB family sugar-phosphate isomerase
281038,281038,logistic+PCs,-1.8254264000735072,2.6167900403835045,-0.6975822943005321,0.48543845757589266,0.1611489155684423,0.17,0.17,1.0,0.5731338238716763,False,False,SPN23F_RS01525,SPN23F_RS01525,RpiB/LacA/LacB family sugar-phosphate isomerase
281066,281066,logistic+PCs,6.068918736003424,3.531294205335713,1.718610340320388,0.08568534757097984,432.21309237071733,0.2,0.2,1.0,0.2115725949812809,False,False,SPN23F_RS01525,SPN23F_RS01525,RpiB/LacA/LacB family sugar-phosphate isomerase
281177,281177,logistic+PCs,11.741987811396758,4.022628019978928,2.9189842443990797,0.003511739725195489,125742.04322366399,0.14,0.14,1.0,0.02256127125337857,False,True,SPN23F_RS01525,SPN23F_RS01525,RpiB/LacA/LacB family sugar-phosphate isomerase
281300,281300,logistic+PCs,6.068918736003424,3.531294205335713,1.718610340320388,0.08568534757097984,432.21309237071733,0.2,0.2,1.0,0.2115725949812809,False,False,SPN23F_RS01525,SPN23F_RS01525,RpiB/LacA/LacB family sugar-phosphate isomerase
281711,281711,logistic+PCs,-1.0018089715277874,0.6070035384534127,-1.650417020764494,0.09885767221344476,0.36721455929420954,0.29,0.29,1.0,0.2363836895272327,False,False,SPN23F_RS01530,SPN23F_RS01530,gluconate 5-dehydrogenase
282141,282141,logistic+PCs,-6.142452933485942,6.607494765637623,-0.9296190388874559,0.3525683662737379,0.0021496442116584404,0.07,0.07,1.0,0.4989589722203148,False,False,SPN23F_RS01535,SPN23F_RS01535,PTS sugar transporter subunit IIA
282176,282176,logistic+PCs,0.5304823060210283,1.1810044872518424,0.4491789080797167,0.6533026014535792,1.6997519115341395,0.11,0.11,1.0,0.7361003831732088,False,False,SPN23F_RS01535,SPN23F_RS01535,PTS sugar transporter subunit IIA
282245,282245,logistic+PCs,-6.142452933485942,6.607494765637623,-0.9296190388874559,0.3525683662737379,0.0021496442116584404,0.07,0.07,1.0,0.4989589722203148,False,False,SPN23F_RS01535,SPN23F_RS01535,PTS sugar transporter subunit IIA
282328,282328,logistic+PCs,-6.142452933485942,6.607494765637623,-0.9296190388874559,0.3525683662737379,0.0021496442116584404,0.07,0.07,1.0,0.4989589722203148,False,False,SPN23F_RS01535,SPN23F_RS01535,PTS sugar transporter subunit IIA
282385,282385,logistic+PCs,-6.142452933485942,6.607494765637623,-0.9296190388874559,0.3525683662737379,0.0021496442116584404,0.07,0.07,1.0,0.4989589722203148,False,False,SPN23F_RS01535,SPN23F_RS01535,PTS sugar transporter subunit IIA
282388,282388,logistic+PCs,-6.142452933485942,6.607494765637623,-0.9296190388874559,0.3525683662737379,0.0021496442116584404,0.07,0.07,1.0,0.4989589722203148,False,False,SPN23F_RS01535,SPN23F_RS01535,PTS sugar transporter subunit IIA
282745,282745,fisher,inf,,,9.98125019602994e-05,,0.13,0.13,0.33986156917481947,0.0035548650828014718,False,True,SPN23F_RS01535,SPN23F_RS01535,PTS sugar transporter subunit IIA
282788,282788,logistic+PCs,11.741987811396758,4.022628019978928,2.9189842443990797,0.003511739725195489,125742.04322366399,0.14,0.14,1.0,0.02256127125337857,False,True,SPN23F_RS01535,SPN23F_RS01535,PTS sugar transporter subunit IIA
282962,282962,logistic+PCs,-6.142452933485942,6.607494765637623,-0.9296190388874559,0.3525683662737379,0.0021496442116584404,0.07,0.07,1.0,0.4989589722203148,False,False,SPN23F_RS01535,SPN23F_RS01535,PTS sugar transporter subunit IIA
283017,283017,logistic+PCs,1.4912639913328585,0.7433988130101948,2.006008033957417,0.04485539084557601,4.4427075152929065,0.43,0.43,1.0,0.13910073390636277,False,False,SPN23F_RS01535,SPN23F_RS01535,PTS sugar transporter subunit IIA
283150,283150,logistic+PCs,-2.0472941771984754,0.6840605633725906,-2.992855145902287,0.00276380893525082,0.1290837091154449,0.23,0.23,1.0,0.02256127125337857,False,True,SPN23F_RS01540,SPN23F_RS01540,glycoside hydrolase family 88 protein
283157,283157,logistic+PCs,0.5304823060210283,1.1810044872518424,0.4491789080797167,0.6533026014535792,1.6997519115341395,0.11,0.11,1.0,0.7361003831732088,False,False,SPN23F_RS01540,SPN23F_RS01540,glycoside hydrolase family 88 protein
283539,283539,logistic+PCs,-1.8254264000735072,2.6167900403835045,-0.6975822943005321,0.48543845757589266,0.1611489155684423,0.17,0.17,1.0,0.5731338238716763,False,False,SPN23F_RS01540,SPN23F_RS01540,glycoside hydrolase family 88 protein
283554,283554,logistic+PCs,-2.101699039154115,1.151099424384889,-1.8258188603275483,0.06787755140815363,0.12224854663621841,0.05,0.05,1.0,0.1795827991800801,False,False,SPN23F_RS01540,SPN23F_RS01540,glycoside hydrolase family 88 protein
283905,283905,logistic+PCs,-1.550632609836657,0.6717995428986611,-2.308177530377637,0.020989264381391058,0.2121137461320462,0.48,0.48,1.0,0.08232163733021543,False,False,SPN23F_RS01545,SPN23F_RS01545,PTS sugar transporter subunit IIB
284151,284151,logistic+PCs,11.741987811396758,4.022628019978928,2.9189842443990797,0.003511739725195489,125742.04322366399,0.14,0.14,1.0,0.02256127125337857,False,True,SPN23F_RS01545,SPN23F_RS01545,PTS sugar transporter subunit IIB
284209,284209,logistic+PCs,-1.8254264000735072,2.6167900403835045,-0.6975822943005321,0.48543845757589266,0.1611489155684423,0.17,0.17,1.0,0.5731338238716763,False,False,SPN23F_RS01545,SPN23F_RS01545,PTS sugar transporter subunit IIB
284589,284589,logistic+PCs,-6.142452933485942,6.607494765637623,-0.9296190388874559,0.3525683662737379,0.0021496442116584404,0.07,0.07,1.0,0.4989589722203148,False,False,SPN23F_RS01550,SPN23F_RS01550,PTS mannose/fructose/sorbose/N-acetylgalactosamine transporter subunit IIC
284855,284855,logistic+PCs,-6.142452933485942,6.607494765637623,-0.9296190388874559,0.3525683662737379,0.0021496442116584404,0.07,0.07,1.0,0.4989589722203148,False,False,SPN23F_RS01550,SPN23F_RS01550,PTS mannose/fructose/sorbose/N-acetylgalactosamine transporter subunit IIC
285306,285306,logistic+PCs,-1.8254264000735072,2.6167900403835045,-0.6975822943005321,0.48543845757589266,0.1611489155684423,0.17,0.17,1.0,0.5731338238716763,False,False,SPN23F_RS01555,SPN23F_RS01555,PTS system mannose/fructose/sorbose family transporter subunit IID
285371,285371,logistic+PCs,-1.8254264000735072,2.6167900403835045,-0.6975822943005321,0.48543845757589266,0.1611489155684423,0.17,0.17,1.0,0.5731338238716763,False,False,SPN23F_RS01555,SPN23F_RS01555,PTS system mannose/fructose/sorbose family transporter subunit IID
285392,285392,logistic+PCs,-6.142452933485942,6.607494765637623,-0.9296190388874559,0.3525683662737379,0.0021496442116584404,0.07,0.07,1.0,0.4989589722203148,False,False,SPN23F_RS01555,SPN23F_RS01555,PTS system mannose/fructose/sorbose family transporter subunit IID
285416,285416,logistic+PCs,-6.142452933485942,6.607494765637623,-0.9296190388874559,0.3525683662737379,0.0021496442116584404,0.07,0.07,1.0,0.4989589722203148,False,False,SPN23F_RS01555,SPN23F_RS01555,PTS system mannose/fructose/sorbose family transporter subunit IID
285627,285627,logistic+PCs,-1.4525740209122306,1.885006429813014,-0.7705936690392726,0.4409478149374113,0.2339672756830764,0.24,0.24,1.0,0.5731338238716763,False,False,SPN23F_RS01555,SPN23F_RS01555,PTS system mannose/fructose/sorbose family transporter subunit IID
285749,285749,logistic+PCs,-2.991622991573491,0.7495045689779511,-3.9914673177415922,6.566573897424195e-05,0.050205886832830685,0.17,0.17,0.22359184120729383,0.0035548650828014718,False,True,SPN23F_RS01560,SPN23F_RS01560,preprotein translocase subunit YajC
285783,285783,logistic+PCs,-6.142452933485942,6.607494765637623,-0.9296190388874559,0.3525683662737379,0.0021496442116584404,0.07,0.07,1.0,0.4989589722203148,False,False,SPN23F_RS01560,SPN23F_RS01560,preprotein translocase subunit YajC
285980,285980,logistic+PCs,4.896028328517555,1.928759278051428,2.538434103328787,0.01113497704058808,133.7574825509627,0.35,0.35,1.0,0.052446498478495945,False,False,SPN23F_RS01560,SPN23F_RS01560,preprotein translocase subunit YajC
286004,286004,logistic+PCs,11.741987811396758,4.022628019978928,2.9189842443990797,0.003511739725195489,125742.04322366399,0.14,0.14,1.0,0.02256127125337857,False,True,SPN23F_RS01560,SPN23F_RS01560,preprotein translocase subunit YajC
286115,286115,logistic+PCs,-3.115747722539495,2.5328115368909283,-1.2301537943735568,0.2186395187907857,0.044345336740101396,0.18,0.18,1.0,0.45010130682141797,False,False,SPN23F_RS01560,SPN23F_RS01560,preprotein translocase subunit YajC
286307,286307,logistic+PCs,-6.142452933485942,6.607494765637623,-0.9296190388874559,0.3525683662737379,0.0021496442116584404,0.07,0.07,1.0,0.4989589722203148,False,False,SPN23F_RS01560,SPN23F_RS01560,preprotein translocase subunit YajC
286319,286319,logistic+PCs,-6.142452933485942,6.607494765637623,-0.9296190388874559,0.3525683662737379,0.0021496442116584404,0.07,0.07,1.0,0.4989589722203148,False,False,SPN23F_RS01560,SPN23F_RS01560,preprotein translocase subunit YajC
286700,286700,logistic+PCs,2.8595043988016,1.2626623566106185,2.264662745215123,0.023533383305728142,17.45287512700501,0.31,0.31,1.0,0.08686651591247109,False,False,SPN23F_RS01560,SPN23F_RS01560,preprotein translocase subunit YajC
286970,286970,logistic+PCs,-0.7991261533991106,0.8384678742817252,-0.9530790360736042,0.34055002702245474,0.44972178031074783,0.15,0.15,1.0,0.4989589722203148,False,False,SPN23F_RS01560,SPN23F_RS01560,preprotein translocase subunit YajC
287225,287225,logistic+PCs,-1.8254264000735072,2.6167900403835045,-0.6975822943005321,0.48543845757589266,0.1611489155684423,0.17,0.17,1.0,0.5731338238716763,False,False,SPN23F_RS01560,SPN23F_RS01560,preprotein translocase subunit YajC
289580,289580,logistic+PCs,0.8780969909602574,0.7836867601975557,1.120469345097654,0.2625138087327974,2.4063161051825483,0.45,0.45,1.0,0.4989589722203148,False,False,SPN23F_RS01580,SPN23F_RS01580,hypothetical protein
290804,290804,logistic+PCs,-1.423807244065869,1.1687670599932014,-1.2182130150674773,0.22314303503726973,0.24079550225477556,0.2,0.2,1.0,0.4571612721431429,False,False,SPN23F_RS01585,SPN23F_RS01585,helix-turn-helix transcriptional regulator
290860,290860,logistic+PCs,-6.142452933485942,6.607494765637623,-0.9296190388874559,0.3525683662737379,0.0021496442116584404,0.07,0.07,1.0,0.4989589722203148,False,False,SPN23F_RS01585,SPN23F_RS01585,helix-turn-helix transcriptional regulator
291515,291515,logistic+PCs,11.741987811396758,4.022628019978928,2.9189842443990797,0.003511739725195489,125742.04322366399,0.14,0.14,1.0,0.02256127125337857,False,True,ftsL,SPN23F_RS01595,cell division protein FtsL
292172,292172,logistic+PCs,0.8780969909602574,0.7836867601975557,1.120469345097654,0.2625138087327974,2.4063161051825483,0.45,0.45,1.0,0.4989589722203148,False,False,ftsL,SPN23F_RS01595,cell division protein FtsL
292820,292820,logistic+PCs,1.8285257785787123,0.9591542241578878,1.9063939171868944,0.056599117331931785,6.2247033000899075,0.07,0.07,1.0,0.15980099047697158,False,False,pbp2x,SPN23F_RS01600,penicillin-binding protein PBP2X
295559,295559,logistic+PCs,1.56560369522457,0.8349339580269722,1.8751227928544665,0.06077583254878717,4.785563085608119,0.18,0.18,1.0,0.16740074590773765,False,False,SPN23F_RS01610,SPN23F_RS01610,ATP-dependent Clp protease ATP-binding subunit
296743,296743,logistic+PCs,-6.142452933485942,6.607494765637623,-0.9296190388874559,0.3525683662737379,0.0021496442116584404,0.07,0.07,1.0,0.4989589722203148,False,False,SPN23F_RS01610,SPN23F_RS01610,ATP-dependent Clp protease ATP-binding subunit
296785,296785,logistic+PCs,-6.142452933485942,6.607494765637623,-0.9296190388874559,0.3525683662737379,0.0021496442116584404,0.07,0.07,1.0,0.4989589722203148,False,False,SPN23F_RS01610,SPN23F_RS01610,ATP-dependent Clp protease ATP-binding subunit
296815,296815,logistic+PCs,-6.142452933485942,6.607494765637623,-0.9296190388874559,0.3525683662737379,0.0021496442116584404,0.07,0.07,1.0,0.4989589722203148,False,False,SPN23F_RS01610,SPN23F_RS01610,ATP-dependent Clp protease ATP-binding subunit
296822,296822,logistic+PCs,-6.142452933485942,6.607494765637623,-0.9296190388874559,0.3525683662737379,0.0021496442116584404,0.07,0.07,1.0,0.4989589722203148,False,False,SPN23F_RS01610,SPN23F_RS01610,ATP-dependent Clp protease ATP-binding subunit
296830,296830,logistic+PCs,-6.142452933485942,6.607494765637623,-0.9296190388874559,0.3525683662737379,0.0021496442116584404,0.07,0.07,1.0,0.4989589722203148,False,False,SPN23F_RS01610,SPN23F_RS01610,ATP-dependent Clp protease ATP-binding subunit
296860,296860,logistic+PCs,-6.142452933485942,6.607494765637623,-0.9296190388874559,0.3525683662737379,0.0021496442116584404,0.07,0.07,1.0,0.4989589722203148,False,False,SPN23F_RS01610,SPN23F_RS01610,ATP-dependent Clp protease ATP-binding subunit
296911,296911,logistic+PCs,-6.142452933485942,6.607494765637623,-0.9296190388874559,0.3525683662737379,0.0021496442116584404,0.07,0.07,1.0,0.4989589722203148,False,False,SPN23F_RS01610,SPN23F_RS01610,ATP-dependent Clp protease ATP-binding subunit
297082,297082,logistic+PCs,-6.142452933485942,6.607494765637623,-0.9296190388874559,0.3525683662737379,0.0021496442116584404,0.07,0.07,1.0,0.4989589722203148,False,False,SPN23F_RS01610,SPN23F_RS01610,ATP-dependent Clp protease ATP-binding subunit
297358,297358,logistic+PCs,-0.44914803316321794,0.5845643064615115,-0.7683466612629906,0.44228125997608425,0.6381716211372827,0.45,0.45,1.0,0.5731338238716763,False,False,SPN23F_RS01615,SPN23F_RS01615,group II intron maturase-specific domain-containing protein
297454,297454,logistic+PCs,0.6835132043203916,0.5969540882078366,1.1450012954470603,0.2522086207470051,1.9808245636812127,0.45,0.45,1.0,0.4989589722203148,False,False,SPN23F_RS01615,SPN23F_RS01615,group II intron maturase-specific domain-containing protein
297463,297463,logistic+PCs,-6.142452933485942,6.607494765637623,-0.9296190388874559,0.3525683662737379,0.0021496442116584404,0.07,0.07,1.0,0.4989589722203148,False,False,SPN23F_RS01615,SPN23F_RS01615,group II intron maturase-specific domain-containing protein
297475,297475,logistic+PCs,-6.142452933485942,6.607494765637623,-0.9296190388874559,0.3525683662737379,0.0021496442116584404,0.07,0.07,1.0,0.4989589722203148,False,False,SPN23F_RS01615,SPN23F_RS01615,group II intron maturase-specific domain-containing protein
297541,297541,logistic+PCs,1.349312348068413,1.3904848893730704,0.9703897959486487,0.33185223300072386,3.85477387639193,0.1,0.1,1.0,0.4989589722203148,False,False,SPN23F_RS01615,SPN23F_RS01615,group II intron maturase-specific domain-containing protein
297547,297547,logistic+PCs,-6.142452933485942,6.607494765637623,-0.9296190388874559,0.3525683662737379,0.0021496442116584404,0.07,0.07,1.0,0.4989589722203148,False,False,SPN23F_RS01615,SPN23F_RS01615,group II intron maturase-specific domain-containing protein
297628,297628,logistic+PCs,-6.142452933485942,6.607494765637623,-0.9296190388874559,0.3525683662737379,0.0021496442116584404,0.07,0.07,1.0,0.4989589722203148,False,False,SPN23F_RS01615,SPN23F_RS01615,group II intron maturase-specific domain-containing protein
297688,297688,logistic+PCs,-6.142452933485942,6.607494765637623,-0.9296190388874559,0.3525683662737379,0.0021496442116584404,0.07,0.07,1.0,0.4989589722203148,False,False,SPN23F_RS01615,SPN23F_RS01615,group II intron maturase-specific domain-containing protein
297826,297826,logistic+PCs,-8.767897233065455,7.071600903855846,-1.2398744431808488,0.21502183803787367,0.0001556505335708582,0.08,0.08,1.0,0.4442653874508251,False,False,SPN23F_RS01615,SPN23F_RS01615,group II intron maturase-specific domain-containing protein
298231,298231,logistic+PCs,0.9092687080593924,0.6181490641224225,1.4709537890351225,0.14130361450503132,2.4825064324691994,0.49,0.49,1.0,0.3194812798071923,False,False,SPN23F_RS01615,SPN23F_RS01615,group II intron maturase-specific domain-containing protein
298456,298456,logistic+PCs,10.53328493755029,3.1090965688791563,3.3878924968057804,0.0007043186415353533,37544.603715228586,0.37,0.37,1.0,0.011206565301064848,False,True,SPN23F_RS01620,SPN23F_RS01620,S-ribosylhomocysteine lyase
298537,298537,logistic+PCs,-2.8881827472456627,1.1112273149859184,-2.599092650347838,0.009347054146591144,0.05567730046019323,0.08,0.08,1.0,0.045337207078551066,False,True,SPN23F_RS01620,SPN23F_RS01620,S-ribosylhomocysteine lyase
298538,298538,logistic+PCs,-1.6437454085576468,0.7275518766300534,-2.259282755439116,0.023865801900739846,0.19325486666771058,0.49,0.49,1.0,0.08775707934343323,False,False,SPN23F_RS01620,SPN23F_RS01620,S-ribosylhomocysteine lyase
298574,298574,logistic+PCs,0.814170147182591,0.619972081841265,1.3132367908641531,0.18910317031425994,2.257301666734945,0.48,0.48,1.0,0.403191167764593,False,False,SPN23F_RS01620,SPN23F_RS01620,S-ribosylhomocysteine lyase
298621,298621,logistic+PCs,11.741987811396758,4.022628019978928,2.9189842443990797,0.003511739725195489,125742.04322366399,0.14,0.14,1.0,0.02256127125337857,False,True,SPN23F_RS01620,SPN23F_RS01620,S-ribosylhomocysteine lyase
298661,298661,logistic+PCs,11.741987811396758,4.022628019978928,2.9189842443990797,0.003511739725195489,125742.04322366399,0.14,0.14,1.0,0.02256127125337857,False,True,SPN23F_RS01620,SPN23F_RS01620,S-ribosylhomocysteine lyase
298673,298673,logistic+PCs,1.709332331149185,1.7415089391981453,0.9815237192731404,0.3263345434737287,5.525271194348724,0.31,0.31,1.0,0.4989589722203148,False,False,SPN23F_RS01620,SPN23F_RS01620,S-ribosylhomocysteine lyase
298749,298749,logistic+PCs,0.6351575359085199,0.6723751974295166,0.9446474800627991,0.3448388783704631,1.887319438623064,0.34,0.34,1.0,0.4989589722203148,False,False,SPN23F_RS01620,SPN23F_RS01620,S-ribosylhomocysteine lyase
298814,298814,logistic+PCs,1.0395679578771326,2.6498497334698543,0.39231204122501956,0.69482766771609,2.8279949374399878,0.08,0.08,1.0,0.7683950011605347,False,False,SPN23F_RS01620,SPN23F_RS01620,S-ribosylhomocysteine lyase
298879,298879,logistic+PCs,-2.5220358642565412,0.8439110873236179,-2.988508981739929,0.002803422604021047,0.08029596854116526,0.11,0.11,1.0,0.02256127125337857,False,True,SPN23F_RS01620,SPN23F_RS01620,S-ribosylhomocysteine lyase
298916,298916,logistic+PCs,0.6351575359085199,0.6723751974295166,0.9446474800627991,0.3448388783704631,1.887319438623064,0.34,0.34,1.0,0.4989589722203148,False,False,SPN23F_RS01620,SPN23F_RS01620,S-ribosylhomocysteine lyase
298943,298943,logistic+PCs,0.6351575359085199,0.6723751974295166,0.9446474800627991,0.3448388783704631,1.887319438623064,0.34,0.34,1.0,0.4989589722203148,False,False,SPN23F_RS01620,SPN23F_RS01620,S-ribosylhomocysteine lyase
298959,298959,logistic+PCs,-3.235561601478243,0.8466709031647986,-3.8215103287285914,0.00013263685765842832,0.03933810639669597,0.15,0.15,0.45162850032694846,0.0035548650828014718,False,True,SPN23F_RS01620,SPN23F_RS01620,S-ribosylhomocysteine lyase
298979,298979,logistic+PCs,0.6351575359085199,0.6723751974295166,0.9446474800627991,0.3448388783704631,1.887319438623064,0.34,0.34,1.0,0.4989589722203148,False,False,SPN23F_RS01620,SPN23F_RS01620,S-ribosylhomocysteine lyase
298997,298997,logistic+PCs,0.6351575359085199,0.6723751974295166,0.9446474800627991,0.3448388783704631,1.887319438623064,0.34,0.34,1.0,0.4989589722203148,False,False,SPN23F_RS01620,SPN23F_RS01620,S-ribosylhomocysteine lyase
299069,299069,logistic+PCs,0.6351575359085199,0.6723751974295166,0.9446474800627991,0.3448388783704631,1.887319438623064,0.34,0.34,1.0,0.4989589722203148,False,False,SPN23F_RS01620,SPN23F_RS01620,S-ribosylhomocysteine lyase
299129,299129,logistic+PCs,0.6351575359085199,0.6723751974295166,0.9446474800627991,0.3448388783704631,1.887319438623064,0.34,0.34,1.0,0.4989589722203148,False,False,SPN23F_RS01620,SPN23F_RS01620,S-ribosylhomocysteine lyase
299132,299132,logistic+PCs,0.6351575359085199,0.6723751974295166,0.9446474800627991,0.3448388783704631,1.887319438623064,0.34,0.34,1.0,0.4989589722203148,False,False,SPN23F_RS01620,SPN23F_RS01620,S-ribosylhomocysteine lyase
299257,299257,logistic+PCs,4.642447269414633,1.6309417619326598,2.8464825524569006,0.004420515157530183,103.7980588214306,0.29,0.29,1.0,0.027218542696908272,False,True,SPN23F_RS01620,SPN23F_RS01620,S-ribosylhomocysteine lyase
299311,299311,logistic+PCs,8.690367663904862,2.2843063316113605,3.8043792741994613,0.00014216022319986748,5945.36773804004,0.46,0.46,0.4840555599955488,0.0035548650828014718,False,True,SPN23F_RS01620,SPN23F_RS01620,S-ribosylhomocysteine lyase
299325,299325,logistic+PCs,4.642447269414633,1.6309417619326598,2.8464825524569006,0.004420515157530183,103.7980588214306,0.29,0.29,1.0,0.027218542696908272,False,True,SPN23F_RS01620,SPN23F_RS01620,S-ribosylhomocysteine lyase
300561,300561,logistic+PCs,4.9895181127667465,2.7163874302905504,1.836821234382261,0.06623629010447915,146.86563376681545,0.22,0.22,1.0,0.1782881958938747,False,False,SPN23F_RS01630,SPN23F_RS01630,glycoside hydrolase family 13 protein
301382,301382,logistic+PCs,8.690367663904862,2.2843063316113605,3.8043792741994613,0.00014216022319986748,5945.36773804004,0.46,0.46,0.4840555599955488,0.0035548650828014718,False,True,SPN23F_RS01630,SPN23F_RS01630,glycoside hydrolase family 13 protein
301555,301555,logistic+PCs,-4.827159088946701,1.4887199956471326,-3.242489590427231,0.0011849027675802668,0.00800924252174922,0.34,0.34,1.0,0.016756937417014808,False,True,SPN23F_RS01630,SPN23F_RS01630,glycoside hydrolase family 13 protein
302494,302494,logistic+PCs,30.448562235846268,1237884.4122500094,2.4597257978636475e-05,0.9999803742276228,16735649083820.238,0.16,0.16,1.0,0.9999999852469791,False,False,SPN23F_RS01635,SPN23F_RS01635,S-ribosylhomocysteinase
302563,302563,logistic+PCs,5.137593307022548,2.0157802930840747,2.548687138498713,0.010812925581306043,170.30540189164185,0.32,0.32,1.0,0.05156584258311915,False,False,SPN23F_RS11870,SPN23F_RS11870,transposase
302635,302635,logistic+PCs,-1.8254264000735072,2.6167900403835045,-0.6975822943005321,0.48543845757589266,0.1611489155684423,0.17,0.17,1.0,0.5731338238716763,False,False,SPN23F_RS11870,SPN23F_RS11870,transposase
303296,303296,logistic+PCs,11.741987811396758,4.022628019978928,2.9189842443990797,0.003511739725195489,125742.04322366399,0.14,0.14,1.0,0.02256127125337857,False,True,SPN23F_RS11870,SPN23F_RS11870,transposase
304293,304293,logistic+PCs,4.062488621885679,2.319686840588039,1.7513090779339167,0.07989268486728736,58.11876689171201,0.17,0.17,1.0,0.2016564803358884,False,False,cps4A,SPN23F_RS01645,capsular polysaccharide--peptidoglycan transferase Cps4A
304826,304826,logistic+PCs,11.741987811396758,4.022628019978928,2.9189842443990797,0.003511739725195489,125742.04322366399,0.14,0.14,1.0,0.02256127125337857,False,True,cps4B,SPN23F_RS01650,capsular polysaccharide biosynthesis protein Cps4B
305225,305225,logistic+PCs,11.741987811396758,4.022628019978928,2.9189842443990797,0.003511739725195489,125742.04322366399,0.14,0.14,1.0,0.02256127125337857,False,True,cps4B,SPN23F_RS01650,capsular polysaccharide biosynthesis protein Cps4B
305811,305811,logistic+PCs,-1.4525740209122306,1.885006429813014,-0.7705936690392726,0.4409478149374113,0.2339672756830764,0.24,0.24,1.0,0.5731338238716763,False,False,SPN23F_RS01655,SPN23F_RS01655,capsular polysaccharide biosynthesis protein
305849,305849,logistic+PCs,11.741987811396758,4.022628019978928,2.9189842443990797,0.003511739725195489,125742.04322366399,0.14,0.14,1.0,0.02256127125337857,False,True,SPN23F_RS01655,SPN23F_RS01655,capsular polysaccharide biosynthesis protein
305901,305901,logistic+PCs,-1.4525740209122306,1.885006429813014,-0.7705936690392726,0.4409478149374113,0.2339672756830764,0.24,0.24,1.0,0.5731338238716763,False,False,SPN23F_RS01655,SPN23F_RS01655,capsular polysaccharide biosynthesis protein
305903,305903,logistic+PCs,4.982427731731632,1.992546435860485,2.500532806694646,0.012400664695181248,145.82798347760033,0.31,0.31,1.0,0.05288964410811788,False,False,SPN23F_RS01655,SPN23F_RS01655,capsular polysaccharide biosynthesis protein
305973,305973,logistic+PCs,11.741987811396758,4.022628019978928,2.9189842443990797,0.003511739725195489,125742.04322366399,0.14,0.14,1.0,0.02256127125337857,False,True,SPN23F_RS01655,SPN23F_RS01655,capsular polysaccharide biosynthesis protein
306096,306096,logistic+PCs,1.9016048160554666,1.1819662056962257,1.6088487191013594,0.10764942491165443,6.696632687174665,0.45,0.45,1.0,0.25313970429846916,False,False,SPN23F_RS01655,SPN23F_RS01655,capsular polysaccharide biosynthesis protein
306171,306171,logistic+PCs,0.22651231539138425,1.0946650597537015,0.20692385618149653,0.8360693251652275,1.254218055925031,0.25,0.25,1.0,0.897200142511062,False,False,SPN23F_RS01660,SPN23F_RS01660,tyrosine-protein kinase
306189,306189,logistic+PCs,1.0395679578771326,2.6498497334698543,0.39231204122501956,0.69482766771609,2.8279949374399878,0.08,0.08,1.0,0.7683950011605347,False,False,SPN23F_RS01660,SPN23F_RS01660,tyrosine-protein kinase
306276,306276,logistic+PCs,-0.7614278007800234,1.0474243829628276,-0.7269525258006582,0.46725503857057205,0.4669991689897514,0.11,0.11,1.0,0.5731338238716763,False,False,SPN23F_RS01660,SPN23F_RS01660,tyrosine-protein kinase
306280,306280,logistic+PCs,-0.7614278007800234,1.0474243829628276,-0.7269525258006582,0.46725503857057205,0.4669991689897514,0.11,0.11,1.0,0.5731338238716763,False,False,SPN23F_RS01660,SPN23F_RS01660,tyrosine-protein kinase
306294,306294,logistic+PCs,-6.742596455519978,6.373121638104902,-1.0579739158289378,0.29006733444129507,0.0011795804488855706,0.08,0.08,1.0,0.4989589722203148,False,False,SPN23F_RS01660,SPN23F_RS01660,tyrosine-protein kinase
306561,306561,logistic+PCs,4.9895181127667465,2.7163874302905504,1.836821234382261,0.06623629010447915,146.86563376681545,0.22,0.22,1.0,0.1782881958938747,False,False,SPN23F_RS01660,SPN23F_RS01660,tyrosine-protein kinase
306652,306652,logistic+PCs,-2.8881827472456627,1.1112273149859184,-2.599092650347838,0.009347054146591144,0.05567730046019323,0.08,0.08,1.0,0.045337207078551066,False,True,SPN23F_RS01660,SPN23F_RS01660,tyrosine-protein kinase
306660,306660,logistic+PCs,4.9895181127667465,2.7163874302905504,1.836821234382261,0.06623629010447915,146.86563376681545,0.22,0.22,1.0,0.1782881958938747,False,False,SPN23F_RS01660,SPN23F_RS01660,tyrosine-protein kinase
306747,306747,logistic+PCs,-1.2499808569344837,0.8562850249846269,-1.4597719456286473,0.1443527612517897,0.2865102814927833,0.28,0.28,1.0,0.32609300040235023,False,False,SPN23F_RS01660,SPN23F_RS01660,tyrosine-protein kinase
306797,306797,logistic+PCs,11.741987811396758,4.022628019978928,2.9189842443990797,0.003511739725195489,125742.04322366399,0.14,0.14,1.0,0.02256127125337857,False,True,SPN23F_RS01660,SPN23F_RS01660,tyrosine-protein kinase
306901,306901,logistic+PCs,4.062488621885679,2.319686840588039,1.7513090779339167,0.07989268486728736,58.11876689171201,0.17,0.17,1.0,0.2016564803358884,False,False,SPN23F_RS01660,SPN23F_RS01660,tyrosine-protein kinase
306943,306943,logistic+PCs,5.137593307022548,2.0157802930840747,2.548687138498713,0.010812925581306043,170.30540189164185,0.32,0.32,1.0,0.05156584258311915,False,False,SPN23F_RS01660,SPN23F_RS01660,tyrosine-protein kinase
306955,306955,logistic+PCs,2.2421401315124623,1.328419087419824,1.6878258922546423,0.09144465573956163,9.41345577858575,0.12,0.12,1.0,0.22208919600086116,False,False,SPN23F_RS01660,SPN23F_RS01660,tyrosine-protein kinase
306995,306995,logistic+PCs,3.005246056084514,1.7136343376235437,1.7537265623727922,0.07947737181147582,20.191183648404333,0.29,0.29,1.0,0.2016564803358884,False,False,SPN23F_RS01660,SPN23F_RS01660,tyrosine-protein kinase
307200,307200,logistic+PCs,1.1499006519822292,1.273823826222054,0.9027156097343854,0.36667684966880965,3.1578791650696636,0.39,0.39,1.0,0.5116945381648758,False,False,SPN23F_RS01660,SPN23F_RS01660,tyrosine-protein kinase
307255,307255,logistic+PCs,1.0395679578771326,2.6498497334698543,0.39231204122501956,0.69482766771609,2.8279949374399878,0.08,0.08,1.0,0.7683950011605347,False,False,SPN23F_RS01660,SPN23F_RS01660,tyrosine-protein kinase
307306,307306,logistic+PCs,1.0395679578771326,2.6498497334698543,0.39231204122501956,0.69482766771609,2.8279949374399878,0.08,0.08,1.0,0.7683950011605347,False,False,SPN23F_RS01660,SPN23F_RS01660,tyrosine-protein kinase
307332,307332,logistic+PCs,1.0395679578771326,2.6498497334698543,0.39231204122501956,0.69482766771609,2.8279949374399878,0.08,0.08,1.0,0.7683950011605347,False,False,SPN23F_RS01660,SPN23F_RS01660,tyrosine-protein kinase
307333,307333,logistic+PCs,1.0395679578771326,2.6498497334698543,0.39231204122501956,0.69482766771609,2.8279949374399878,0.08,0.08,1.0,0.7683950011605347,False,False,SPN23F_RS01660,SPN23F_RS01660,tyrosine-protein kinase
307378,307378,logistic+PCs,4.9895181127667465,2.7163874302905504,1.836821234382261,0.06623629010447915,146.86563376681545,0.22,0.22,1.0,0.1782881958938747,False,False,SPN23F_RS01660,SPN23F_RS01660,tyrosine-protein kinase
307384,307384,logistic+PCs,4.9895181127667465,2.7163874302905504,1.836821234382261,0.06623629010447915,146.86563376681545,0.22,0.22,1.0,0.1782881958938747,False,False,SPN23F_RS01660,SPN23F_RS01660,tyrosine-protein kinase
307391,307391,logistic+PCs,4.9895181127667465,2.7163874302905504,1.836821234382261,0.06623629010447915,146.86563376681545,0.22,0.22,1.0,0.1782881958938747,False,False,SPN23F_RS01660,SPN23F_RS01660,tyrosine-protein kinase
307401,307401,logistic+PCs,4.9895181127667465,2.7163874302905504,1.836821234382261,0.06623629010447915,146.86563376681545,0.22,0.22,1.0,0.1782881958938747,False,False,SPN23F_RS01660,SPN23F_RS01660,tyrosine-protein kinase
307438,307438,logistic+PCs,2.756859331414923,1.6471432680941265,1.6737216396511911,0.0941853188518962,15.750298719589445,0.21,0.21,1.0,0.2269646218617881,False,False,SPN23F_RS01660,SPN23F_RS01660,tyrosine-protein kinase
307693,307693,logistic+PCs,2.335312423389702,1.0917352448702606,2.139083110454335,0.032428938004996945,10.332687598427857,0.17,0.17,1.0,0.10901665345577051,False,False,SPN23F_RS01665,SPN23F_RS01665,sugar transferase
307726,307726,logistic+PCs,-0.37277765211064817,0.9780755445360023,-0.3811338032048367,0.7031039656964183,0.6888183731295273,0.05,0.05,1.0,0.7767907213485739,False,False,SPN23F_RS01665,SPN23F_RS01665,sugar transferase
307768,307768,logistic+PCs,3.93797913206845,1.9646935644541423,2.0043732026793464,0.04503009764903037,51.31479602178058,0.25,0.25,1.0,0.1393886204499531,False,False,SPN23F_RS01665,SPN23F_RS01665,sugar transferase
307843,307843,logistic+PCs,-2.0490186451067003,0.6808600253471525,-3.0094565238456465,0.0026171553270197445,0.12886130022521394,0.21,0.21,1.0,0.02256127125337857,False,True,SPN23F_RS01665,SPN23F_RS01665,sugar transferase
307845,307845,logistic+PCs,-2.2971381298287845,0.7374885791688693,-3.114811801448641,0.0018406230635447348,0.10054618248405363,0.13,0.13,1.0,0.02256127125337857,False,True,SPN23F_RS01665,SPN23F_RS01665,sugar transferase
307918,307918,logistic+PCs,30.448562235846268,1237884.4122500094,2.4597257978636475e-05,0.9999803742276228,16735649083820.238,0.16,0.16,1.0,0.9999999852469791,False,False,SPN23F_RS01665,SPN23F_RS01665,sugar transferase
307996,307996,logistic+PCs,1.5667750723633425,0.8339348518634382,1.8787739460251163,0.060275365984550106,4.791172069279024,0.18,0.18,1.0,0.16645386956803981,False,False,SPN23F_RS01665,SPN23F_RS01665,sugar transferase
308494,308494,logistic+PCs,0.10338781153633382,0.8440615668727988,0.12248847192436438,0.9025121753167515,1.1089213782004783,0.47,0.47,1.0,0.9429438345975879,False,False,cps2T,SPN23F_RS01670,beta 1-4 rhamnosyltransferase Cps2T
308555,308555,logistic+PCs,0.1767682397176251,1.3167625224909818,0.13424458601937142,0.8932091704255488,1.193354488902119,0.39,0.39,1.0,0.9343708833483851,False,False,cps2T,SPN23F_RS01670,beta 1-4 rhamnosyltransferase Cps2T
308956,308956,logistic+PCs,0.08261365031483614,0.6769533298767164,0.1220374384300338,0.9028693682722843,1.0861221045440637,0.2,0.2,1.0,0.9430276683948245,False,False,cps2T,SPN23F_RS01670,beta 1-4 rhamnosyltransferase Cps2T
308965,308965,logistic+PCs,-6.142452933485942,6.607494765637623,-0.9296190388874559,0.3525683662737379,0.0021496442116584404,0.07,0.07,1.0,0.4989589722203148,False,False,cps2T,SPN23F_RS01670,beta 1-4 rhamnosyltransferase Cps2T
308989,308989,logistic+PCs,0.2532077216709584,1.0097539929070487,0.2507617929214438,0.8019982827175349,1.2881508258878,0.38,0.38,1.0,0.8647258241460438,False,False,cps2T,SPN23F_RS01670,beta 1-4 rhamnosyltransferase Cps2T
309045,309045,logistic+PCs,-1.8254264000735072,2.6167900403835045,-0.6975822943005321,0.48543845757589266,0.1611489155684423,0.17,0.17,1.0,0.5731338238716763,False,False,cps2T,SPN23F_RS01670,beta 1-4 rhamnosyltransferase Cps2T
309138,309138,logistic+PCs,-6.142452933485942,6.607494765637623,-0.9296190388874559,0.3525683662737379,0.0021496442116584404,0.07,0.07,1.0,0.4989589722203148,False,False,cps2T,SPN23F_RS01670,beta 1-4 rhamnosyltransferase Cps2T
309213,309213,logistic+PCs,-2.9808459196426944,0.7298478800389988,-4.084201655122182,4.4228610388005945e-05,0.0507498853770699,0.45,0.45,0.15059841837116025,0.0035548650828014718,False,True,cps2T,SPN23F_RS01670,beta 1-4 rhamnosyltransferase Cps2T
309751,309751,logistic+PCs,11.741987811396758,4.022628019978928,2.9189842443990797,0.003511739725195489,125742.04322366399,0.14,0.14,1.0,0.02256127125337857,False,True,wzy,SPN23F_RS01675,oligosaccharide repeat unit polymerase Wzy
309781,309781,logistic+PCs,11.741987811396758,4.022628019978928,2.9189842443990797,0.003511739725195489,125742.04322366399,0.14,0.14,1.0,0.02256127125337857,False,True,wzy,SPN23F_RS01675,oligosaccharide repeat unit polymerase Wzy
310310,310310,logistic+PCs,0.21388540046222793,0.8911821109350929,0.24000190066405602,0.8103287831468087,1.2384807173428773,0.06,0.06,1.0,0.8715001600173353,False,False,wzy,SPN23F_RS01675,oligosaccharide repeat unit polymerase Wzy
310363,310363,logistic+PCs,0.8936544001042048,0.9830099604572592,0.9091000458311841,0.36329731842274837,2.4440448693065,0.05,0.05,1.0,0.5076025314852106,False,False,wzy,SPN23F_RS01675,oligosaccharide repeat unit polymerase Wzy
311297,311297,logistic+PCs,-1.8254264000735072,2.6167900403835045,-0.6975822943005321,0.48543845757589266,0.1611489155684423,0.17,0.17,1.0,0.5731338238716763,False,False,SPN23F_RS01680,SPN23F_RS01680,glycosyltransferase family 2 protein
311843,311843,logistic+PCs,-2.125282933185195,0.7183013915049955,-2.958762099475084,0.0030887745203893877,0.1193991814965153,0.29,0.29,1.0,0.02256127125337857,False,True,SPN23F_RS01680,SPN23F_RS01680,glycosyltransferase family 2 protein
311903,311903,logistic+PCs,8.479737176732321,3.9369635657895876,2.1538774832506347,0.031249781207506953,4816.183925317496,0.31,0.31,1.0,0.10672568205773438,False,False,SPN23F_RS01680,SPN23F_RS01680,glycosyltransferase family 2 protein
312235,312235,logistic+PCs,1.0395679578771326,2.6498497334698543,0.39231204122501956,0.69482766771609,2.8279949374399878,0.08,0.08,1.0,0.7683950011605347,False,False,SPN23F_RS01685,SPN23F_RS01685,glycosyltransferase 61 family protein
312338,312338,logistic+PCs,1.0395679578771326,2.6498497334698543,0.39231204122501956,0.69482766771609,2.8279949374399878,0.08,0.08,1.0,0.7683950011605347,False,False,SPN23F_RS01685,SPN23F_RS01685,glycosyltransferase 61 family protein
312472,312472,logistic+PCs,-2.8881827472456627,1.1112273149859184,-2.599092650347838,0.009347054146591144,0.05567730046019323,0.08,0.08,1.0,0.045337207078551066,False,True,SPN23F_RS01685,SPN23F_RS01685,glycosyltransferase 61 family protein
312529,312529,logistic+PCs,2.369649382889819,1.1103593303325439,2.13412840164105,0.032832271557941696,10.693642252792912,0.15,0.15,1.0,0.11003335103818059,False,False,SPN23F_RS01685,SPN23F_RS01685,glycosyltransferase 61 family protein
312601,312601,logistic+PCs,7.116044812901675,7.093507171010773,1.0031772212739851,0.315775361421907,1231.569699134848,0.11,0.11,1.0,0.4989589722203148,False,False,SPN23F_RS01685,SPN23F_RS01685,glycosyltransferase 61 family protein
312940,312940,logistic+PCs,-3.0535932651739075,1.1047476180365146,-2.7640641313181624,0.005708631826920809,0.04718905659025048,0.09,0.09,1.0,0.03339843878121195,False,True,SPN23F_RS01685,SPN23F_RS01685,glycosyltransferase 61 family protein
312964,312964,logistic+PCs,1.709332331149185,1.7415089391981453,0.9815237192731404,0.3263345434737287,5.525271194348724,0.31,0.31,1.0,0.4989589722203148,False,False,SPN23F_RS01685,SPN23F_RS01685,glycosyltransferase 61 family protein
312988,312988,logistic+PCs,-1.8254264000735072,2.6167900403835045,-0.6975822943005321,0.48543845757589266,0.1611489155684423,0.17,0.17,1.0,0.5731338238716763,False,False,SPN23F_RS01685,SPN23F_RS01685,glycosyltransferase 61 family protein
313022,313022,logistic+PCs,0.209724142593319,0.6483702123774155,0.3234635684824441,0.7463441939218768,1.2333377876619185,0.19,0.19,1.0,0.8116582498575504,False,False,SPN23F_RS01685,SPN23F_RS01685,glycosyltransferase 61 family protein
313561,313561,logistic+PCs,-1.103070441794423,0.6039843827368868,-1.8263227880098227,0.06780165463911442,0.3318505898956839,0.45,0.45,1.0,0.1795827991800801,False,False,SPN23F_RS01690,SPN23F_RS01690,oligosaccharide flippase family protein
313819,313819,logistic+PCs,2.5863360691446178,1.2007695825869764,2.1538987218284897,0.03124811523189249,13.281021604572274,0.06,0.06,1.0,0.10672568205773438,False,False,SPN23F_RS01690,SPN23F_RS01690,oligosaccharide flippase family protein
313897,313897,logistic+PCs,-3.2023269179001006,0.8447101513581509,-3.791036384197942,0.00015001997299619966,0.04066746394516881,0.44,0.44,0.5108180080520598,0.0035548650828014718,False,True,SPN23F_RS01690,SPN23F_RS01690,oligosaccharide flippase family protein
314047,314047,logistic+PCs,2.5863360691446178,1.2007695825869764,2.1538987218284897,0.03124811523189249,13.281021604572274,0.06,0.06,1.0,0.10672568205773438,False,False,SPN23F_RS01690,SPN23F_RS01690,oligosaccharide flippase family protein
314206,314206,logistic+PCs,0.8581025960402431,0.8221430419617018,1.0437388048589924,0.2966062510733799,2.358681074415644,0.17,0.17,1.0,0.4989589722203148,False,False,SPN23F_RS01690,SPN23F_RS01690,oligosaccharide flippase family protein
314259,314259,logistic+PCs,-1.4895233850863836,0.6369384400787345,-2.3385672638979957,0.019357840690658313,0.22548009711028377,0.3,0.3,1.0,0.07745410993148244,False,False,SPN23F_RS01690,SPN23F_RS01690,oligosaccharide flippase family protein
314361,314361,logistic+PCs,2.2563020367562507,0.8908253361568007,2.5328220305120537,0.01131483840237487,9.547716698617302,0.26,0.26,1.0,0.05288964410811788,False,False,SPN23F_RS01690,SPN23F_RS01690,oligosaccharide flippase family protein
314806,314806,logistic+PCs,-0.4863258526790086,0.8145349987717039,-0.5970594921180482,0.5504676615851839,0.614881413909943,0.37,0.37,1.0,0.6340806453645301,False,False,SPN23F_RS01695,SPN23F_RS01695,CDP-glycerol--glycerophosphate glycerophosphotransferase
314913,314913,logistic+PCs,1.2635952928847347,1.120658379004316,1.1275472673549414,0.25951116765972093,3.5381192225153035,0.34,0.34,1.0,0.4989589722203148,False,False,SPN23F_RS01695,SPN23F_RS01695,CDP-glycerol--glycerophosphate glycerophosphotransferase
314944,314944,logistic+PCs,0.5304823060210283,1.1810044872518424,0.4491789080797167,0.6533026014535792,1.6997519115341395,0.11,0.11,1.0,0.7361003831732088,False,False,SPN23F_RS01695,SPN23F_RS01695,CDP-glycerol--glycerophosphate glycerophosphotransferase
315043,315043,logistic+PCs,-6.142452933485942,6.607494765637623,-0.9296190388874559,0.3525683662737379,0.0021496442116584404,0.07,0.07,1.0,0.4989589722203148,False,False,SPN23F_RS01695,SPN23F_RS01695,CDP-glycerol--glycerophosphate glycerophosphotransferase
315061,315061,logistic+PCs,1.2635952928847347,1.120658379004316,1.1275472673549414,0.25951116765972093,3.5381192225153035,0.34,0.34,1.0,0.4989589722203148,False,False,SPN23F_RS01695,SPN23F_RS01695,CDP-glycerol--glycerophosphate glycerophosphotransferase
315076,315076,logistic+PCs,0.2127151951939969,0.6157871485310914,0.3454362366954412,0.7297664388721445,1.2370322883277598,0.22,0.22,1.0,0.7966831434304753,False,False,SPN23F_RS01695,SPN23F_RS01695,CDP-glycerol--glycerophosphate glycerophosphotransferase
315088,315088,logistic+PCs,0.7227398771223708,0.9346284137046045,0.773291146004895,0.4393500945370855,2.060069823484318,0.36,0.36,1.0,0.5731338238716763,False,False,SPN23F_RS01695,SPN23F_RS01695,CDP-glycerol--glycerophosphate glycerophosphotransferase
315103,315103,logistic+PCs,-2.071270837014974,1.1511479022697464,-1.7993090487599366,0.07196980751024531,0.12602552199643804,0.05,0.05,1.0,0.18778329086006537,False,False,SPN23F_RS01695,SPN23F_RS01695,CDP-glycerol--glycerophosphate glycerophosphotransferase
315292,315292,logistic+PCs,-0.6362644589078742,0.6885358309693955,-0.9240832942739843,0.3554429503946256,0.5292658301356173,0.41,0.41,1.0,0.49939962263689197,False,False,SPN23F_RS01695,SPN23F_RS01695,CDP-glycerol--glycerophosphate glycerophosphotransferase
315298,315298,logistic+PCs,-0.6362644589078742,0.6885358309693955,-0.9240832942739843,0.3554429503946256,0.5292658301356173,0.41,0.41,1.0,0.49939962263689197,False,False,SPN23F_RS01695,SPN23F_RS01695,CDP-glycerol--glycerophosphate glycerophosphotransferase
315841,315841,logistic+PCs,-0.6634899378616358,0.549289913779137,-1.2079048262452117,0.2270838729664847,0.5150506993306257,0.46,0.46,1.0,0.4632837552132297,False,False,SPN23F_RS01700,SPN23F_RS01700,iron-containing alcohol dehydrogenase family protein
315863,315863,logistic+PCs,-1.8254264000735072,2.6167900403835045,-0.6975822943005321,0.48543845757589266,0.1611489155684423,0.17,0.17,1.0,0.5731338238716763,False,False,SPN23F_RS01700,SPN23F_RS01700,iron-containing alcohol dehydrogenase family protein
315865,315865,logistic+PCs,-6.142452933485942,6.607494765637623,-0.9296190388874559,0.3525683662737379,0.0021496442116584404,0.07,0.07,1.0,0.4989589722203148,False,False,SPN23F_RS01700,SPN23F_RS01700,iron-containing alcohol dehydrogenase family protein
315943,315943,logistic+PCs,-0.6634899378616358,0.549289913779137,-1.2079048262452117,0.2270838729664847,0.5150506993306257,0.46,0.46,1.0,0.4632837552132297,False,False,SPN23F_RS01700,SPN23F_RS01700,iron-containing alcohol dehydrogenase family protein
316536,316536,logistic+PCs,1.7028304354900274,0.8291747738242962,2.0536447673586133,0.04001008592485962,5.489462994292935,0.19,0.19,1.0,0.12847693694572238,False,False,SPN23F_RS01700,SPN23F_RS01700,iron-containing alcohol dehydrogenase family protein
316760,316760,logistic+PCs,-1.8254264000735072,2.6167900403835045,-0.6975822943005321,0.48543845757589266,0.1611489155684423,0.17,0.17,1.0,0.5731338238716763,False,False,SPN23F_RS01700,SPN23F_RS01700,iron-containing alcohol dehydrogenase family protein
317063,317063,logistic+PCs,4.062488621885679,2.319686840588039,1.7513090779339167,0.07989268486728736,58.11876689171201,0.17,0.17,1.0,0.2016564803358884,False,False,SPN23F_RS01705,SPN23F_RS01705,phosphocholine cytidylyltransferase family protein
317168,317168,logistic+PCs,11.741987811396758,4.022628019978928,2.9189842443990797,0.003511739725195489,125742.04322366399,0.14,0.14,1.0,0.02256127125337857,False,True,SPN23F_RS01705,SPN23F_RS01705,phosphocholine cytidylyltransferase family protein
317492,317492,logistic+PCs,11.741987811396758,4.022628019978928,2.9189842443990797,0.003511739725195489,125742.04322366399,0.14,0.14,1.0,0.02256127125337857,False,True,SPN23F_RS01705,SPN23F_RS01705,phosphocholine cytidylyltransferase family protein
317529,317529,logistic+PCs,-1.8254264000735072,2.6167900403835045,-0.6975822943005321,0.48543845757589266,0.1611489155684423,0.17,0.17,1.0,0.5731338238716763,False,False,SPN23F_RS01705,SPN23F_RS01705,phosphocholine cytidylyltransferase family protein
317616,317616,logistic+PCs,1.8285257785787123,0.9591542241578878,1.9063939171868944,0.056599117331931785,6.2247033000899075,0.07,0.07,1.0,0.15980099047697158,False,False,SPN23F_RS01705,SPN23F_RS01705,phosphocholine cytidylyltransferase family protein
317909,317909,logistic+PCs,1.7028304354900274,0.8291747738242962,2.0536447673586133,0.04001008592485962,5.489462994292935,0.19,0.19,1.0,0.12847693694572238,False,False,SPN23F_RS01710,SPN23F_RS01710,HAD-IIA family hydrolase
318041,318041,logistic+PCs,-2.8881827472456627,1.1112273149859184,-2.599092650347838,0.009347054146591144,0.05567730046019323,0.08,0.08,1.0,0.045337207078551066,False,True,SPN23F_RS01710,SPN23F_RS01710,HAD-IIA family hydrolase
318269,318269,logistic+PCs,30.448562235846268,1237884.4122500094,2.4597257978636475e-05,0.9999803742276228,16735649083820.238,0.16,0.16,1.0,0.9999999852469791,False,False,SPN23F_RS01710,SPN23F_RS01710,HAD-IIA family hydrolase
318271,318271,logistic+PCs,11.741987811396758,4.022628019978928,2.9189842443990797,0.003511739725195489,125742.04322366399,0.14,0.14,1.0,0.02256127125337857,False,True,SPN23F_RS01710,SPN23F_RS01710,HAD-IIA family hydrolase
318399,318399,logistic+PCs,3.584079863504116,1.5594090061212034,2.2983578069867496,0.02154143285204756,36.020198966251655,0.24,0.24,1.0,0.08232163733021543,False,False,SPN23F_RS01710,SPN23F_RS01710,HAD-IIA family hydrolase
319147,319147,logistic+PCs,-1.8254264000735072,2.6167900403835045,-0.6975822943005321,0.48543845757589266,0.1611489155684423,0.17,0.17,1.0,0.5731338238716763,False,False,rfbA,SPN23F_RS01715,glucose-1-phosphate thymidylyltransferase RfbA
319348,319348,logistic+PCs,6.265326622048363,5.729585294950995,1.0935043811232676,0.2741724064714991,526.0133654672064,0.1,0.1,1.0,0.4989589722203148,False,False,SPN23F_RS01720,SPN23F_RS01720,dTDP-4-dehydrorhamnose 3%2C5-epimerase family protein
319360,319360,logistic+PCs,-6.142452933485942,6.607494765637623,-0.9296190388874559,0.3525683662737379,0.0021496442116584404,0.07,0.07,1.0,0.4989589722203148,False,False,SPN23F_RS01720,SPN23F_RS01720,dTDP-4-dehydrorhamnose 3%2C5-epimerase family protein
319424,319424,logistic+PCs,-6.142452933485942,6.607494765637623,-0.9296190388874559,0.3525683662737379,0.0021496442116584404,0.07,0.07,1.0,0.4989589722203148,False,False,SPN23F_RS01720,SPN23F_RS01720,dTDP-4-dehydrorhamnose 3%2C5-epimerase family protein
319431,319431,logistic+PCs,-6.142452933485942,6.607494765637623,-0.9296190388874559,0.3525683662737379,0.0021496442116584404,0.07,0.07,1.0,0.4989589722203148,False,False,SPN23F_RS01720,SPN23F_RS01720,dTDP-4-dehydrorhamnose 3%2C5-epimerase family protein
319531,319531,logistic+PCs,-3.180917986865978,1.0615648371727604,-2.996442492705051,0.0027314975290692314,0.04154749755271181,0.36,0.36,1.0,0.02256127125337857,False,True,SPN23F_RS01720,SPN23F_RS01720,dTDP-4-dehydrorhamnose 3%2C5-epimerase family protein
319564,319564,logistic+PCs,-6.142452933485942,6.607494765637623,-0.9296190388874559,0.3525683662737379,0.0021496442116584404,0.07,0.07,1.0,0.4989589722203148,False,False,SPN23F_RS01720,SPN23F_RS01720,dTDP-4-dehydrorhamnose 3%2C5-epimerase family protein
319676,319676,logistic+PCs,-31.421860816641832,1096941.7053003667,-2.8644968702359473e-05,0.9999771446217308,2.257663627194996e-14,0.16,0.16,1.0,0.9999999852469791,False,False,SPN23F_RS01720,SPN23F_RS01720,dTDP-4-dehydrorhamnose 3%2C5-epimerase family protein
319817,319817,logistic+PCs,-0.08586473230712362,0.5327047496450851,-0.16118634640357732,0.8719466344962183,0.9177183604699541,0.44,0.44,1.0,0.9183353821403103,False,False,SPN23F_RS01720,SPN23F_RS01720,dTDP-4-dehydrorhamnose 3%2C5-epimerase family protein
319838,319838,logistic+PCs,-6.142452933485942,6.607494765637623,-0.9296190388874559,0.3525683662737379,0.0021496442116584404,0.07,0.07,1.0,0.4989589722203148,False,False,SPN23F_RS01720,SPN23F_RS01720,dTDP-4-dehydrorhamnose 3%2C5-epimerase family protein
319841,319841,logistic+PCs,-6.142452933485942,6.607494765637623,-0.9296190388874559,0.3525683662737379,0.0021496442116584404,0.07,0.07,1.0,0.4989589722203148,False,False,SPN23F_RS01720,SPN23F_RS01720,dTDP-4-dehydrorhamnose 3%2C5-epimerase family protein
319856,319856,logistic+PCs,-6.142452933485942,6.607494765637623,-0.9296190388874559,0.3525683662737379,0.0021496442116584404,0.07,0.07,1.0,0.4989589722203148,False,False,SPN23F_RS01720,SPN23F_RS01720,dTDP-4-dehydrorhamnose 3%2C5-epimerase family protein
319976,319976,logistic+PCs,-6.142452933485942,6.607494765637623,-0.9296190388874559,0.3525683662737379,0.0021496442116584404,0.07,0.07,1.0,0.4989589722203148,False,False,SPN23F_RS01720,SPN23F_RS01720,dTDP-4-dehydrorhamnose 3%2C5-epimerase family protein
320201,320201,logistic+PCs,-1.8254264000735072,2.6167900403835045,-0.6975822943005321,0.48543845757589266,0.1611489155684423,0.17,0.17,1.0,0.5731338238716763,False,False,SPN23F_RS01720,SPN23F_RS01720,dTDP-4-dehydrorhamnose 3%2C5-epimerase family protein
320785,320785,logistic+PCs,11.741987811396758,4.022628019978928,2.9189842443990797,0.003511739725195489,125742.04322366399,0.14,0.14,1.0,0.02256127125337857,False,True,rfbB,SPN23F_RS01725,dTDP-glucose 4%2C6-dehydratase
320968,320968,logistic+PCs,3.704935795668967,1.3827472852533558,2.6794019667810267,0.007375379630422042,40.64743749156627,0.22,0.22,1.0,0.041855279402645086,False,True,rfbB,SPN23F_RS01725,dTDP-glucose 4%2C6-dehydratase
321075,321075,logistic+PCs,-2.3386264440483435,0.6234274701824094,-3.751240610818901,0.0001759617345066736,0.09646004054146819,0.31,0.31,0.5991497059952235,0.0037920867468052124,False,True,rfbB,SPN23F_RS01725,dTDP-glucose 4%2C6-dehydratase
321580,321580,logistic+PCs,-1.598085731735838,0.6995751057278521,-2.284366208361799,0.022350017783225196,0.2022833722449714,0.41,0.41,1.0,0.08502995592389027,False,False,rfbD,SPN23F_RS01730,dTDP-4-dehydrorhamnose reductase
322164,322164,logistic+PCs,0.4404284350522874,0.5699318317777724,0.7727738836388052,0.43965621210348904,1.5533725952348638,0.24,0.24,1.0,0.5731338238716763,False,False,rfbD,SPN23F_RS01730,dTDP-4-dehydrorhamnose reductase
322313,322313,logistic+PCs,-6.551941458155456,5.94750914419593,-1.1016278074241181,0.270623514025337,0.001427341782211505,0.09,0.09,1.0,0.4989589722203148,False,False,SPN23F_RS13750,SPN23F_RS13750,IS66 family transposase
322727,322727,logistic+PCs,-6.142452933485942,6.607494765637623,-0.9296190388874559,0.3525683662737379,0.0021496442116584404,0.07,0.07,1.0,0.4989589722203148,False,False,SPN23F_RS13750,SPN23F_RS13750,IS66 family transposase
322770,322770,logistic+PCs,1.073770031872292,2.552160729349266,0.42072978379620907,0.673952409879727,2.92639131802153,0.08,0.08,1.0,0.755367990665066,False,False,SPN23F_RS13750,SPN23F_RS13750,IS66 family transposase
323162,323162,logistic+PCs,-2.028263912294279,0.6617422449798478,-3.0650361642788067,0.0021764367834970727,0.13156372916933481,0.17,0.17,1.0,0.02256127125337857,False,True,SPN23F_RS13750,SPN23F_RS13750,IS66 family transposase
323270,323270,logistic+PCs,1.7028304354900274,0.8291747738242962,2.0536447673586133,0.04001008592485962,5.489462994292935,0.19,0.19,1.0,0.12847693694572238,False,False,SPN23F_RS01745,SPN23F_RS01745,peptide ABC transporter substrate-binding protein
323503,323503,logistic+PCs,-2.8303706911332607,0.9518833937643846,-2.9734426608075166,0.0029447942118855067,0.05899098218187788,0.24,0.24,1.0,0.02256127125337857,False,True,SPN23F_RS01745,SPN23F_RS01745,peptide ABC transporter substrate-binding protein
323980,323980,logistic+PCs,-2.532536299421529,1.445572197143568,-1.7519265412172342,0.07978644007303648,0.0794572371582118,0.26,0.26,1.0,0.2016564803358884,False,False,SPN23F_RS01745,SPN23F_RS01745,peptide ABC transporter substrate-binding protein
324298,324298,logistic+PCs,1.44179207629429,1.242360874834055,1.1605259836332766,0.24583472099336545,4.228266407427321,0.48,0.48,1.0,0.4932629493119678,False,False,SPN23F_RS01745,SPN23F_RS01745,peptide ABC transporter substrate-binding protein
324430,324430,logistic+PCs,2.828429362505875,1.467969038382212,1.926763636393156,0.05400909317024121,16.91886653887299,0.47,0.47,1.0,0.15980099047697158,False,False,SPN23F_RS01745,SPN23F_RS01745,peptide ABC transporter substrate-binding protein
325589,325589,logistic+PCs,11.741987811396758,4.022628019978928,2.9189842443990797,0.003511739725195489,125742.04322366399,0.14,0.14,1.0,0.02256127125337857,False,True,SPN23F_RS01750,SPN23F_RS01750,SpGH101 family endo-alpha-N-acetylgalactosaminidase
325772,325772,logistic+PCs,-3.0829188889333894,1.8850680051390942,-1.6354417350083392,0.10195647946675136,0.04582530227749747,0.19,0.19,1.0,0.2427704983106912,False,False,SPN23F_RS01750,SPN23F_RS01750,SpGH101 family endo-alpha-N-acetylgalactosaminidase
325790,325790,logistic+PCs,-1.2700868232926734,0.63052863061052,-2.0143206218294805,0.04397588224289134,0.2808072401107538,0.3,0.3,1.0,0.13674692149501827,False,False,SPN23F_RS01750,SPN23F_RS01750,SpGH101 family endo-alpha-N-acetylgalactosaminidase
325853,325853,logistic+PCs,-2.885639033673692,0.8415290619222093,-3.4290426370805953,0.0006057143642474705,0.05581910784724858,0.13,0.13,1.0,0.009852188017658409,False,True,SPN23F_RS01750,SPN23F_RS01750,SpGH101 family endo-alpha-N-acetylgalactosaminidase
325967,325967,logistic+PCs,-2.8881827472456627,1.1112273149859184,-2.599092650347838,0.009347054146591144,0.05567730046019323,0.08,0.08,1.0,0.045337207078551066,False,True,SPN23F_RS01750,SPN23F_RS01750,SpGH101 family endo-alpha-N-acetylgalactosaminidase
326174,326174,logistic+PCs,2.2591799607201803,1.1208783378670413,2.015544314130696,0.04384764776372443,9.575233878488287,0.14,0.14,1.0,0.13647279765583334,False,False,SPN23F_RS01750,SPN23F_RS01750,SpGH101 family endo-alpha-N-acetylgalactosaminidase
326261,326261,logistic+PCs,-2.8303706911332607,0.9518833937643846,-2.9734426608075166,0.0029447942118855067,0.05899098218187788,0.24,0.24,1.0,0.02256127125337857,False,True,SPN23F_RS01750,SPN23F_RS01750,SpGH101 family endo-alpha-N-acetylgalactosaminidase
326627,326627,logistic+PCs,2.088222179828355,1.3510397722004472,1.5456407892620763,0.12219134446792776,8.07055440824326,0.11,0.11,1.0,0.2809328345126901,False,False,SPN23F_RS01750,SPN23F_RS01750,SpGH101 family endo-alpha-N-acetylgalactosaminidase
326894,326894,logistic+PCs,11.741987811396758,4.022628019978928,2.9189842443990797,0.003511739725195489,125742.04322366399,0.14,0.14,1.0,0.02256127125337857,False,True,SPN23F_RS01750,SPN23F_RS01750,SpGH101 family endo-alpha-N-acetylgalactosaminidase
326954,326954,logistic+PCs,-2.6165473797367054,0.763534023347075,-3.426890354232869,0.0006105355404428036,0.07305465789310372,0.29,0.29,1.0,0.009852481114728655,False,True,SPN23F_RS01750,SPN23F_RS01750,SpGH101 family endo-alpha-N-acetylgalactosaminidase
327110,327110,logistic+PCs,-0.8019588704370826,1.4516471488523743,-0.5524475221620389,0.5806417792705374,0.44844964840683627,0.16,0.16,1.0,0.6641200061861537,False,False,SPN23F_RS01750,SPN23F_RS01750,SpGH101 family endo-alpha-N-acetylgalactosaminidase
327200,327200,logistic+PCs,-2.978215109737263,1.1267727262759433,-2.6431373783606356,0.00821416996647979,0.05088357445638951,0.15,0.15,1.0,0.045337207078551066,False,True,SPN23F_RS01750,SPN23F_RS01750,SpGH101 family endo-alpha-N-acetylgalactosaminidase
327323,327323,logistic+PCs,1.762875360725168,0.6454170666206659,2.7313739470128873,0.0063070862931335625,5.829174299392279,0.39,0.39,1.0,0.03639937089511827,False,True,SPN23F_RS01750,SPN23F_RS01750,SpGH101 family endo-alpha-N-acetylgalactosaminidase
327383,327383,logistic+PCs,1.349312348068413,1.3904848893730704,0.9703897959486487,0.33185223300072386,3.85477387639193,0.1,0.1,1.0,0.4989589722203148,False,False,SPN23F_RS01750,SPN23F_RS01750,SpGH101 family endo-alpha-N-acetylgalactosaminidase
327401,327401,logistic+PCs,1.132198596118652,0.6524181380228677,1.7353879822375011,0.0826721072763263,3.102470085907554,0.21,0.21,1.0,0.20607505510680166,False,False,SPN23F_RS01750,SPN23F_RS01750,SpGH101 family endo-alpha-N-acetylgalactosaminidase
327446,327446,logistic+PCs,4.062488621885679,2.319686840588039,1.7513090779339167,0.07989268486728736,58.11876689171201,0.17,0.17,1.0,0.2016564803358884,False,False,SPN23F_RS01750,SPN23F_RS01750,SpGH101 family endo-alpha-N-acetylgalactosaminidase
328073,328073,logistic+PCs,-2.73117442954213,0.8429905993856529,-3.2398634475076364,0.0011958695425358585,0.06514273916800768,0.12,0.12,1.0,0.016756937417014808,False,True,SPN23F_RS01750,SPN23F_RS01750,SpGH101 family endo-alpha-N-acetylgalactosaminidase
328228,328228,logistic+PCs,-0.38717958920985446,0.5355618532756845,-0.7229409392056735,0.46971617023264545,0.6789691484439437,0.39,0.39,1.0,0.5731338238716763,False,False,SPN23F_RS01750,SPN23F_RS01750,SpGH101 family endo-alpha-N-acetylgalactosaminidase
328688,328688,logistic+PCs,11.741987811396758,4.022628019978928,2.9189842443990797,0.003511739725195489,125742.04322366399,0.14,0.14,1.0,0.02256127125337857,False,True,SPN23F_RS01750,SPN23F_RS01750,SpGH101 family endo-alpha-N-acetylgalactosaminidase
328928,328928,logistic+PCs,-0.8388952131847773,1.4377561081015584,-0.583475325514333,0.5595733628024753,0.43218773508339037,0.16,0.16,1.0,0.6423962577014256,False,False,SPN23F_RS01750,SPN23F_RS01750,SpGH101 family endo-alpha-N-acetylgalactosaminidase
329045,329045,logistic+PCs,1.709332331149185,1.7415089391981453,0.9815237192731404,0.3263345434737287,5.525271194348724,0.31,0.31,1.0,0.4989589722203148,False,False,SPN23F_RS01750,SPN23F_RS01750,SpGH101 family endo-alpha-N-acetylgalactosaminidase
329240,329240,logistic+PCs,11.741987811396758,4.022628019978928,2.9189842443990797,0.003511739725195489,125742.04322366399,0.14,0.14,1.0,0.02256127125337857,False,True,SPN23F_RS01750,SPN23F_RS01750,SpGH101 family endo-alpha-N-acetylgalactosaminidase
329246,329246,logistic+PCs,11.741987811396758,4.022628019978928,2.9189842443990797,0.003511739725195489,125742.04322366399,0.14,0.14,1.0,0.02256127125337857,False,True,SPN23F_RS01750,SPN23F_RS01750,SpGH101 family endo-alpha-N-acetylgalactosaminidase
329267,329267,logistic+PCs,11.741987811396758,4.022628019978928,2.9189842443990797,0.003511739725195489,125742.04322366399,0.14,0.14,1.0,0.02256127125337857,False,True,SPN23F_RS01750,SPN23F_RS01750,SpGH101 family endo-alpha-N-acetylgalactosaminidase
329351,329351,logistic+PCs,11.741987811396758,4.022628019978928,2.9189842443990797,0.003511739725195489,125742.04322366399,0.14,0.14,1.0,0.02256127125337857,False,True,SPN23F_RS01750,SPN23F_RS01750,SpGH101 family endo-alpha-N-acetylgalactosaminidase
329435,329435,logistic+PCs,11.741987811396758,4.022628019978928,2.9189842443990797,0.003511739725195489,125742.04322366399,0.14,0.14,1.0,0.02256127125337857,False,True,SPN23F_RS01750,SPN23F_RS01750,SpGH101 family endo-alpha-N-acetylgalactosaminidase
329702,329702,logistic+PCs,-2.2943368958296335,0.9766908199795552,-2.3490923114007156,0.018819240506089893,0.10082823072604127,0.22,0.22,1.0,0.07556546453211803,False,False,SPN23F_RS01750,SPN23F_RS01750,SpGH101 family endo-alpha-N-acetylgalactosaminidase
329708,329708,logistic+PCs,-2.0920437068915527,0.8519182524514466,-2.4556859779345843,0.014061597187538096,0.12343461369408339,0.39,0.39,1.0,0.05911078817724348,False,False,SPN23F_RS01750,SPN23F_RS01750,SpGH101 family endo-alpha-N-acetylgalactosaminidase
329732,329732,logistic+PCs,-2.2943368958296335,0.9766908199795552,-2.3490923114007156,0.018819240506089893,0.10082823072604127,0.22,0.22,1.0,0.07556546453211803,False,False,SPN23F_RS01750,SPN23F_RS01750,SpGH101 family endo-alpha-N-acetylgalactosaminidase
329924,329924,logistic+PCs,-2.757552453241079,1.0047348668943084,-2.744557339554491,0.006059256811430354,0.06344686765111317,0.25,0.25,1.0,0.03514781847175529,False,True,SPN23F_RS01750,SPN23F_RS01750,SpGH101 family endo-alpha-N-acetylgalactosaminidase
330152,330152,logistic+PCs,0.24005652310521258,0.776750348561662,0.3090523532428847,0.7572817026540081,1.2713210073016503,0.24,0.24,1.0,0.8225021363754058,False,False,SPN23F_RS01750,SPN23F_RS01750,SpGH101 family endo-alpha-N-acetylgalactosaminidase
330422,330422,logistic+PCs,-0.8388952131847773,1.4377561081015584,-0.583475325514333,0.5595733628024753,0.43218773508339037,0.16,0.16,1.0,0.6423962577014256,False,False,SPN23F_RS01750,SPN23F_RS01750,SpGH101 family endo-alpha-N-acetylgalactosaminidase
330489,330489,logistic+PCs,-1.8254264000735072,2.6167900403835045,-0.6975822943005321,0.48543845757589266,0.1611489155684423,0.17,0.17,1.0,0.5731338238716763,False,False,SPN23F_RS01750,SPN23F_RS01750,SpGH101 family endo-alpha-N-acetylgalactosaminidase
330506,330506,logistic+PCs,-3.0829188889333894,1.8850680051390942,-1.6354417350083392,0.10195647946675136,0.04582530227749747,0.19,0.19,1.0,0.2427704983106912,False,False,SPN23F_RS01750,SPN23F_RS01750,SpGH101 family endo-alpha-N-acetylgalactosaminidase
330569,330569,logistic+PCs,-1.8254264000735072,2.6167900403835045,-0.6975822943005321,0.48543845757589266,0.1611489155684423,0.17,0.17,1.0,0.5731338238716763,False,False,pbp1a,SPN23F_RS01755,penicillin-binding protein PBP1A
330584,330584,logistic+PCs,-1.8254264000735072,2.6167900403835045,-0.6975822943005321,0.48543845757589266,0.1611489155684423,0.17,0.17,1.0,0.5731338238716763,False,False,pbp1a,SPN23F_RS01755,penicillin-binding protein PBP1A
330836,330836,logistic+PCs,3.393818681965408,0.8554899310206818,3.9671053496985706,7.275083983231225e-05,29.77945368226145,0.34,0.34,0.2477166096290232,0.0035548650828014718,False,True,pbp1a,SPN23F_RS01755,penicillin-binding protein PBP1A
331112,331112,logistic+PCs,-1.4525740209122306,1.885006429813014,-0.7705936690392726,0.4409478149374113,0.2339672756830764,0.24,0.24,1.0,0.5731338238716763,False,False,pbp1a,SPN23F_RS01755,penicillin-binding protein PBP1A
331464,331464,logistic+PCs,30.448562235846268,1237884.4122500094,2.4597257978636475e-05,0.9999803742276228,16735649083820.238,0.16,0.16,1.0,0.9999999852469791,False,False,pbp1a,SPN23F_RS01755,penicillin-binding protein PBP1A
331469,331469,logistic+PCs,0.4865188069891127,0.6368601386686371,0.7639335192279194,0.44490686120293343,1.6266436914508446,0.21,0.21,1.0,0.5731338238716763,False,False,pbp1a,SPN23F_RS01755,penicillin-binding protein PBP1A
331763,331763,logistic+PCs,-0.8388952131847773,1.4377561081015584,-0.583475325514333,0.5595733628024753,0.43218773508339037,0.16,0.16,1.0,0.6423962577014256,False,False,pbp1a,SPN23F_RS01755,penicillin-binding protein PBP1A
332243,332243,logistic+PCs,-1.8254264000735072,2.6167900403835045,-0.6975822943005321,0.48543845757589266,0.1611489155684423,0.17,0.17,1.0,0.5731338238716763,False,False,pbp1a,SPN23F_RS01755,penicillin-binding protein PBP1A
332552,332552,logistic+PCs,-1.8254264000735072,2.6167900403835045,-0.6975822943005321,0.48543845757589266,0.1611489155684423,0.17,0.17,1.0,0.5731338238716763,False,False,pbp1a,SPN23F_RS01755,penicillin-binding protein PBP1A
332843,332843,logistic+PCs,1.3729078181607706,0.7139440683441671,1.9229907201903391,0.05448121529268111,3.9468106333246014,0.4,0.4,1.0,0.15980099047697158,False,False,recU,SPN23F_RS01760,Holliday junction resolvase RecU
332966,332966,logistic+PCs,-2.5083049511751976,1.425565039767171,-1.759516318936149,0.07848985092937068,0.08140610968987132,0.26,0.26,1.0,0.2016564803358884,False,False,recU,SPN23F_RS01760,Holliday junction resolvase RecU
333534,333534,logistic+PCs,-0.8212857721919222,1.0957867995257036,-0.7494941283718737,0.4535594363114165,0.43986572363924553,0.18,0.18,1.0,0.5731338238716763,False,False,recU,SPN23F_RS01760,Holliday junction resolvase RecU
333968,333968,logistic+PCs,11.741987811396758,4.022628019978928,2.9189842443990797,0.003511739725195489,125742.04322366399,0.14,0.14,1.0,0.02256127125337857,False,True,SPN23F_RS01765,SPN23F_RS01765,SLOG family protein
334059,334059,logistic+PCs,-0.8388952131847773,1.4377561081015584,-0.583475325514333,0.5595733628024753,0.43218773508339037,0.16,0.16,1.0,0.6423962577014256,False,False,SPN23F_RS01765,SPN23F_RS01765,SLOG family protein
335804,335804,logistic+PCs,-2.101699039154115,1.151099424384889,-1.8258188603275483,0.06787755140815363,0.12224854663621841,0.05,0.05,1.0,0.1795827991800801,False,False,gpsB,SPN23F_RS01770,cell division regulator GpsB
336320,336320,logistic+PCs,-2.101699039154115,1.151099424384889,-1.8258188603275483,0.06787755140815363,0.12224854663621841,0.05,0.05,1.0,0.1795827991800801,False,False,mapZ,SPN23F_RS01785,cell division site-positioning protein MapZ
336332,336332,logistic+PCs,-2.101699039154115,1.151099424384889,-1.8258188603275483,0.06787755140815363,0.12224854663621841,0.05,0.05,1.0,0.1795827991800801,False,False,mapZ,SPN23F_RS01785,cell division site-positioning protein MapZ
336335,336335,logistic+PCs,-2.101699039154115,1.151099424384889,-1.8258188603275483,0.06787755140815363,0.12224854663621841,0.05,0.05,1.0,0.1795827991800801,False,False,mapZ,SPN23F_RS01785,cell division site-positioning protein MapZ
336387,336387,logistic+PCs,-2.101699039154115,1.151099424384889,-1.8258188603275483,0.06787755140815363,0.12224854663621841,0.05,0.05,1.0,0.1795827991800801,False,False,mapZ,SPN23F_RS01785,cell division site-positioning protein MapZ
336464,336464,logistic+PCs,4.982427731731632,1.992546435860485,2.500532806694646,0.012400664695181248,145.82798347760033,0.31,0.31,1.0,0.05288964410811788,False,False,mapZ,SPN23F_RS01785,cell division site-positioning protein MapZ
336509,336509,logistic+PCs,-2.101699039154115,1.151099424384889,-1.8258188603275483,0.06787755140815363,0.12224854663621841,0.05,0.05,1.0,0.1795827991800801,False,False,mapZ,SPN23F_RS01785,cell division site-positioning protein MapZ
336706,336706,logistic+PCs,-2.101699039154115,1.151099424384889,-1.8258188603275483,0.06787755140815363,0.12224854663621841,0.05,0.05,1.0,0.1795827991800801,False,False,mapZ,SPN23F_RS01785,cell division site-positioning protein MapZ
336809,336809,logistic+PCs,-2.101699039154115,1.151099424384889,-1.8258188603275483,0.06787755140815363,0.12224854663621841,0.05,0.05,1.0,0.1795827991800801,False,False,mapZ,SPN23F_RS01785,cell division site-positioning protein MapZ
336851,336851,logistic+PCs,-2.101699039154115,1.151099424384889,-1.8258188603275483,0.06787755140815363,0.12224854663621841,0.05,0.05,1.0,0.1795827991800801,False,False,mapZ,SPN23F_RS01785,cell division site-positioning protein MapZ
336900,336900,logistic+PCs,-2.101699039154115,1.151099424384889,-1.8258188603275483,0.06787755140815363,0.12224854663621841,0.05,0.05,1.0,0.1795827991800801,False,False,mapZ,SPN23F_RS01785,cell division site-positioning protein MapZ
337019,337019,logistic+PCs,8.473861315535846,2.2454437525090754,3.773802530598725,0.00016077803898720313,4787.967675641131,0.45,0.45,0.5474492227514266,0.0035548650828014718,False,True,mapZ,SPN23F_RS01785,cell division site-positioning protein MapZ
337221,337221,logistic+PCs,8.473861315535846,2.2454437525090754,3.773802530598725,0.00016077803898720313,4787.967675641131,0.45,0.45,0.5474492227514266,0.0035548650828014718,False,True,mapZ,SPN23F_RS01785,cell division site-positioning protein MapZ
337518,337518,logistic+PCs,6.925188520405864,2.092558196746285,3.3094365218486286,0.000934839614605225,1017.5860872847468,0.38,0.38,1.0,0.013839690816220832,False,True,mapZ,SPN23F_RS01785,cell division site-positioning protein MapZ
337529,337529,logistic+PCs,6.925188520405864,2.092558196746285,3.3094365218486286,0.000934839614605225,1017.5860872847468,0.38,0.38,1.0,0.013839690816220832,False,True,mapZ,SPN23F_RS01785,cell division site-positioning protein MapZ
337538,337538,logistic+PCs,6.925188520405864,2.092558196746285,3.3094365218486286,0.000934839614605225,1017.5860872847468,0.38,0.38,1.0,0.013839690816220832,False,True,mapZ,SPN23F_RS01785,cell division site-positioning protein MapZ
337547,337547,logistic+PCs,6.925188520405864,2.092558196746285,3.3094365218486286,0.000934839614605225,1017.5860872847468,0.38,0.38,1.0,0.013839690816220832,False,True,mapZ,SPN23F_RS01785,cell division site-positioning protein MapZ
337584,337584,logistic+PCs,-2.8970795804506473,0.6985525304112741,-4.1472608777825,3.364765947201138e-05,0.055184145814917915,0.26,0.26,0.11457028050219875,0.0035548650828014718,False,True,mapZ,SPN23F_RS01785,cell division site-positioning protein MapZ
337589,337589,logistic+PCs,1.0000222634964209,0.7360501031735577,1.3586334125689534,0.17426278190055322,2.718342347590485,0.18,0.18,1.0,0.37721854569064445,False,False,mapZ,SPN23F_RS01785,cell division site-positioning protein MapZ
337600,337600,logistic+PCs,-6.742596455519978,6.373121638104902,-1.0579739158289378,0.29006733444129507,0.0011795804488855706,0.08,0.08,1.0,0.4989589722203148,False,False,mapZ,SPN23F_RS01785,cell division site-positioning protein MapZ
337631,337631,logistic+PCs,2.3391859283674896,1.2663110304271235,1.8472443753241952,0.06471173066231785,10.372788931490753,0.4,0.4,1.0,0.17525478918198242,False,False,mapZ,SPN23F_RS01785,cell division site-positioning protein MapZ
337643,337643,logistic+PCs,-6.142452933485942,6.607494765637623,-0.9296190388874559,0.3525683662737379,0.0021496442116584404,0.07,0.07,1.0,0.4989589722203148,False,False,mapZ,SPN23F_RS01785,cell division site-positioning protein MapZ
337655,337655,logistic+PCs,2.3391859283674896,1.2663110304271235,1.8472443753241952,0.06471173066231785,10.372788931490753,0.4,0.4,1.0,0.17525478918198242,False,False,mapZ,SPN23F_RS01785,cell division site-positioning protein MapZ
338426,338426,logistic+PCs,-2.101699039154115,1.151099424384889,-1.8258188603275483,0.06787755140815363,0.12224854663621841,0.05,0.05,1.0,0.1795827991800801,False,False,gndA,SPN23F_RS01790,NADP-dependent phosphogluconate dehydrogenase
338525,338525,logistic+PCs,-2.101699039154115,1.151099424384889,-1.8258188603275483,0.06787755140815363,0.12224854663621841,0.05,0.05,1.0,0.1795827991800801,False,False,gndA,SPN23F_RS01790,NADP-dependent phosphogluconate dehydrogenase
338639,338639,logistic+PCs,3.584079863504116,1.5594090061212034,2.2983578069867496,0.02154143285204756,36.020198966251655,0.24,0.24,1.0,0.08232163733021543,False,False,gndA,SPN23F_RS01790,NADP-dependent phosphogluconate dehydrogenase
338824,338824,logistic+PCs,1.0000222634964209,0.7360501031735577,1.3586334125689534,0.17426278190055322,2.718342347590485,0.18,0.18,1.0,0.37721854569064445,False,False,gndA,SPN23F_RS01790,NADP-dependent phosphogluconate dehydrogenase
338867,338867,logistic+PCs,1.3320519638469763,1.4958682456513777,0.8904874929455653,0.3732041811827612,3.7888099174981194,0.2,0.2,1.0,0.5167792748789353,False,False,gndA,SPN23F_RS01790,NADP-dependent phosphogluconate dehydrogenase
338894,338894,logistic+PCs,3.584079863504116,1.5594090061212034,2.2983578069867496,0.02154143285204756,36.020198966251655,0.24,0.24,1.0,0.08232163733021543,False,False,gndA,SPN23F_RS01790,NADP-dependent phosphogluconate dehydrogenase
339065,339065,logistic+PCs,2.3391859283674896,1.2663110304271235,1.8472443753241952,0.06471173066231785,10.372788931490753,0.4,0.4,1.0,0.17525478918198242,False,False,gndA,SPN23F_RS01790,NADP-dependent phosphogluconate dehydrogenase
339191,339191,logistic+PCs,2.3391859283674896,1.2663110304271235,1.8472443753241952,0.06471173066231785,10.372788931490753,0.4,0.4,1.0,0.17525478918198242,False,False,gndA,SPN23F_RS01790,NADP-dependent phosphogluconate dehydrogenase
339572,339572,logistic+PCs,2.9835416554418557,1.0778110632304996,2.768149035786802,0.005637566889033605,19.757667728943073,0.2,0.2,1.0,0.03325562522898409,False,True,SPN23F_RS01795,SPN23F_RS01795,response regulator transcription factor
339605,339605,logistic+PCs,2.121409388722495,0.6529046662216814,3.249187053599967,0.0011573534610088425,8.342887577185198,0.49,0.49,1.0,0.016756937417014808,False,True,SPN23F_RS01795,SPN23F_RS01795,response regulator transcription factor
339634,339634,logistic+PCs,1.8285257785787123,0.9591542241578878,1.9063939171868944,0.056599117331931785,6.2247033000899075,0.07,0.07,1.0,0.15980099047697158,False,False,SPN23F_RS01795,SPN23F_RS01795,response regulator transcription factor
341743,341743,logistic+PCs,-0.1653855630044624,0.5420058832957021,-0.3051361029493346,0.7602624953614605,0.8475668506592471,0.36,0.36,1.0,0.8249502220222349,False,False,SPN23F_RS01805,SPN23F_RS01805,MFS transporter
341844,341844,logistic+PCs,-0.9299993547086326,0.5974908221640135,-1.5565081842434465,0.11958729803980378,0.39455396497378653,0.34,0.34,1.0,0.27870961658147286,False,False,SPN23F_RS01805,SPN23F_RS01805,MFS transporter
342059,342059,logistic+PCs,-0.0022878408021801177,0.7753823049801275,-0.0029505971280048148,0.9976457675224167,0.997714774310887,0.08,0.08,1.0,0.9999999852469791,False,False,SPN23F_RS01805,SPN23F_RS01805,MFS transporter
342062,342062,logistic+PCs,-1.8254264000735072,2.6167900403835045,-0.6975822943005321,0.48543845757589266,0.1611489155684423,0.17,0.17,1.0,0.5731338238716763,False,False,SPN23F_RS01805,SPN23F_RS01805,MFS transporter
342075,342075,logistic+PCs,2.6189781600629405,0.7119171519290236,3.678768172625859,0.0002343631766793447,13.72169504283731,0.48,0.48,0.7980066165931687,0.004596553507618834,False,True,SPN23F_RS01805,SPN23F_RS01805,MFS transporter
342158,342158,logistic+PCs,11.741987811396758,4.022628019978928,2.9189842443990797,0.003511739725195489,125742.04322366399,0.14,0.14,1.0,0.02256127125337857,False,True,SPN23F_RS01805,SPN23F_RS01805,MFS transporter
342175,342175,logistic+PCs,-6.142452933485942,6.607494765637623,-0.9296190388874559,0.3525683662737379,0.0021496442116584404,0.07,0.07,1.0,0.4989589722203148,False,False,SPN23F_RS01805,SPN23F_RS01805,MFS transporter
342404,342404,logistic+PCs,-0.8330092019542061,1.0256839342352588,-0.8121499948961282,0.4167055687146335,0.4347390982559286,0.4,0.4,1.0,0.5686903653199707,False,False,SPN23F_RS01805,SPN23F_RS01805,MFS transporter
342801,342801,logistic+PCs,-6.142452933485942,6.607494765637623,-0.9296190388874559,0.3525683662737379,0.0021496442116584404,0.07,0.07,1.0,0.4989589722203148,False,False,SPN23F_RS12810,SPN23F_RS12810,lanthionine synthetase LanC family protein
342803,342803,logistic+PCs,-1.4525740209122306,1.885006429813014,-0.7705936690392726,0.4409478149374113,0.2339672756830764,0.24,0.24,1.0,0.5731338238716763,False,False,SPN23F_RS12810,SPN23F_RS12810,lanthionine synthetase LanC family protein
342919,342919,logistic+PCs,-6.142452933485942,6.607494765637623,-0.9296190388874559,0.3525683662737379,0.0021496442116584404,0.07,0.07,1.0,0.4989589722203148,False,False,SPN23F_RS12810,SPN23F_RS12810,lanthionine synthetase LanC family protein
343330,343330,logistic+PCs,-6.142452933485942,6.607494765637623,-0.9296190388874559,0.3525683662737379,0.0021496442116584404,0.07,0.07,1.0,0.4989589722203148,False,False,SPN23F_RS12810,SPN23F_RS12810,lanthionine synthetase LanC family protein
343529,343529,logistic+PCs,2.43738439575313,0.8491173515979148,2.870491800887508,0.004098338252775826,11.443071020256442,0.5,0.5,1.0,0.02560521422147099,False,True,SPN23F_RS12810,SPN23F_RS12810,lanthionine synthetase LanC family protein
343595,343595,logistic+PCs,1.3320519638469763,1.4958682456513777,0.8904874929455653,0.3732041811827612,3.7888099174981194,0.2,0.2,1.0,0.5167792748789353,False,False,SPN23F_RS12815,SPN23F_RS12815,lanthionine synthetase LanC family protein
343613,343613,logistic+PCs,-6.142452933485942,6.607494765637623,-0.9296190388874559,0.3525683662737379,0.0021496442116584404,0.07,0.07,1.0,0.4989589722203148,False,False,SPN23F_RS12815,SPN23F_RS12815,lanthionine synthetase LanC family protein
343775,343775,logistic+PCs,-0.3640726450547573,0.9203222721630941,-0.3955925615046274,0.6924056254586486,0.6948407161675498,0.39,0.39,1.0,0.7683950011605347,False,False,SPN23F_RS12815,SPN23F_RS12815,lanthionine synthetase LanC family protein
343880,343880,logistic+PCs,-0.24076281247104822,0.5790144375114904,-0.41581486897944636,0.6775454776495867,0.786028040328513,0.27,0.27,1.0,0.7588955103279088,False,False,SPN23F_RS12815,SPN23F_RS12815,lanthionine synthetase LanC family protein
344015,344015,logistic+PCs,0.05407275900781523,0.5403039753100294,0.10007840304485635,0.9202820811132421,1.0555614009613656,0.46,0.46,1.0,0.9573970321388907,False,False,SPN23F_RS14065,SPN23F_RS14065,transposase
344276,344276,logistic+PCs,-0.35076956370306545,0.757208119620653,-0.4632406264724081,0.6431918986647478,0.7041459959574782,0.3,0.3,1.0,0.7263908507308345,False,False,SPN23F_RS14065,SPN23F_RS14065,transposase
344285,344285,logistic+PCs,0.29706297302809104,0.5740125086883886,0.5175200340265689,0.6047931874679184,1.3459000521812952,0.45,0.45,1.0,0.6868981999093603,False,False,SPN23F_RS14065,SPN23F_RS14065,transposase
344405,344405,logistic+PCs,0.06400945925693854,0.5964086561283933,0.10732483272871672,0.9145312846513209,1.0661024832511212,0.24,0.24,1.0,0.9519960330901094,False,False,SPN23F_RS14065,SPN23F_RS14065,transposase
344478,344478,logistic+PCs,-2.8881827472456627,1.1112273149859184,-2.599092650347838,0.009347054146591144,0.05567730046019323,0.08,0.08,1.0,0.045337207078551066,False,True,SPN23F_RS14065,SPN23F_RS14065,transposase
344491,344491,logistic+PCs,-2.8881827472456627,1.1112273149859184,-2.599092650347838,0.009347054146591144,0.05567730046019323,0.08,0.08,1.0,0.045337207078551066,False,True,SPN23F_RS14065,SPN23F_RS14065,transposase
344541,344541,logistic+PCs,-2.8881827472456627,1.1112273149859184,-2.599092650347838,0.009347054146591144,0.05567730046019323,0.08,0.08,1.0,0.045337207078551066,False,True,SPN23F_RS14065,SPN23F_RS14065,transposase
344577,344577,logistic+PCs,2.307786095173085,0.7342933696064141,3.1428665853405064,0.0016730207540814363,10.052145508696116,0.39,0.39,1.0,0.021742884227661415,False,True,SPN23F_RS14065,SPN23F_RS14065,transposase
344604,344604,logistic+PCs,1.8285257785787123,0.9591542241578878,1.9063939171868944,0.056599117331931785,6.2247033000899075,0.07,0.07,1.0,0.15980099047697158,False,False,SPN23F_RS14065,SPN23F_RS14065,transposase
344618,344618,logistic+PCs,-6.551941458155456,5.94750914419593,-1.1016278074241181,0.270623514025337,0.001427341782211505,0.09,0.09,1.0,0.4989589722203148,False,False,SPN23F_RS14065,SPN23F_RS14065,transposase
344631,344631,logistic+PCs,-1.621377737436733,0.6641433893157596,-2.441306747187793,0.014634218490850384,0.1976262343727211,0.32,0.32,1.0,0.060990837161989664,False,False,SPN23F_RS14065,SPN23F_RS14065,transposase
344728,344728,logistic+PCs,2.4720905601018557,0.7670471374662691,3.2228665480295415,0.0012691466790741284,11.847188240009512,0.38,0.38,1.0,0.017216910128475725,False,True,SPN23F_RS14065,SPN23F_RS14065,transposase
344880,344880,logistic+PCs,-6.142452933485942,6.607494765637623,-0.9296190388874559,0.3525683662737379,0.0021496442116584404,0.07,0.07,1.0,0.4989589722203148,False,False,mvk,SPN23F_RS01820,mevalonate kinase
344900,344900,logistic+PCs,-6.142452933485942,6.607494765637623,-0.9296190388874559,0.3525683662737379,0.0021496442116584404,0.07,0.07,1.0,0.4989589722203148,False,False,mvk,SPN23F_RS01820,mevalonate kinase
344952,344952,logistic+PCs,0.5921778683392019,0.9478971569291404,0.6247279718167462,0.532149611337546,1.8079215460177585,0.26,0.26,1.0,0.6214446709492288,False,False,mvk,SPN23F_RS01820,mevalonate kinase
345059,345059,logistic+PCs,-2.172046292238712,0.7364051639293496,-2.9495261557496315,0.0031826163240740277,0.11394421502519464,0.34,0.34,1.0,0.02256127125337857,False,True,mvk,SPN23F_RS01820,mevalonate kinase
345092,345092,logistic+PCs,-2.6323450047574974,0.7468669563593744,-3.5245166255432467,0.00042425619044352,0.07190963592851876,0.36,0.36,1.0,0.007332955982031398,False,True,mvk,SPN23F_RS01820,mevalonate kinase
345113,345113,logistic+PCs,0.4865188069891127,0.6368601386686371,0.7639335192279194,0.44490686120293343,1.6266436914508446,0.21,0.21,1.0,0.5731338238716763,False,False,mvk,SPN23F_RS01820,mevalonate kinase
345696,345696,logistic+PCs,-6.142452933485942,6.607494765637623,-0.9296190388874559,0.3525683662737379,0.0021496442116584404,0.07,0.07,1.0,0.4989589722203148,False,False,mvk,SPN23F_RS01820,mevalonate kinase
345834,345834,logistic+PCs,-2.73117442954213,0.8429905993856529,-3.2398634475076364,0.0011958695425358585,0.06514273916800768,0.12,0.12,1.0,0.016756937417014808,False,True,mvaD,SPN23F_RS01825,diphosphomevalonate decarboxylase
346202,346202,logistic+PCs,30.448562235846268,1237884.4122500094,2.4597257978636475e-05,0.9999803742276228,16735649083820.238,0.16,0.16,1.0,0.9999999852469791,False,False,mvaD,SPN23F_RS01825,diphosphomevalonate decarboxylase
346270,346270,logistic+PCs,-1.8254264000735072,2.6167900403835045,-0.6975822943005321,0.48543845757589266,0.1611489155684423,0.17,0.17,1.0,0.5731338238716763,False,False,mvaD,SPN23F_RS01825,diphosphomevalonate decarboxylase
346407,346407,logistic+PCs,-6.142452933485942,6.607494765637623,-0.9296190388874559,0.3525683662737379,0.0021496442116584404,0.07,0.07,1.0,0.4989589722203148,False,False,mvaD,SPN23F_RS01825,diphosphomevalonate decarboxylase
346449,346449,logistic+PCs,-6.142452933485942,6.607494765637623,-0.9296190388874559,0.3525683662737379,0.0021496442116584404,0.07,0.07,1.0,0.4989589722203148,False,False,mvaD,SPN23F_RS01825,diphosphomevalonate decarboxylase
346585,346585,logistic+PCs,3.2558604219389293,1.4587856241679409,2.2318977977288474,0.025621718484419635,25.941925936226188,0.13,0.13,1.0,0.09262792350609132,False,False,mvaD,SPN23F_RS01825,diphosphomevalonate decarboxylase
346632,346632,logistic+PCs,-6.142452933485942,6.607494765637623,-0.9296190388874559,0.3525683662737379,0.0021496442116584404,0.07,0.07,1.0,0.4989589722203148,False,False,mvaD,SPN23F_RS01825,diphosphomevalonate decarboxylase
346635,346635,logistic+PCs,-6.142452933485942,6.607494765637623,-0.9296190388874559,0.3525683662737379,0.0021496442116584404,0.07,0.07,1.0,0.4989589722203148,False,False,mvaD,SPN23F_RS01825,diphosphomevalonate decarboxylase
346641,346641,logistic+PCs,11.741987811396758,4.022628019978928,2.9189842443990797,0.003511739725195489,125742.04322366399,0.14,0.14,1.0,0.02256127125337857,False,True,mvaD,SPN23F_RS01825,diphosphomevalonate decarboxylase
346740,346740,logistic+PCs,-6.142452933485942,6.607494765637623,-0.9296190388874559,0.3525683662737379,0.0021496442116584404,0.07,0.07,1.0,0.4989589722203148,False,False,mvaD,SPN23F_RS01825,diphosphomevalonate decarboxylase
346788,346788,logistic+PCs,-6.142452933485942,6.607494765637623,-0.9296190388874559,0.3525683662737379,0.0021496442116584404,0.07,0.07,1.0,0.4989589722203148,False,False,SPN23F_RS01830,SPN23F_RS01830,phosphomevalonate kinase
346920,346920,logistic+PCs,-6.142452933485942,6.607494765637623,-0.9296190388874559,0.3525683662737379,0.0021496442116584404,0.07,0.07,1.0,0.4989589722203148,False,False,SPN23F_RS01830,SPN23F_RS01830,phosphomevalonate kinase
346953,346953,logistic+PCs,-6.142452933485942,6.607494765637623,-0.9296190388874559,0.3525683662737379,0.0021496442116584404,0.07,0.07,1.0,0.4989589722203148,False,False,SPN23F_RS01830,SPN23F_RS01830,phosphomevalonate kinase
347124,347124,logistic+PCs,-6.142452933485942,6.607494765637623,-0.9296190388874559,0.3525683662737379,0.0021496442116584404,0.07,0.07,1.0,0.4989589722203148,False,False,SPN23F_RS01830,SPN23F_RS01830,phosphomevalonate kinase
347229,347229,logistic+PCs,-6.142452933485942,6.607494765637623,-0.9296190388874559,0.3525683662737379,0.0021496442116584404,0.07,0.07,1.0,0.4989589722203148,False,False,SPN23F_RS01830,SPN23F_RS01830,phosphomevalonate kinase
347235,347235,logistic+PCs,-6.142452933485942,6.607494765637623,-0.9296190388874559,0.3525683662737379,0.0021496442116584404,0.07,0.07,1.0,0.4989589722203148,False,False,SPN23F_RS01830,SPN23F_RS01830,phosphomevalonate kinase
347319,347319,logistic+PCs,-6.142452933485942,6.607494765637623,-0.9296190388874559,0.3525683662737379,0.0021496442116584404,0.07,0.07,1.0,0.4989589722203148,False,False,SPN23F_RS01830,SPN23F_RS01830,phosphomevalonate kinase
347323,347323,logistic+PCs,-6.142452933485942,6.607494765637623,-0.9296190388874559,0.3525683662737379,0.0021496442116584404,0.07,0.07,1.0,0.4989589722203148,False,False,SPN23F_RS01830,SPN23F_RS01830,phosphomevalonate kinase
347355,347355,logistic+PCs,6.265326622048363,5.729585294950995,1.0935043811232676,0.2741724064714991,526.0133654672064,0.1,0.1,1.0,0.4989589722203148,False,False,SPN23F_RS01830,SPN23F_RS01830,phosphomevalonate kinase
347474,347474,logistic+PCs,-6.142452933485942,6.607494765637623,-0.9296190388874559,0.3525683662737379,0.0021496442116584404,0.07,0.07,1.0,0.4989589722203148,False,False,SPN23F_RS01830,SPN23F_RS01830,phosphomevalonate kinase
347481,347481,logistic+PCs,1.349312348068413,1.3904848893730704,0.9703897959486487,0.33185223300072386,3.85477387639193,0.1,0.1,1.0,0.4989589722203148,False,False,SPN23F_RS01830,SPN23F_RS01830,phosphomevalonate kinase
347552,347552,logistic+PCs,-6.142452933485942,6.607494765637623,-0.9296190388874559,0.3525683662737379,0.0021496442116584404,0.07,0.07,1.0,0.4989589722203148,False,False,SPN23F_RS01830,SPN23F_RS01830,phosphomevalonate kinase
347575,347575,logistic+PCs,-6.142452933485942,6.607494765637623,-0.9296190388874559,0.3525683662737379,0.0021496442116584404,0.07,0.07,1.0,0.4989589722203148,False,False,SPN23F_RS01830,SPN23F_RS01830,phosphomevalonate kinase
347602,347602,logistic+PCs,-6.142452933485942,6.607494765637623,-0.9296190388874559,0.3525683662737379,0.0021496442116584404,0.07,0.07,1.0,0.4989589722203148,False,False,SPN23F_RS01830,SPN23F_RS01830,phosphomevalonate kinase
347703,347703,logistic+PCs,-6.142452933485942,6.607494765637623,-0.9296190388874559,0.3525683662737379,0.0021496442116584404,0.07,0.07,1.0,0.4989589722203148,False,False,SPN23F_RS01830,SPN23F_RS01830,phosphomevalonate kinase
347720,347720,logistic+PCs,-6.142452933485942,6.607494765637623,-0.9296190388874559,0.3525683662737379,0.0021496442116584404,0.07,0.07,1.0,0.4989589722203148,False,False,SPN23F_RS01830,SPN23F_RS01830,phosphomevalonate kinase
347774,347774,logistic+PCs,3.0124482471332406,0.9419456137823328,3.1981127180335966,0.001383301992107536,20.337129344062856,0.3,0.3,1.0,0.01861716712698087,False,True,SPN23F_RS01830,SPN23F_RS01830,phosphomevalonate kinase
347795,347795,fisher,inf,,,0.0011868393451716574,,0.1,0.1,1.0,0.016756937417014808,False,True,SPN23F_RS01830,SPN23F_RS01830,phosphomevalonate kinase
347813,347813,logistic+PCs,-6.142452933485942,6.607494765637623,-0.9296190388874559,0.3525683662737379,0.0021496442116584404,0.07,0.07,1.0,0.4989589722203148,False,False,fni,SPN23F_RS01835,type 2 isopentenyl-diphosphate Delta-isomerase
347819,347819,logistic+PCs,-6.142452933485942,6.607494765637623,-0.9296190388874559,0.3525683662737379,0.0021496442116584404,0.07,0.07,1.0,0.4989589722203148,False,False,fni,SPN23F_RS01835,type 2 isopentenyl-diphosphate Delta-isomerase
347966,347966,logistic+PCs,-6.142452933485942,6.607494765637623,-0.9296190388874559,0.3525683662737379,0.0021496442116584404,0.07,0.07,1.0,0.4989589722203148,False,False,fni,SPN23F_RS01835,type 2 isopentenyl-diphosphate Delta-isomerase
348161,348161,logistic+PCs,-6.142452933485942,6.607494765637623,-0.9296190388874559,0.3525683662737379,0.0021496442116584404,0.07,0.07,1.0,0.4989589722203148,False,False,fni,SPN23F_RS01835,type 2 isopentenyl-diphosphate Delta-isomerase
348191,348191,logistic+PCs,-6.142452933485942,6.607494765637623,-0.9296190388874559,0.3525683662737379,0.0021496442116584404,0.07,0.07,1.0,0.4989589722203148,False,False,fni,SPN23F_RS01835,type 2 isopentenyl-diphosphate Delta-isomerase
348365,348365,logistic+PCs,-6.142452933485942,6.607494765637623,-0.9296190388874559,0.3525683662737379,0.0021496442116584404,0.07,0.07,1.0,0.4989589722203148,False,False,fni,SPN23F_RS01835,type 2 isopentenyl-diphosphate Delta-isomerase
348431,348431,logistic+PCs,0.5652387827447425,0.6574133664013698,0.8597920450550254,0.3899036851087401,1.7598679586559896,0.26,0.26,1.0,0.5370639351922573,False,False,fni,SPN23F_RS01835,type 2 isopentenyl-diphosphate Delta-isomerase
348524,348524,logistic+PCs,-6.142452933485942,6.607494765637623,-0.9296190388874559,0.3525683662737379,0.0021496442116584404,0.07,0.07,1.0,0.4989589722203148,False,False,fni,SPN23F_RS01835,type 2 isopentenyl-diphosphate Delta-isomerase
348722,348722,logistic+PCs,-6.142452933485942,6.607494765637623,-0.9296190388874559,0.3525683662737379,0.0021496442116584404,0.07,0.07,1.0,0.4989589722203148,False,False,liaF,SPN23F_RS01840,cell wall-active antibiotics response protein LiaF
348740,348740,logistic+PCs,-6.142452933485942,6.607494765637623,-0.9296190388874559,0.3525683662737379,0.0021496442116584404,0.07,0.07,1.0,0.4989589722203148,False,False,liaF,SPN23F_RS01840,cell wall-active antibiotics response protein LiaF
348748,348748,logistic+PCs,-6.142452933485942,6.607494765637623,-0.9296190388874559,0.3525683662737379,0.0021496442116584404,0.07,0.07,1.0,0.4989589722203148,False,False,liaF,SPN23F_RS01840,cell wall-active antibiotics response protein LiaF
348798,348798,logistic+PCs,-1.4525740209122306,1.885006429813014,-0.7705936690392726,0.4409478149374113,0.2339672756830764,0.24,0.24,1.0,0.5731338238716763,False,False,liaF,SPN23F_RS01840,cell wall-active antibiotics response protein LiaF
348896,348896,logistic+PCs,-6.142452933485942,6.607494765637623,-0.9296190388874559,0.3525683662737379,0.0021496442116584404,0.07,0.07,1.0,0.4989589722203148,False,False,liaF,SPN23F_RS01840,cell wall-active antibiotics response protein LiaF
348932,348932,logistic+PCs,-6.142452933485942,6.607494765637623,-0.9296190388874559,0.3525683662737379,0.0021496442116584404,0.07,0.07,1.0,0.4989589722203148,False,False,liaF,SPN23F_RS01840,cell wall-active antibiotics response protein LiaF
348950,348950,logistic+PCs,1.2635952928847347,1.120658379004316,1.1275472673549414,0.25951116765972093,3.5381192225153035,0.34,0.34,1.0,0.4989589722203148,False,False,liaF,SPN23F_RS01840,cell wall-active antibiotics response protein LiaF
348974,348974,logistic+PCs,-6.142452933485942,6.607494765637623,-0.9296190388874559,0.3525683662737379,0.0021496442116584404,0.07,0.07,1.0,0.4989589722203148,False,False,liaF,SPN23F_RS01840,cell wall-active antibiotics response protein LiaF
349040,349040,logistic+PCs,-6.142452933485942,6.607494765637623,-0.9296190388874559,0.3525683662737379,0.0021496442116584404,0.07,0.07,1.0,0.4989589722203148,False,False,liaF,SPN23F_RS01840,cell wall-active antibiotics response protein LiaF
349046,349046,logistic+PCs,-6.142452933485942,6.607494765637623,-0.9296190388874559,0.3525683662737379,0.0021496442116584404,0.07,0.07,1.0,0.4989589722203148,False,False,liaF,SPN23F_RS01840,cell wall-active antibiotics response protein LiaF
349148,349148,logistic+PCs,-6.142452933485942,6.607494765637623,-0.9296190388874559,0.3525683662737379,0.0021496442116584404,0.07,0.07,1.0,0.4989589722203148,False,False,liaF,SPN23F_RS01840,cell wall-active antibiotics response protein LiaF
349157,349157,logistic+PCs,-6.142452933485942,6.607494765637623,-0.9296190388874559,0.3525683662737379,0.0021496442116584404,0.07,0.07,1.0,0.4989589722203148,False,False,liaF,SPN23F_RS01840,cell wall-active antibiotics response protein LiaF
349160,349160,logistic+PCs,0.8209707056028276,0.9914837032706274,0.828022389974414,0.4076578199617813,2.2727048945033492,0.13,0.13,1.0,0.557459789947737,False,False,liaF,SPN23F_RS01840,cell wall-active antibiotics response protein LiaF
349196,349196,logistic+PCs,-6.142452933485942,6.607494765637623,-0.9296190388874559,0.3525683662737379,0.0021496442116584404,0.07,0.07,1.0,0.4989589722203148,False,False,liaF,SPN23F_RS01840,cell wall-active antibiotics response protein LiaF
349223,349223,logistic+PCs,-6.142452933485942,6.607494765637623,-0.9296190388874559,0.3525683662737379,0.0021496442116584404,0.07,0.07,1.0,0.4989589722203148,False,False,liaF,SPN23F_RS01840,cell wall-active antibiotics response protein LiaF
349319,349319,logistic+PCs,-6.142452933485942,6.607494765637623,-0.9296190388874559,0.3525683662737379,0.0021496442116584404,0.07,0.07,1.0,0.4989589722203148,False,False,liaF,SPN23F_RS01840,cell wall-active antibiotics response protein LiaF
349325,349325,logistic+PCs,-6.142452933485942,6.607494765637623,-0.9296190388874559,0.3525683662737379,0.0021496442116584404,0.07,0.07,1.0,0.4989589722203148,False,False,liaF,SPN23F_RS01840,cell wall-active antibiotics response protein LiaF
349415,349415,logistic+PCs,-6.142452933485942,6.607494765637623,-0.9296190388874559,0.3525683662737379,0.0021496442116584404,0.07,0.07,1.0,0.4989589722203148,False,False,liaF,SPN23F_RS01840,cell wall-active antibiotics response protein LiaF
349417,349417,logistic+PCs,-6.142452933485942,6.607494765637623,-0.9296190388874559,0.3525683662737379,0.0021496442116584404,0.07,0.07,1.0,0.4989589722203148,False,False,liaF,SPN23F_RS01840,cell wall-active antibiotics response protein LiaF
349418,349418,logistic+PCs,-6.142452933485942,6.607494765637623,-0.9296190388874559,0.3525683662737379,0.0021496442116584404,0.07,0.07,1.0,0.4989589722203148,False,False,liaF,SPN23F_RS01840,cell wall-active antibiotics response protein LiaF
349715,349715,logistic+PCs,1.9653478353131713,0.66969983003063,2.934669753795939,0.003339028554376164,7.137394796388152,0.4,0.4,1.0,0.02256127125337857,False,True,SPN23F_RS01845,SPN23F_RS01845,envelope stress sensor histidine kinase LiaS
349748,349748,logistic+PCs,-31.421860816641832,1096941.7053003667,-2.8644968702359473e-05,0.9999771446217308,2.257663627194996e-14,0.16,0.16,1.0,0.9999999852469791,False,False,SPN23F_RS01845,SPN23F_RS01845,envelope stress sensor histidine kinase LiaS
349781,349781,logistic+PCs,-6.142452933485942,6.607494765637623,-0.9296190388874559,0.3525683662737379,0.0021496442116584404,0.07,0.07,1.0,0.4989589722203148,False,False,SPN23F_RS01845,SPN23F_RS01845,envelope stress sensor histidine kinase LiaS
350779,350779,logistic+PCs,-2.697944213241928,2.103307380260106,-1.2827151364382536,0.1995918949441553,0.06734381505423451,0.18,0.18,1.0,0.4187371548273868,False,False,SPN23F_RS01850,SPN23F_RS01850,response regulator transcription factor
350796,350796,logistic+PCs,-2.697944213241928,2.103307380260106,-1.2827151364382536,0.1995918949441553,0.06734381505423451,0.18,0.18,1.0,0.4187371548273868,False,False,SPN23F_RS01850,SPN23F_RS01850,response regulator transcription factor
351986,351986,logistic+PCs,11.741987811396758,4.022628019978928,2.9189842443990797,0.003511739725195489,125742.04322366399,0.14,0.14,1.0,0.02256127125337857,False,True,SPN23F_RS01870,SPN23F_RS01870,hypothetical protein
352275,352275,logistic+PCs,2.2591799607201803,1.1208783378670413,2.015544314130696,0.04384764776372443,9.575233878488287,0.14,0.14,1.0,0.13647279765583334,False,False,SPN23F_RS01870,SPN23F_RS01870,hypothetical protein
352345,352345,logistic+PCs,1.0000222634964209,0.7360501031735577,1.3586334125689534,0.17426278190055322,2.718342347590485,0.18,0.18,1.0,0.37721854569064445,False,False,cbpG,SPN23F_RS01875,choline-binding protein CbpG
352360,352360,logistic+PCs,0.17642100263676738,1.0136220429445884,0.17405008490567306,0.8618261008176871,1.1929401839081553,0.34,0.34,1.0,0.9144955360611808,False,False,cbpG,SPN23F_RS01875,choline-binding protein CbpG
352440,352440,logistic+PCs,-6.142452933485942,6.607494765637623,-0.9296190388874559,0.3525683662737379,0.0021496442116584404,0.07,0.07,1.0,0.4989589722203148,False,False,cbpG,SPN23F_RS01875,choline-binding protein CbpG
352728,352728,logistic+PCs,-6.142452933485942,6.607494765637623,-0.9296190388874559,0.3525683662737379,0.0021496442116584404,0.07,0.07,1.0,0.4989589722203148,False,False,cbpG,SPN23F_RS01875,choline-binding protein CbpG
353302,353302,logistic+PCs,1.2091345702159069,0.7070188038489408,1.7101872872878305,0.08723124575279483,3.350583702515549,0.32,0.32,1.0,0.2129324567899366,False,False,cbpG,SPN23F_RS01875,choline-binding protein CbpG
353350,353350,logistic+PCs,3.584079863504116,1.5594090061212034,2.2983578069867496,0.02154143285204756,36.020198966251655,0.24,0.24,1.0,0.08232163733021543,False,False,cbpG,SPN23F_RS01875,choline-binding protein CbpG
353725,353725,logistic+PCs,-2.8881827472456627,1.1112273149859184,-2.599092650347838,0.009347054146591144,0.05567730046019323,0.08,0.08,1.0,0.045337207078551066,False,True,cbpF,SPN23F_RS01880,choline-binding protein CbpF
353944,353944,logistic+PCs,-1.6736994366504394,0.7504669267275743,-2.230210788833345,0.025733452350142582,0.18755194411657908,0.1,0.1,1.0,0.09262792350609132,False,False,cbpF,SPN23F_RS01880,choline-binding protein CbpF
353980,353980,logistic+PCs,-1.6736994366504394,0.7504669267275743,-2.230210788833345,0.025733452350142582,0.18755194411657908,0.1,0.1,1.0,0.09262792350609132,False,False,cbpF,SPN23F_RS01880,choline-binding protein CbpF
354010,354010,logistic+PCs,1.7885864445156399,0.7887711314628021,2.2675607323491254,0.023355993328284648,5.980992024062027,0.44,0.44,1.0,0.0868200407017568,False,False,cbpF,SPN23F_RS01880,choline-binding protein CbpF
354014,354014,logistic+PCs,-1.6736994366504394,0.7504669267275743,-2.230210788833345,0.025733452350142582,0.18755194411657908,0.1,0.1,1.0,0.09262792350609132,False,False,cbpF,SPN23F_RS01880,choline-binding protein CbpF
354031,354031,logistic+PCs,-1.6736994366504394,0.7504669267275743,-2.230210788833345,0.025733452350142582,0.18755194411657908,0.1,0.1,1.0,0.09262792350609132,False,False,cbpF,SPN23F_RS01880,choline-binding protein CbpF
354118,354118,logistic+PCs,-6.142452933485942,6.607494765637623,-0.9296190388874559,0.3525683662737379,0.0021496442116584404,0.07,0.07,1.0,0.4989589722203148,False,False,cbpF,SPN23F_RS01880,choline-binding protein CbpF
354142,354142,logistic+PCs,-6.142452933485942,6.607494765637623,-0.9296190388874559,0.3525683662737379,0.0021496442116584404,0.07,0.07,1.0,0.4989589722203148,False,False,cbpF,SPN23F_RS01880,choline-binding protein CbpF
354703,354703,logistic+PCs,0.735355725842137,0.6722122807043488,1.093933786915684,0.2739840191043772,2.0862239843080785,0.19,0.19,1.0,0.4989589722203148,False,False,SPN23F_RS11910,SPN23F_RS11910,IS3 family transposase
354706,354706,logistic+PCs,-0.000540528722070523,0.7687520004364675,-0.0007031249632698605,0.9994389874937178,0.9994596173372615,0.16,0.16,1.0,0.9999999852469791,False,False,SPN23F_RS11910,SPN23F_RS11910,IS3 family transposase
354709,354709,logistic+PCs,-0.000540528722070523,0.7687520004364675,-0.0007031249632698605,0.9994389874937178,0.9994596173372615,0.16,0.16,1.0,0.9999999852469791,False,False,SPN23F_RS11910,SPN23F_RS11910,IS3 family transposase
354829,354829,logistic+PCs,2.834082120062283,1.7446680052997237,1.6244248828162609,0.10428516008165918,17.014775609521305,0.28,0.28,1.0,0.24539804428337908,False,False,SPN23F_RS11910,SPN23F_RS11910,IS3 family transposase
354916,354916,logistic+PCs,-6.142452933485942,6.607494765637623,-0.9296190388874559,0.3525683662737379,0.0021496442116584404,0.07,0.07,1.0,0.4989589722203148,False,False,SPN23F_RS11910,SPN23F_RS11910,IS3 family transposase
355063,355063,logistic+PCs,-6.742596455519978,6.373121638104902,-1.0579739158289378,0.29006733444129507,0.0011795804488855706,0.08,0.08,1.0,0.4989589722203148,False,False,SPN23F_RS11910,SPN23F_RS11910,IS3 family transposase
355102,355102,logistic+PCs,-6.142452933485942,6.607494765637623,-0.9296190388874559,0.3525683662737379,0.0021496442116584404,0.07,0.07,1.0,0.4989589722203148,False,False,SPN23F_RS11910,SPN23F_RS11910,IS3 family transposase
355264,355264,logistic+PCs,4.792650220268042,2.734637023414684,1.7525727104665465,0.07967537894274683,120.6206166405924,0.21,0.21,1.0,0.2016564803358884,False,False,SPN23F_RS11910,SPN23F_RS11910,IS3 family transposase
355354,355354,logistic+PCs,-2.8881827472456627,1.1112273149859184,-2.599092650347838,0.009347054146591144,0.05567730046019323,0.08,0.08,1.0,0.045337207078551066,False,True,SPN23F_RS01900,SPN23F_RS01900,PTS mannitol-specific transporter subunit IIBC
355443,355443,logistic+PCs,5.291140613222218,1.7686943210265378,2.991551762404754,0.002775634779268347,198.56978761426373,0.46,0.46,1.0,0.02256127125337857,False,True,SPN23F_RS01900,SPN23F_RS01900,PTS mannitol-specific transporter subunit IIBC
355492,355492,logistic+PCs,5.291140613222218,1.7686943210265378,2.991551762404754,0.002775634779268347,198.56978761426373,0.46,0.46,1.0,0.02256127125337857,False,True,SPN23F_RS01900,SPN23F_RS01900,PTS mannitol-specific transporter subunit IIBC
355495,355495,logistic+PCs,2.4730629503906427,1.4461019602053093,1.7101580790607125,0.08723664529279342,11.858713933631634,0.32,0.32,1.0,0.2129324567899366,False,False,SPN23F_RS01900,SPN23F_RS01900,PTS mannitol-specific transporter subunit IIBC
355528,355528,logistic+PCs,30.448562235846268,1237884.4122500094,2.4597257978636475e-05,0.9999803742276228,16735649083820.238,0.16,0.16,1.0,0.9999999852469791,False,False,SPN23F_RS01900,SPN23F_RS01900,PTS mannitol-specific transporter subunit IIBC
355846,355846,logistic+PCs,-2.100608849264937,0.8540559279274611,-2.4595682561006136,0.013910424364497256,0.12238189343918908,0.09,0.09,1.0,0.0586200432687044,False,False,SPN23F_RS01900,SPN23F_RS01900,PTS mannitol-specific transporter subunit IIBC
355976,355976,logistic+PCs,-2.8881827472456627,1.1112273149859184,-2.599092650347838,0.009347054146591144,0.05567730046019323,0.08,0.08,1.0,0.045337207078551066,False,True,SPN23F_RS01900,SPN23F_RS01900,PTS mannitol-specific transporter subunit IIBC
356113,356113,logistic+PCs,1.3360014690915871,0.71034291393107,1.880783833962803,0.060001330121936924,3.803803431128668,0.33,0.33,1.0,0.16645386956803981,False,False,SPN23F_RS01900,SPN23F_RS01900,PTS mannitol-specific transporter subunit IIBC
356161,356161,logistic+PCs,-6.142452933485942,6.607494765637623,-0.9296190388874559,0.3525683662737379,0.0021496442116584404,0.07,0.07,1.0,0.4989589722203148,False,False,SPN23F_RS01900,SPN23F_RS01900,PTS mannitol-specific transporter subunit IIBC
356374,356374,logistic+PCs,3.1802024750983184,0.8207462918123061,3.874769227499098,0.00010672579149813294,24.0516229137998,0.36,0.36,0.3634013200511427,0.0035548650828014718,False,True,SPN23F_RS01900,SPN23F_RS01900,PTS mannitol-specific transporter subunit IIBC
356488,356488,logistic+PCs,-1.6040790457933976,0.6318176672374253,-2.538832212158788,0.011122315046203543,0.2010746502099541,0.37,0.37,1.0,0.052446498478495945,False,False,SPN23F_RS01900,SPN23F_RS01900,PTS mannitol-specific transporter subunit IIBC
357011,357011,logistic+PCs,1.5272700587607453,0.7744931317931112,1.9719607522210048,0.048614087088221396,4.605586663957743,0.43,0.43,1.0,0.14872503731841316,False,False,SPN23F_RS01905,SPN23F_RS01905,BglG family transcription antiterminator
357153,357153,logistic+PCs,-2.8881827472456627,1.1112273149859184,-2.599092650347838,0.009347054146591144,0.05567730046019323,0.08,0.08,1.0,0.045337207078551066,False,True,SPN23F_RS01905,SPN23F_RS01905,BglG family transcription antiterminator
357682,357682,logistic+PCs,-6.142452933485942,6.607494765637623,-0.9296190388874559,0.3525683662737379,0.0021496442116584404,0.07,0.07,1.0,0.4989589722203148,False,False,SPN23F_RS01905,SPN23F_RS01905,BglG family transcription antiterminator
358136,358136,logistic+PCs,2.1804739655077614,1.866731064935118,1.1680707555930387,0.24277822545200511,8.850500096547337,0.11,0.11,1.0,0.48770493077526694,False,False,SPN23F_RS01905,SPN23F_RS01905,BglG family transcription antiterminator
358310,358310,logistic+PCs,-1.16379032128042,0.6244120063176457,-1.8638179751597956,0.06234727059593958,0.3123002165528564,0.24,0.24,1.0,0.17030088547922442,False,False,SPN23F_RS01905,SPN23F_RS01905,BglG family transcription antiterminator
359037,359037,logistic+PCs,-2.8881827472456627,1.1112273149859184,-2.599092650347838,0.009347054146591144,0.05567730046019323,0.08,0.08,1.0,0.045337207078551066,False,True,SPN23F_RS01910,SPN23F_RS01910,PTS sugar transporter subunit IIA
359159,359159,logistic+PCs,-6.142452933485942,6.607494765637623,-0.9296190388874559,0.3525683662737379,0.0021496442116584404,0.07,0.07,1.0,0.4989589722203148,False,False,SPN23F_RS01910,SPN23F_RS01910,PTS sugar transporter subunit IIA
359324,359324,logistic+PCs,1.349312348068413,1.3904848893730704,0.9703897959486487,0.33185223300072386,3.85477387639193,0.1,0.1,1.0,0.4989589722203148,False,False,SPN23F_RS01910,SPN23F_RS01910,PTS sugar transporter subunit IIA
359325,359325,logistic+PCs,1.349312348068413,1.3904848893730704,0.9703897959486487,0.33185223300072386,3.85477387639193,0.1,0.1,1.0,0.4989589722203148,False,False,SPN23F_RS01910,SPN23F_RS01910,PTS sugar transporter subunit IIA
359337,359337,logistic+PCs,-6.142452933485942,6.607494765637623,-0.9296190388874559,0.3525683662737379,0.0021496442116584404,0.07,0.07,1.0,0.4989589722203148,False,False,SPN23F_RS01910,SPN23F_RS01910,PTS sugar transporter subunit IIA
360170,360170,logistic+PCs,-1.1668361140760741,0.5842875131113392,-1.9970238759042709,0.04582258938302913,0.3113504619153425,0.49,0.49,1.0,0.1415843165600855,False,False,SPN23F_RS01910,SPN23F_RS01910,PTS sugar transporter subunit IIA
360203,360203,logistic+PCs,-2.8881827472456627,1.1112273149859184,-2.599092650347838,0.009347054146591144,0.05567730046019323,0.08,0.08,1.0,0.045337207078551066,False,True,SPN23F_RS01910,SPN23F_RS01910,PTS sugar transporter subunit IIA
360484,360484,logistic+PCs,26.80823183447913,405360.3016397082,6.613432969641607e-05,0.9999472324394346,439204878369.67816,0.06,0.06,1.0,0.9999999852469791,False,False,SPN23F_RS01910,SPN23F_RS01910,PTS sugar transporter subunit IIA
360680,360680,logistic+PCs,-1.8254264000735072,2.6167900403835045,-0.6975822943005321,0.48543845757589266,0.1611489155684423,0.17,0.17,1.0,0.5731338238716763,False,False,SPN23F_RS01910,SPN23F_RS01910,PTS sugar transporter subunit IIA
360818,360818,logistic+PCs,-0.35573461585134797,0.5772530930662637,-0.6162541528565056,0.5377267926965545,0.700658539234114,0.43,0.43,1.0,0.6217180744080707,False,False,SPN23F_RS01915,SPN23F_RS01915,mannitol-1-phosphate 5-dehydrogenase
361226,361226,logistic+PCs,-1.8254264000735072,2.6167900403835045,-0.6975822943005321,0.48543845757589266,0.1611489155684423,0.17,0.17,1.0,0.5731338238716763,False,False,tig,SPN23F_RS01930,trigger factor
361612,361612,logistic+PCs,-3.115747722539495,2.5328115368909283,-1.2301537943735568,0.2186395187907857,0.044345336740101396,0.18,0.18,1.0,0.45010130682141797,False,False,tig,SPN23F_RS01930,trigger factor
361653,361653,logistic+PCs,-2.6926587574423273,0.6933632316042194,-3.883474973445565,0.00010297413523374634,0.06770070013140124,0.18,0.18,0.3506269304709063,0.0035548650828014718,False,True,tig,SPN23F_RS01930,trigger factor
361759,361759,logistic+PCs,-6.142452933485942,6.607494765637623,-0.9296190388874559,0.3525683662737379,0.0021496442116584404,0.07,0.07,1.0,0.4989589722203148,False,False,tig,SPN23F_RS01930,trigger factor
361816,361816,logistic+PCs,30.448562235846268,1237884.4122500094,2.4597257978636475e-05,0.9999803742276228,16735649083820.238,0.16,0.16,1.0,0.9999999852469791,False,False,tig,SPN23F_RS01930,trigger factor
361841,361841,logistic+PCs,-1.8254264000735072,2.6167900403835045,-0.6975822943005321,0.48543845757589266,0.1611489155684423,0.17,0.17,1.0,0.5731338238716763,False,False,tig,SPN23F_RS01930,trigger factor
362172,362172,logistic+PCs,-6.956694544517064,6.178328674292012,-1.1259832409796888,0.2601726130929942,0.0009522389616662487,0.09,0.09,1.0,0.4989589722203148,False,False,tig,SPN23F_RS01930,trigger factor
362340,362340,logistic+PCs,11.741987811396758,4.022628019978928,2.9189842443990797,0.003511739725195489,125742.04322366399,0.14,0.14,1.0,0.02256127125337857,False,True,tig,SPN23F_RS01930,trigger factor
362499,362499,logistic+PCs,-0.6944355252286072,0.6756865727564956,-1.0277480021478367,0.3040683814744456,0.4993562424455198,0.33,0.33,1.0,0.4989589722203148,False,False,tig,SPN23F_RS01930,trigger factor
362607,362607,logistic+PCs,8.473861315535846,2.2454437525090754,3.773802530598725,0.00016077803898720313,4787.967675641131,0.45,0.45,0.5474492227514266,0.0035548650828014718,False,True,recD2,SPN23F_RS01935,SF1B family DNA helicase RecD2
362685,362685,logistic+PCs,-1.8254264000735072,2.6167900403835045,-0.6975822943005321,0.48543845757589266,0.1611489155684423,0.17,0.17,1.0,0.5731338238716763,False,False,recD2,SPN23F_RS01935,SF1B family DNA helicase RecD2
362697,362697,logistic+PCs,0.004300678207771383,1.253443004463661,0.003431091954286036,0.9972623900743508,1.0043099393959987,0.17,0.17,1.0,0.9999999852469791,False,False,recD2,SPN23F_RS01935,SF1B family DNA helicase RecD2
363120,363120,logistic+PCs,-3.144734115055556,0.9886408849270318,-3.1808659372686754,0.001468355624477632,0.04307837641597729,0.27,0.27,1.0,0.019454283662826213,False,True,recD2,SPN23F_RS01935,SF1B family DNA helicase RecD2
363210,363210,logistic+PCs,-1.8254264000735072,2.6167900403835045,-0.6975822943005321,0.48543845757589266,0.1611489155684423,0.17,0.17,1.0,0.5731338238716763,False,False,recD2,SPN23F_RS01935,SF1B family DNA helicase RecD2
363219,363219,logistic+PCs,-2.978215109737263,1.1267727262759433,-2.6431373783606356,0.00821416996647979,0.05088357445638951,0.15,0.15,1.0,0.045337207078551066,False,True,recD2,SPN23F_RS01935,SF1B family DNA helicase RecD2
363278,363278,logistic+PCs,1.0000222634964209,0.7360501031735577,1.3586334125689534,0.17426278190055322,2.718342347590485,0.18,0.18,1.0,0.37721854569064445,False,False,recD2,SPN23F_RS01935,SF1B family DNA helicase RecD2
363471,363471,logistic+PCs,-1.6793140217226632,0.8833539178859358,-1.9010659122242177,0.05729337981096465,0.18650186839910904,0.07,0.07,1.0,0.16162714022894334,False,False,recD2,SPN23F_RS01935,SF1B family DNA helicase RecD2
363486,363486,logistic+PCs,0.4483528697318131,0.7058258286342675,0.6352174311888674,0.5252866161440519,1.5657310972972744,0.28,0.28,1.0,0.6155940472487593,False,False,recD2,SPN23F_RS01935,SF1B family DNA helicase RecD2
363568,363568,logistic+PCs,4.5201795362893415,1.6147574494690298,2.799293192779933,0.005121461136133418,91.85208728081706,0.28,0.28,1.0,0.030593991523744365,False,True,recD2,SPN23F_RS01935,SF1B family DNA helicase RecD2
363747,363747,logistic+PCs,11.741987811396758,4.022628019978928,2.9189842443990797,0.003511739725195489,125742.04322366399,0.14,0.14,1.0,0.02256127125337857,False,True,recD2,SPN23F_RS01935,SF1B family DNA helicase RecD2
363787,363787,logistic+PCs,4.982427731731632,1.992546435860485,2.500532806694646,0.012400664695181248,145.82798347760033,0.31,0.31,1.0,0.05288964410811788,False,False,recD2,SPN23F_RS01935,SF1B family DNA helicase RecD2
363834,363834,logistic+PCs,2.4730629503906427,1.4461019602053093,1.7101580790607125,0.08723664529279342,11.858713933631634,0.32,0.32,1.0,0.2129324567899366,False,False,recD2,SPN23F_RS01935,SF1B family DNA helicase RecD2
364045,364045,logistic+PCs,-6.142452933485942,6.607494765637623,-0.9296190388874559,0.3525683662737379,0.0021496442116584404,0.07,0.07,1.0,0.4989589722203148,False,False,recD2,SPN23F_RS01935,SF1B family DNA helicase RecD2
364067,364067,logistic+PCs,4.982427731731632,1.992546435860485,2.500532806694646,0.012400664695181248,145.82798347760033,0.31,0.31,1.0,0.05288964410811788,False,False,recD2,SPN23F_RS01935,SF1B family DNA helicase RecD2
364109,364109,logistic+PCs,4.930869019401955,2.5607863321888114,1.9255292631882077,0.054163178623568675,138.499819087895,0.27,0.27,1.0,0.15980099047697158,False,False,recD2,SPN23F_RS01935,SF1B family DNA helicase RecD2
364163,364163,logistic+PCs,11.741987811396758,4.022628019978928,2.9189842443990797,0.003511739725195489,125742.04322366399,0.14,0.14,1.0,0.02256127125337857,False,True,recD2,SPN23F_RS01935,SF1B family DNA helicase RecD2
364199,364199,logistic+PCs,4.930869019401955,2.5607863321888114,1.9255292631882077,0.054163178623568675,138.499819087895,0.27,0.27,1.0,0.15980099047697158,False,False,recD2,SPN23F_RS01935,SF1B family DNA helicase RecD2
364205,364205,logistic+PCs,4.930869019401955,2.5607863321888114,1.9255292631882077,0.054163178623568675,138.499819087895,0.27,0.27,1.0,0.15980099047697158,False,False,recD2,SPN23F_RS01935,SF1B family DNA helicase RecD2
364304,364304,fisher,inf,,,9.98125019602994e-05,,0.13,0.13,0.33986156917481947,0.0035548650828014718,False,True,recD2,SPN23F_RS01935,SF1B family DNA helicase RecD2
364442,364442,logistic+PCs,-1.4525740209122306,1.885006429813014,-0.7705936690392726,0.4409478149374113,0.2339672756830764,0.24,0.24,1.0,0.5731338238716763,False,False,recD2,SPN23F_RS01935,SF1B family DNA helicase RecD2
364535,364535,logistic+PCs,-1.4525740209122306,1.885006429813014,-0.7705936690392726,0.4409478149374113,0.2339672756830764,0.24,0.24,1.0,0.5731338238716763,False,False,recD2,SPN23F_RS01935,SF1B family DNA helicase RecD2
364553,364553,logistic+PCs,2.834082120062283,1.7446680052997237,1.6244248828162609,0.10428516008165918,17.014775609521305,0.28,0.28,1.0,0.24539804428337908,False,False,recD2,SPN23F_RS01935,SF1B family DNA helicase RecD2
364562,364562,logistic+PCs,2.834082120062283,1.7446680052997237,1.6244248828162609,0.10428516008165918,17.014775609521305,0.28,0.28,1.0,0.24539804428337908,False,False,recD2,SPN23F_RS01935,SF1B family DNA helicase RecD2
364651,364651,logistic+PCs,-2.8881827472456627,1.1112273149859184,-2.599092650347838,0.009347054146591144,0.05567730046019323,0.08,0.08,1.0,0.045337207078551066,False,True,recD2,SPN23F_RS01935,SF1B family DNA helicase RecD2
364736,364736,logistic+PCs,4.930869019401955,2.5607863321888114,1.9255292631882077,0.054163178623568675,138.499819087895,0.27,0.27,1.0,0.15980099047697158,False,False,recD2,SPN23F_RS01935,SF1B family DNA helicase RecD2
364747,364747,logistic+PCs,-6.142452933485942,6.607494765637623,-0.9296190388874559,0.3525683662737379,0.0021496442116584404,0.07,0.07,1.0,0.4989589722203148,False,False,recD2,SPN23F_RS01935,SF1B family DNA helicase RecD2
365111,365111,logistic+PCs,-6.142452933485942,6.607494765637623,-0.9296190388874559,0.3525683662737379,0.0021496442116584404,0.07,0.07,1.0,0.4989589722203148,False,False,SPN23F_RS13220,SPN23F_RS13220,hypothetical protein
365532,365532,logistic+PCs,-2.8881827472456627,1.1112273149859184,-2.599092650347838,0.009347054146591144,0.05567730046019323,0.08,0.08,1.0,0.045337207078551066,False,True,SPN23F_RS13220,SPN23F_RS13220,hypothetical protein
366042,366042,logistic+PCs,3.393818681965408,0.8554899310206818,3.9671053496985706,7.275083983231225e-05,29.77945368226145,0.34,0.34,0.2477166096290232,0.0035548650828014718,False,True,lepB,SPN23F_RS01940,signal peptidase I
366118,366118,logistic+PCs,5.291140613222218,1.7686943210265378,2.991551762404754,0.002775634779268347,198.56978761426373,0.46,0.46,1.0,0.02256127125337857,False,True,lepB,SPN23F_RS01940,signal peptidase I
366314,366314,logistic+PCs,7.773169045616402,2.6992867530563314,2.8797122190945617,0.003980383125270927,2375.9889875835884,0.34,0.34,1.0,0.025052134087888183,False,True,lepB,SPN23F_RS01940,signal peptidase I
366632,366632,logistic+PCs,-6.142452933485942,6.607494765637623,-0.9296190388874559,0.3525683662737379,0.0021496442116584404,0.07,0.07,1.0,0.4989589722203148,False,False,lepB,SPN23F_RS01940,signal peptidase I
366754,366754,logistic+PCs,-1.8254264000735072,2.6167900403835045,-0.6975822943005321,0.48543845757589266,0.1611489155684423,0.17,0.17,1.0,0.5731338238716763,False,False,lepB,SPN23F_RS01940,signal peptidase I
366781,366781,logistic+PCs,-6.142452933485942,6.607494765637623,-0.9296190388874559,0.3525683662737379,0.0021496442116584404,0.07,0.07,1.0,0.4989589722203148,False,False,lepB,SPN23F_RS01940,signal peptidase I
366812,366812,logistic+PCs,-6.142452933485942,6.607494765637623,-0.9296190388874559,0.3525683662737379,0.0021496442116584404,0.07,0.07,1.0,0.4989589722203148,False,False,lepB,SPN23F_RS01940,signal peptidase I
367109,367109,logistic+PCs,-1.5650490547705933,0.7441463676255257,-2.103146803987583,0.03545293869674281,0.2090777566603304,0.11,0.11,1.0,0.11674783004101477,False,False,zapA,SPN23F_RS01950,cell division protein ZapA
367394,367394,logistic+PCs,-0.19048684822751524,1.2617745033369052,-0.15096742541852862,0.8800014120919589,0.8265566283422938,0.28,0.28,1.0,0.9242457767344603,False,False,zapA,SPN23F_RS01950,cell division protein ZapA
367541,367541,logistic+PCs,-6.142452933485942,6.607494765637623,-0.9296190388874559,0.3525683662737379,0.0021496442116584404,0.07,0.07,1.0,0.4989589722203148,False,False,zapA,SPN23F_RS01950,cell division protein ZapA
367625,367625,logistic+PCs,-6.142452933485942,6.607494765637623,-0.9296190388874559,0.3525683662737379,0.0021496442116584404,0.07,0.07,1.0,0.4989589722203148,False,False,zapA,SPN23F_RS01950,cell division protein ZapA
367629,367629,logistic+PCs,-6.142452933485942,6.607494765637623,-0.9296190388874559,0.3525683662737379,0.0021496442116584404,0.07,0.07,1.0,0.4989589722203148,False,False,zapA,SPN23F_RS01950,cell division protein ZapA
367662,367662,logistic+PCs,-6.142452933485942,6.607494765637623,-0.9296190388874559,0.3525683662737379,0.0021496442116584404,0.07,0.07,1.0,0.4989589722203148,False,False,zapA,SPN23F_RS01950,cell division protein ZapA
367670,367670,logistic+PCs,-6.142452933485942,6.607494765637623,-0.9296190388874559,0.3525683662737379,0.0021496442116584404,0.07,0.07,1.0,0.4989589722203148,False,False,zapA,SPN23F_RS01950,cell division protein ZapA
367673,367673,logistic+PCs,-6.142452933485942,6.607494765637623,-0.9296190388874559,0.3525683662737379,0.0021496442116584404,0.07,0.07,1.0,0.4989589722203148,False,False,zapA,SPN23F_RS01950,cell division protein ZapA
367697,367697,logistic+PCs,-6.142452933485942,6.607494765637623,-0.9296190388874559,0.3525683662737379,0.0021496442116584404,0.07,0.07,1.0,0.4989589722203148,False,False,zapA,SPN23F_RS01950,cell division protein ZapA
367742,367742,logistic+PCs,3.3445836811552185,1.626871698630916,2.055837398837187,0.03979819184566905,28.348771081960706,0.31,0.31,1.0,0.12844819263933943,False,False,zapA,SPN23F_RS01950,cell division protein ZapA
367793,367793,logistic+PCs,-6.142452933485942,6.607494765637623,-0.9296190388874559,0.3525683662737379,0.0021496442116584404,0.07,0.07,1.0,0.4989589722203148,False,False,SPN23F_RS01955,SPN23F_RS01955,CvpA family protein
367839,367839,logistic+PCs,-6.142452933485942,6.607494765637623,-0.9296190388874559,0.3525683662737379,0.0021496442116584404,0.07,0.07,1.0,0.4989589722203148,False,False,SPN23F_RS01955,SPN23F_RS01955,CvpA family protein
367865,367865,logistic+PCs,-6.142452933485942,6.607494765637623,-0.9296190388874559,0.3525683662737379,0.0021496442116584404,0.07,0.07,1.0,0.4989589722203148,False,False,SPN23F_RS01955,SPN23F_RS01955,CvpA family protein
367895,367895,logistic+PCs,-6.142452933485942,6.607494765637623,-0.9296190388874559,0.3525683662737379,0.0021496442116584404,0.07,0.07,1.0,0.4989589722203148,False,False,SPN23F_RS01955,SPN23F_RS01955,CvpA family protein
367904,367904,logistic+PCs,-6.142452933485942,6.607494765637623,-0.9296190388874559,0.3525683662737379,0.0021496442116584404,0.07,0.07,1.0,0.4989589722203148,False,False,SPN23F_RS01955,SPN23F_RS01955,CvpA family protein
367907,367907,logistic+PCs,-6.142452933485942,6.607494765637623,-0.9296190388874559,0.3525683662737379,0.0021496442116584404,0.07,0.07,1.0,0.4989589722203148,False,False,SPN23F_RS01955,SPN23F_RS01955,CvpA family protein
367910,367910,logistic+PCs,-6.142452933485942,6.607494765637623,-0.9296190388874559,0.3525683662737379,0.0021496442116584404,0.07,0.07,1.0,0.4989589722203148,False,False,SPN23F_RS01955,SPN23F_RS01955,CvpA family protein
367928,367928,logistic+PCs,-6.142452933485942,6.607494765637623,-0.9296190388874559,0.3525683662737379,0.0021496442116584404,0.07,0.07,1.0,0.4989589722203148,False,False,SPN23F_RS01955,SPN23F_RS01955,CvpA family protein
367970,367970,logistic+PCs,-6.142452933485942,6.607494765637623,-0.9296190388874559,0.3525683662737379,0.0021496442116584404,0.07,0.07,1.0,0.4989589722203148,False,False,SPN23F_RS01955,SPN23F_RS01955,CvpA family protein
368048,368048,logistic+PCs,-6.142452933485942,6.607494765637623,-0.9296190388874559,0.3525683662737379,0.0021496442116584404,0.07,0.07,1.0,0.4989589722203148,False,False,SPN23F_RS01955,SPN23F_RS01955,CvpA family protein
368072,368072,logistic+PCs,-6.142452933485942,6.607494765637623,-0.9296190388874559,0.3525683662737379,0.0021496442116584404,0.07,0.07,1.0,0.4989589722203148,False,False,SPN23F_RS01955,SPN23F_RS01955,CvpA family protein
368084,368084,logistic+PCs,-6.142452933485942,6.607494765637623,-0.9296190388874559,0.3525683662737379,0.0021496442116584404,0.07,0.07,1.0,0.4989589722203148,False,False,SPN23F_RS01955,SPN23F_RS01955,CvpA family protein
368086,368086,logistic+PCs,-6.142452933485942,6.607494765637623,-0.9296190388874559,0.3525683662737379,0.0021496442116584404,0.07,0.07,1.0,0.4989589722203148,False,False,SPN23F_RS01955,SPN23F_RS01955,CvpA family protein
368114,368114,logistic+PCs,-6.142452933485942,6.607494765637623,-0.9296190388874559,0.3525683662737379,0.0021496442116584404,0.07,0.07,1.0,0.4989589722203148,False,False,SPN23F_RS01955,SPN23F_RS01955,CvpA family protein
368126,368126,logistic+PCs,-6.142452933485942,6.607494765637623,-0.9296190388874559,0.3525683662737379,0.0021496442116584404,0.07,0.07,1.0,0.4989589722203148,False,False,SPN23F_RS01955,SPN23F_RS01955,CvpA family protein
368192,368192,logistic+PCs,-2.4608922347711126,1.8865094917530623,-1.3044685147511759,0.1920738878525433,0.08535875692993937,0.25,0.25,1.0,0.407230129600193,False,False,SPN23F_RS01955,SPN23F_RS01955,CvpA family protein
368231,368231,logistic+PCs,-1.4525740209122306,1.885006429813014,-0.7705936690392726,0.4409478149374113,0.2339672756830764,0.24,0.24,1.0,0.5731338238716763,False,False,SPN23F_RS01955,SPN23F_RS01955,CvpA family protein
368240,368240,logistic+PCs,-6.142452933485942,6.607494765637623,-0.9296190388874559,0.3525683662737379,0.0021496442116584404,0.07,0.07,1.0,0.4989589722203148,False,False,SPN23F_RS01955,SPN23F_RS01955,CvpA family protein
368496,368496,logistic+PCs,-6.142452933485942,6.607494765637623,-0.9296190388874559,0.3525683662737379,0.0021496442116584404,0.07,0.07,1.0,0.4989589722203148,False,False,SPN23F_RS01955,SPN23F_RS01955,CvpA family protein
368622,368622,logistic+PCs,-6.142452933485942,6.607494765637623,-0.9296190388874559,0.3525683662737379,0.0021496442116584404,0.07,0.07,1.0,0.4989589722203148,False,False,SPN23F_RS01955,SPN23F_RS01955,CvpA family protein
368637,368637,logistic+PCs,1.564771935768479,2.586486063099223,0.6049798443118273,0.5451923891175372,4.781584303183282,0.06,0.06,1.0,0.6286420876888636,False,False,SPN23F_RS01955,SPN23F_RS01955,CvpA family protein
368673,368673,logistic+PCs,-6.142452933485942,6.607494765637623,-0.9296190388874559,0.3525683662737379,0.0021496442116584404,0.07,0.07,1.0,0.4989589722203148,False,False,SPN23F_RS01955,SPN23F_RS01955,CvpA family protein
368749,368749,logistic+PCs,6.265326622048363,5.729585294950995,1.0935043811232676,0.2741724064714991,526.0133654672064,0.1,0.1,1.0,0.4989589722203148,False,False,SPN23F_RS01955,SPN23F_RS01955,CvpA family protein
368769,368769,logistic+PCs,-6.142452933485942,6.607494765637623,-0.9296190388874559,0.3525683662737379,0.0021496442116584404,0.07,0.07,1.0,0.4989589722203148,False,False,SPN23F_RS01955,SPN23F_RS01955,CvpA family protein
368778,368778,logistic+PCs,-1.7637308656291755,0.6218242797177216,-2.8363814716752853,0.004562791108054,0.1714041834432958,0.4,0.4,1.0,0.02799334004130427,False,True,SPN23F_RS01955,SPN23F_RS01955,CvpA family protein
368793,368793,logistic+PCs,-1.8486147226431011,0.7206585326046201,-2.5651742663224937,0.01031239971256136,0.1574551343380126,0.42,0.42,1.0,0.04973614875534197,False,True,SPN23F_RS01955,SPN23F_RS01955,CvpA family protein
368799,368799,logistic+PCs,-1.6145493834953106,0.6772672285422714,-2.383917773447293,0.017129429277668695,0.19898031405547828,0.35,0.35,1.0,0.06993490010846751,False,False,SPN23F_RS01955,SPN23F_RS01955,CvpA family protein
368850,368850,logistic+PCs,-6.142452933485942,6.607494765637623,-0.9296190388874559,0.3525683662737379,0.0021496442116584404,0.07,0.07,1.0,0.4989589722203148,False,False,SPN23F_RS01955,SPN23F_RS01955,CvpA family protein
368877,368877,logistic+PCs,-6.956694544517064,6.178328674292012,-1.1259832409796888,0.2601726130929942,0.0009522389616662487,0.09,0.09,1.0,0.4989589722203148,False,False,SPN23F_RS01955,SPN23F_RS01955,CvpA family protein
368892,368892,logistic+PCs,-6.142452933485942,6.607494765637623,-0.9296190388874559,0.3525683662737379,0.0021496442116584404,0.07,0.07,1.0,0.4989589722203148,False,False,SPN23F_RS01955,SPN23F_RS01955,CvpA family protein
368930,368930,logistic+PCs,-6.142452933485942,6.607494765637623,-0.9296190388874559,0.3525683662737379,0.0021496442116584404,0.07,0.07,1.0,0.4989589722203148,False,False,SPN23F_RS01955,SPN23F_RS01955,CvpA family protein
369033,369033,logistic+PCs,-6.142452933485942,6.607494765637623,-0.9296190388874559,0.3525683662737379,0.0021496442116584404,0.07,0.07,1.0,0.4989589722203148,False,False,SPN23F_RS01955,SPN23F_RS01955,CvpA family protein
369045,369045,logistic+PCs,1.7885864445156399,0.7887711314628021,2.2675607323491254,0.023355993328284648,5.980992024062027,0.44,0.44,1.0,0.0868200407017568,False,False,SPN23F_RS01960,SPN23F_RS01960,endonuclease MutS2
369055,369055,logistic+PCs,-6.142452933485942,6.607494765637623,-0.9296190388874559,0.3525683662737379,0.0021496442116584404,0.07,0.07,1.0,0.4989589722203148,False,False,SPN23F_RS01960,SPN23F_RS01960,endonuclease MutS2
369141,369141,logistic+PCs,-6.142452933485942,6.607494765637623,-0.9296190388874559,0.3525683662737379,0.0021496442116584404,0.07,0.07,1.0,0.4989589722203148,False,False,SPN23F_RS01960,SPN23F_RS01960,endonuclease MutS2
369291,369291,logistic+PCs,-2.8881827472456627,1.1112273149859184,-2.599092650347838,0.009347054146591144,0.05567730046019323,0.08,0.08,1.0,0.045337207078551066,False,True,SPN23F_RS01960,SPN23F_RS01960,endonuclease MutS2
369298,369298,logistic+PCs,-0.7454995446443538,0.5537854433366652,-1.3461884085514666,0.17824176235902878,0.4744972081867746,0.48,0.48,1.0,0.3836366629788198,False,False,SPN23F_RS01960,SPN23F_RS01960,endonuclease MutS2
369349,369349,logistic+PCs,-1.7498433809556675,0.7410076109114896,-2.3614377979238856,0.01820422554350773,0.17380116189080566,0.48,0.48,1.0,0.07379212854243311,False,False,SPN23F_RS01960,SPN23F_RS01960,endonuclease MutS2
369684,369684,logistic+PCs,1.709332331149185,1.7415089391981453,0.9815237192731404,0.3263345434737287,5.525271194348724,0.31,0.31,1.0,0.4989589722203148,False,False,SPN23F_RS01960,SPN23F_RS01960,endonuclease MutS2
369724,369724,logistic+PCs,-2.512815965919945,0.8142664429904193,-3.085987378641749,0.0020287743361223193,0.0810397125614975,0.41,0.41,1.0,0.02256127125337857,False,True,SPN23F_RS01960,SPN23F_RS01960,endonuclease MutS2
369924,369924,logistic+PCs,1.5693734311165772,0.7539320205560629,2.0815847958799854,0.037380411360118944,4.8036374409039295,0.34,0.34,1.0,0.12168288784054015,False,False,SPN23F_RS01960,SPN23F_RS01960,endonuclease MutS2
370012,370012,logistic+PCs,11.741987811396758,4.022628019978928,2.9189842443990797,0.003511739725195489,125742.04322366399,0.14,0.14,1.0,0.02256127125337857,False,True,SPN23F_RS01960,SPN23F_RS01960,endonuclease MutS2
370015,370015,logistic+PCs,11.741987811396758,4.022628019978928,2.9189842443990797,0.003511739725195489,125742.04322366399,0.14,0.14,1.0,0.02256127125337857,False,True,SPN23F_RS01960,SPN23F_RS01960,endonuclease MutS2
370132,370132,logistic+PCs,-0.08480554301836916,0.5832049727302847,-0.1454129285306853,0.8843848576645279,0.9186909128950889,0.25,0.25,1.0,0.9277050031878366,False,False,SPN23F_RS01960,SPN23F_RS01960,endonuclease MutS2
370320,370320,logistic+PCs,30.448562235846268,1237884.4122500094,2.4597257978636475e-05,0.9999803742276228,16735649083820.238,0.16,0.16,1.0,0.9999999852469791,False,False,SPN23F_RS01960,SPN23F_RS01960,endonuclease MutS2
370360,370360,logistic+PCs,-2.4608922347711126,1.8865094917530623,-1.3044685147511759,0.1920738878525433,0.08535875692993937,0.25,0.25,1.0,0.407230129600193,False,False,SPN23F_RS01960,SPN23F_RS01960,endonuclease MutS2
370495,370495,logistic+PCs,2.44374954486306,0.7560339812287071,3.2323276539653363,0.001227861779332936,11.516140174907921,0.38,0.38,1.0,0.01699540389686442,False,True,SPN23F_RS01965,SPN23F_RS01965,alanine/glycine:cation symporter family protein
370587,370587,logistic+PCs,8.473861315535846,2.2454437525090754,3.773802530598725,0.00016077803898720313,4787.967675641131,0.45,0.45,0.5474492227514266,0.0035548650828014718,False,True,SPN23F_RS01965,SPN23F_RS01965,alanine/glycine:cation symporter family protein
370699,370699,logistic+PCs,-1.4525740209122306,1.885006429813014,-0.7705936690392726,0.4409478149374113,0.2339672756830764,0.24,0.24,1.0,0.5731338238716763,False,False,SPN23F_RS01965,SPN23F_RS01965,alanine/glycine:cation symporter family protein
370707,370707,logistic+PCs,11.741987811396758,4.022628019978928,2.9189842443990797,0.003511739725195489,125742.04322366399,0.14,0.14,1.0,0.02256127125337857,False,True,SPN23F_RS01965,SPN23F_RS01965,alanine/glycine:cation symporter family protein
370756,370756,logistic+PCs,-0.24076281247104822,0.5790144375114904,-0.41581486897944636,0.6775454776495867,0.786028040328513,0.27,0.27,1.0,0.7588955103279088,False,False,SPN23F_RS01965,SPN23F_RS01965,alanine/glycine:cation symporter family protein
371014,371014,logistic+PCs,0.07653197252058909,0.5634089006121424,0.13583735087861992,0.891949862980238,1.0795367052949343,0.46,0.46,1.0,0.9343708833483851,False,False,SPN23F_RS01965,SPN23F_RS01965,alanine/glycine:cation symporter family protein
371026,371026,logistic+PCs,0.07653197252058909,0.5634089006121424,0.13583735087861992,0.891949862980238,1.0795367052949343,0.46,0.46,1.0,0.9343708833483851,False,False,SPN23F_RS01965,SPN23F_RS01965,alanine/glycine:cation symporter family protein
371158,371158,logistic+PCs,-1.4525740209122306,1.885006429813014,-0.7705936690392726,0.4409478149374113,0.2339672756830764,0.24,0.24,1.0,0.5731338238716763,False,False,SPN23F_RS01965,SPN23F_RS01965,alanine/glycine:cation symporter family protein
371251,371251,logistic+PCs,0.848010301512098,1.3746557904798071,0.6168891931965821,0.5373078153522848,2.334996288266489,0.38,0.38,1.0,0.6214446709492288,False,False,SPN23F_RS01965,SPN23F_RS01965,alanine/glycine:cation symporter family protein
371287,371287,logistic+PCs,-2.8881827472456627,1.1112273149859184,-2.599092650347838,0.009347054146591144,0.05567730046019323,0.08,0.08,1.0,0.045337207078551066,False,True,SPN23F_RS01965,SPN23F_RS01965,alanine/glycine:cation symporter family protein
371311,371311,logistic+PCs,1.782188841261314,1.2234726464851151,1.4566642306072972,0.14520908808664323,5.942850148412037,0.49,0.49,1.0,0.3276586778893441,False,False,SPN23F_RS01965,SPN23F_RS01965,alanine/glycine:cation symporter family protein
371350,371350,logistic+PCs,8.473861315535846,2.2454437525090754,3.773802530598725,0.00016077803898720313,4787.967675641131,0.45,0.45,0.5474492227514266,0.0035548650828014718,False,True,SPN23F_RS01965,SPN23F_RS01965,alanine/glycine:cation symporter family protein
371486,371486,logistic+PCs,8.473861315535846,2.2454437525090754,3.773802530598725,0.00016077803898720313,4787.967675641131,0.45,0.45,0.5474492227514266,0.0035548650828014718,False,True,SPN23F_RS01965,SPN23F_RS01965,alanine/glycine:cation symporter family protein
371656,371656,logistic+PCs,1.4988682905434412,0.7570496128034215,1.9798811929815268,0.047716880156466426,4.476619969351596,0.43,0.43,1.0,0.14658214300857297,False,False,SPN23F_RS01965,SPN23F_RS01965,alanine/glycine:cation symporter family protein
371674,371674,logistic+PCs,1.4988682905434412,0.7570496128034215,1.9798811929815268,0.047716880156466426,4.476619969351596,0.43,0.43,1.0,0.14658214300857297,False,False,SPN23F_RS01965,SPN23F_RS01965,alanine/glycine:cation symporter family protein
371707,371707,logistic+PCs,-6.142452933485942,6.607494765637623,-0.9296190388874559,0.3525683662737379,0.0021496442116584404,0.07,0.07,1.0,0.4989589722203148,False,False,SPN23F_RS01965,SPN23F_RS01965,alanine/glycine:cation symporter family protein
371793,371793,logistic+PCs,0.6538469853326634,0.676871204850538,0.9659843418468974,0.3340520162630881,1.9229240790088764,0.19,0.19,1.0,0.4989589722203148,False,False,SPN23F_RS01965,SPN23F_RS01965,alanine/glycine:cation symporter family protein
371819,371819,logistic+PCs,-6.142452933485942,6.607494765637623,-0.9296190388874559,0.3525683662737379,0.0021496442116584404,0.07,0.07,1.0,0.4989589722203148,False,False,SPN23F_RS01965,SPN23F_RS01965,alanine/glycine:cation symporter family protein
371837,371837,logistic+PCs,-6.142452933485942,6.607494765637623,-0.9296190388874559,0.3525683662737379,0.0021496442116584404,0.07,0.07,1.0,0.4989589722203148,False,False,SPN23F_RS01965,SPN23F_RS01965,alanine/glycine:cation symporter family protein
371858,371858,logistic+PCs,-6.142452933485942,6.607494765637623,-0.9296190388874559,0.3525683662737379,0.0021496442116584404,0.07,0.07,1.0,0.4989589722203148,False,False,SPN23F_RS01965,SPN23F_RS01965,alanine/glycine:cation symporter family protein
372173,372173,logistic+PCs,-1.8254264000735072,2.6167900403835045,-0.6975822943005321,0.48543845757589266,0.1611489155684423,0.17,0.17,1.0,0.5731338238716763,False,False,SPN23F_RS01970,SPN23F_RS01970,carboxymuconolactone decarboxylase family protein
372257,372257,logistic+PCs,-2.3951442889672956,1.131391976485111,-2.1169889293437247,0.034260787369801315,0.09115952465994084,0.06,0.06,1.0,0.11348052625892362,False,False,SPN23F_RS01970,SPN23F_RS01970,carboxymuconolactone decarboxylase family protein
372596,372596,logistic+PCs,-0.25120562642828154,0.6790917787707859,-0.3699141033381161,0.7114464927299209,0.7778624060447028,0.2,0.2,1.0,0.7801374464869292,False,False,SPN23F_RS01970,SPN23F_RS01970,carboxymuconolactone decarboxylase family protein
372887,372887,logistic+PCs,1.349312348068413,1.3904848893730704,0.9703897959486487,0.33185223300072386,3.85477387639193,0.1,0.1,1.0,0.4989589722203148,False,False,SPN23F_RS01970,SPN23F_RS01970,carboxymuconolactone decarboxylase family protein
373318,373318,logistic+PCs,-6.142452933485942,6.607494765637623,-0.9296190388874559,0.3525683662737379,0.0021496442116584404,0.07,0.07,1.0,0.4989589722203148,False,False,SPN23F_RS01970,SPN23F_RS01970,carboxymuconolactone decarboxylase family protein
373399,373399,logistic+PCs,-6.142452933485942,6.607494765637623,-0.9296190388874559,0.3525683662737379,0.0021496442116584404,0.07,0.07,1.0,0.4989589722203148,False,False,SPN23F_RS01970,SPN23F_RS01970,carboxymuconolactone decarboxylase family protein
373460,373460,logistic+PCs,-6.142452933485942,6.607494765637623,-0.9296190388874559,0.3525683662737379,0.0021496442116584404,0.07,0.07,1.0,0.4989589722203148,False,False,SPN23F_RS01970,SPN23F_RS01970,carboxymuconolactone decarboxylase family protein
373493,373493,logistic+PCs,-6.142452933485942,6.607494765637623,-0.9296190388874559,0.3525683662737379,0.0021496442116584404,0.07,0.07,1.0,0.4989589722203148,False,False,SPN23F_RS01975,SPN23F_RS01975,TDT family transporter
373537,373537,logistic+PCs,-6.142452933485942,6.607494765637623,-0.9296190388874559,0.3525683662737379,0.0021496442116584404,0.07,0.07,1.0,0.4989589722203148,False,False,SPN23F_RS01975,SPN23F_RS01975,TDT family transporter
373616,373616,logistic+PCs,-6.142452933485942,6.607494765637623,-0.9296190388874559,0.3525683662737379,0.0021496442116584404,0.07,0.07,1.0,0.4989589722203148,False,False,SPN23F_RS01975,SPN23F_RS01975,TDT family transporter
373784,373784,logistic+PCs,-6.142452933485942,6.607494765637623,-0.9296190388874559,0.3525683662737379,0.0021496442116584404,0.07,0.07,1.0,0.4989589722203148,False,False,SPN23F_RS01975,SPN23F_RS01975,TDT family transporter
373787,373787,logistic+PCs,-6.142452933485942,6.607494765637623,-0.9296190388874559,0.3525683662737379,0.0021496442116584404,0.07,0.07,1.0,0.4989589722203148,False,False,SPN23F_RS01975,SPN23F_RS01975,TDT family transporter
373823,373823,logistic+PCs,-6.142452933485942,6.607494765637623,-0.9296190388874559,0.3525683662737379,0.0021496442116584404,0.07,0.07,1.0,0.4989589722203148,False,False,SPN23F_RS01975,SPN23F_RS01975,TDT family transporter
373855,373855,logistic+PCs,-6.142452933485942,6.607494765637623,-0.9296190388874559,0.3525683662737379,0.0021496442116584404,0.07,0.07,1.0,0.4989589722203148,False,False,SPN23F_RS01975,SPN23F_RS01975,TDT family transporter
373877,373877,logistic+PCs,-6.142452933485942,6.607494765637623,-0.9296190388874559,0.3525683662737379,0.0021496442116584404,0.07,0.07,1.0,0.4989589722203148,False,False,SPN23F_RS01975,SPN23F_RS01975,TDT family transporter
374013,374013,logistic+PCs,-6.142452933485942,6.607494765637623,-0.9296190388874559,0.3525683662737379,0.0021496442116584404,0.07,0.07,1.0,0.4989589722203148,False,False,SPN23F_RS01975,SPN23F_RS01975,TDT family transporter
374096,374096,logistic+PCs,-6.142452933485942,6.607494765637623,-0.9296190388874559,0.3525683662737379,0.0021496442116584404,0.07,0.07,1.0,0.4989589722203148,False,False,SPN23F_RS01975,SPN23F_RS01975,TDT family transporter
374147,374147,logistic+PCs,-6.142452933485942,6.607494765637623,-0.9296190388874559,0.3525683662737379,0.0021496442116584404,0.07,0.07,1.0,0.4989589722203148,False,False,SPN23F_RS01975,SPN23F_RS01975,TDT family transporter
374261,374261,logistic+PCs,1.1854963083656722,1.1077787841810924,1.0701561767515084,0.2845490163264023,3.2723104935846385,0.34,0.34,1.0,0.4989589722203148,False,False,SPN23F_RS01975,SPN23F_RS01975,TDT family transporter
374264,374264,logistic+PCs,-6.142452933485942,6.607494765637623,-0.9296190388874559,0.3525683662737379,0.0021496442116584404,0.07,0.07,1.0,0.4989589722203148,False,False,SPN23F_RS01975,SPN23F_RS01975,TDT family transporter
374304,374304,logistic+PCs,-6.142452933485942,6.607494765637623,-0.9296190388874559,0.3525683662737379,0.0021496442116584404,0.07,0.07,1.0,0.4989589722203148,False,False,SPN23F_RS01975,SPN23F_RS01975,TDT family transporter
374340,374340,logistic+PCs,-6.142452933485942,6.607494765637623,-0.9296190388874559,0.3525683662737379,0.0021496442116584404,0.07,0.07,1.0,0.4989589722203148,False,False,SPN23F_RS01975,SPN23F_RS01975,TDT family transporter
374361,374361,logistic+PCs,-6.142452933485942,6.607494765637623,-0.9296190388874559,0.3525683662737379,0.0021496442116584404,0.07,0.07,1.0,0.4989589722203148,False,False,SPN23F_RS01975,SPN23F_RS01975,TDT family transporter
374366,374366,logistic+PCs,-6.142452933485942,6.607494765637623,-0.9296190388874559,0.3525683662737379,0.0021496442116584404,0.07,0.07,1.0,0.4989589722203148,False,False,SPN23F_RS01975,SPN23F_RS01975,TDT family transporter
374387,374387,logistic+PCs,-6.142452933485942,6.607494765637623,-0.9296190388874559,0.3525683662737379,0.0021496442116584404,0.07,0.07,1.0,0.4989589722203148,False,False,SPN23F_RS01975,SPN23F_RS01975,TDT family transporter
374406,374406,logistic+PCs,-6.142452933485942,6.607494765637623,-0.9296190388874559,0.3525683662737379,0.0021496442116584404,0.07,0.07,1.0,0.4989589722203148,False,False,SPN23F_RS01975,SPN23F_RS01975,TDT family transporter
374412,374412,logistic+PCs,4.982427731731632,1.992546435860485,2.500532806694646,0.012400664695181248,145.82798347760033,0.31,0.31,1.0,0.05288964410811788,False,False,SPN23F_RS01975,SPN23F_RS01975,TDT family transporter
374435,374435,logistic+PCs,-6.142452933485942,6.607494765637623,-0.9296190388874559,0.3525683662737379,0.0021496442116584404,0.07,0.07,1.0,0.4989589722203148,False,False,SPN23F_RS01975,SPN23F_RS01975,TDT family transporter
374436,374436,logistic+PCs,-6.142452933485942,6.607494765637623,-0.9296190388874559,0.3525683662737379,0.0021496442116584404,0.07,0.07,1.0,0.4989589722203148,False,False,SPN23F_RS01975,SPN23F_RS01975,TDT family transporter
374449,374449,logistic+PCs,-6.142452933485942,6.607494765637623,-0.9296190388874559,0.3525683662737379,0.0021496442116584404,0.07,0.07,1.0,0.4989589722203148,False,False,SPN23F_RS01975,SPN23F_RS01975,TDT family transporter
374520,374520,logistic+PCs,-6.142452933485942,6.607494765637623,-0.9296190388874559,0.3525683662737379,0.0021496442116584404,0.07,0.07,1.0,0.4989589722203148,False,False,serS,SPN23F_RS01980,serine--tRNA ligase
374664,374664,logistic+PCs,-6.142452933485942,6.607494765637623,-0.9296190388874559,0.3525683662737379,0.0021496442116584404,0.07,0.07,1.0,0.4989589722203148,False,False,serS,SPN23F_RS01980,serine--tRNA ligase
374679,374679,logistic+PCs,1.9643744025524856,1.2852124949016381,1.5284432810488868,0.1264025157793394,7.13045040296579,0.18,0.18,1.0,0.28983203113040445,False,False,serS,SPN23F_RS01980,serine--tRNA ligase
374691,374691,logistic+PCs,-6.142452933485942,6.607494765637623,-0.9296190388874559,0.3525683662737379,0.0021496442116584404,0.07,0.07,1.0,0.4989589722203148,False,False,serS,SPN23F_RS01980,serine--tRNA ligase
374724,374724,logistic+PCs,-6.142452933485942,6.607494765637623,-0.9296190388874559,0.3525683662737379,0.0021496442116584404,0.07,0.07,1.0,0.4989589722203148,False,False,serS,SPN23F_RS01980,serine--tRNA ligase
374889,374889,logistic+PCs,-6.142452933485942,6.607494765637623,-0.9296190388874559,0.3525683662737379,0.0021496442116584404,0.07,0.07,1.0,0.4989589722203148,False,False,serS,SPN23F_RS01980,serine--tRNA ligase
374904,374904,logistic+PCs,-6.142452933485942,6.607494765637623,-0.9296190388874559,0.3525683662737379,0.0021496442116584404,0.07,0.07,1.0,0.4989589722203148,False,False,serS,SPN23F_RS01980,serine--tRNA ligase
375109,375109,logistic+PCs,-1.6582965569083008,0.7496539068232632,-2.212082858255893,0.026960940312826445,0.19046314705522935,0.1,0.1,1.0,0.09622851338068558,False,False,serS,SPN23F_RS01980,serine--tRNA ligase
375170,375170,logistic+PCs,-1.6560595056914769,0.7334743395865637,-2.2578288241480204,0.023956333439325572,0.1908896998023938,0.35,0.35,1.0,0.08780550630883054,False,False,serS,SPN23F_RS01980,serine--tRNA ligase
375187,375187,logistic+PCs,-1.8254264000735072,2.6167900403835045,-0.6975822943005321,0.48543845757589266,0.1611489155684423,0.17,0.17,1.0,0.5731338238716763,False,False,serS,SPN23F_RS01980,serine--tRNA ligase
375669,375669,logistic+PCs,-0.8388952131847773,1.4377561081015584,-0.583475325514333,0.5595733628024753,0.43218773508339037,0.16,0.16,1.0,0.6423962577014256,False,False,SPN23F_RS01985,SPN23F_RS01985,DUF956 family protein
375768,375768,logistic+PCs,-6.142452933485942,6.607494765637623,-0.9296190388874559,0.3525683662737379,0.0021496442116584404,0.07,0.07,1.0,0.4989589722203148,False,False,SPN23F_RS01985,SPN23F_RS01985,DUF956 family protein
375956,375956,logistic+PCs,11.741987811396758,4.022628019978928,2.9189842443990797,0.003511739725195489,125742.04322366399,0.14,0.14,1.0,0.02256127125337857,False,True,SPN23F_RS01985,SPN23F_RS01985,DUF956 family protein
376146,376146,logistic+PCs,-1.8254264000735072,2.6167900403835045,-0.6975822943005321,0.48543845757589266,0.1611489155684423,0.17,0.17,1.0,0.5731338238716763,False,False,SPN23F_RS01985,SPN23F_RS01985,DUF956 family protein
376344,376344,logistic+PCs,2.213020071329426,0.7368445503026165,3.003374416517779,0.002670037197261873,9.143288120100888,0.37,0.37,1.0,0.02256127125337857,False,True,SPN23F_RS01985,SPN23F_RS01985,DUF956 family protein
376694,376694,logistic+PCs,12.277758992799,4.05919952682052,3.0246749172282974,0.002489004985074624,214863.6656671586,0.12,0.12,1.0,0.02256127125337857,False,True,SPN23F_RS01985,SPN23F_RS01985,DUF956 family protein
377059,377059,logistic+PCs,1.7028304354900274,0.8291747738242962,2.0536447673586133,0.04001008592485962,5.489462994292935,0.19,0.19,1.0,0.12847693694572238,False,False,SPN23F_RS01990,SPN23F_RS01990,aspartate kinase
377210,377210,logistic+PCs,1.3889298741930187,0.6181171211224583,2.2470334937023217,0.024637886643702596,4.010555956362933,0.48,0.48,1.0,0.08982013278566096,False,False,SPN23F_RS01990,SPN23F_RS01990,aspartate kinase
377500,377500,logistic+PCs,2.5863360691446178,1.2007695825869764,2.1538987218284897,0.03124811523189249,13.281021604572274,0.06,0.06,1.0,0.10672568205773438,False,False,SPN23F_RS01995,SPN23F_RS01995,enoyl-CoA hydratase
377623,377623,logistic+PCs,0.9964454463333511,0.661965962641148,1.5052819972158062,0.13225159162943867,2.708636702033854,0.22,0.22,1.0,0.30061192890403116,False,False,SPN23F_RS01995,SPN23F_RS01995,enoyl-CoA hydratase
377968,377968,logistic+PCs,-2.799407339789549,0.7416141637347379,-3.7747490227153304,0.00016016883799895376,0.06084611301149052,0.16,0.16,0.5453748933864375,0.0035548650828014718,False,True,SPN23F_RS01995,SPN23F_RS01995,enoyl-CoA hydratase
378037,378037,logistic+PCs,-2.536671526058018,0.8444186492349437,-3.0040448873983085,0.002664160157264955,0.07912934190250433,0.11,0.11,1.0,0.02256127125337857,False,True,SPN23F_RS01995,SPN23F_RS01995,enoyl-CoA hydratase
378082,378082,logistic+PCs,4.896028328517555,1.928759278051428,2.538434103328787,0.01113497704058808,133.7574825509627,0.35,0.35,1.0,0.052446498478495945,False,False,SPN23F_RS01995,SPN23F_RS01995,enoyl-CoA hydratase
378226,378226,logistic+PCs,1.1314762260837126,0.7315142611266604,1.5467589440307568,0.1219213836624253,3.1002297637514156,0.19,0.19,1.0,0.2809328345126901,False,False,SPN23F_RS01995,SPN23F_RS01995,enoyl-CoA hydratase
378234,378234,logistic+PCs,1.1314762260837126,0.7315142611266604,1.5467589440307568,0.1219213836624253,3.1002297637514156,0.19,0.19,1.0,0.2809328345126901,False,False,SPN23F_RS01995,SPN23F_RS01995,enoyl-CoA hydratase
378250,378250,logistic+PCs,-1.566584327591705,0.6742473480582736,-2.323456417149021,0.02015464635933294,0.20875701154166373,0.48,0.48,1.0,0.08045318974622352,False,False,SPN23F_RS01995,SPN23F_RS01995,enoyl-CoA hydratase
378313,378313,logistic+PCs,1.099729159629817,0.6548272348335643,1.6794187857952065,0.09307045462236604,3.003352484683027,0.46,0.46,1.0,0.22587662009205728,False,False,SPN23F_RS01995,SPN23F_RS01995,enoyl-CoA hydratase
378373,378373,logistic+PCs,1.0000222634964209,0.7360501031735577,1.3586334125689534,0.17426278190055322,2.718342347590485,0.18,0.18,1.0,0.37721854569064445,False,False,fabT,SPN23F_RS02000,fatty acid biosynthesis transcriptional regulator FabT
378376,378376,logistic+PCs,0.6341935104051395,0.6322992988447838,1.002995751480061,0.3158629111202321,1.885500891255065,0.42,0.42,1.0,0.4989589722203148,False,False,fabT,SPN23F_RS02000,fatty acid biosynthesis transcriptional regulator FabT
378429,378429,logistic+PCs,3.584079863504116,1.5594090061212034,2.2983578069867496,0.02154143285204756,36.020198966251655,0.24,0.24,1.0,0.08232163733021543,False,False,fabT,SPN23F_RS02000,fatty acid biosynthesis transcriptional regulator FabT
378553,378553,logistic+PCs,-6.142452933485942,6.607494765637623,-0.9296190388874559,0.3525683662737379,0.0021496442116584404,0.07,0.07,1.0,0.4989589722203148,False,False,fabT,SPN23F_RS02000,fatty acid biosynthesis transcriptional regulator FabT
378931,378931,logistic+PCs,1.6923746007158822,0.8306603941276716,2.0373844867048834,0.04161152723771578,5.432365099485049,0.19,0.19,1.0,0.1332899814152608,False,False,fabT,SPN23F_RS02000,fatty acid biosynthesis transcriptional regulator FabT
379042,379042,logistic+PCs,1.5667750723633425,0.8339348518634382,1.8787739460251163,0.060275365984550106,4.791172069279024,0.18,0.18,1.0,0.16645386956803981,False,False,fabT,SPN23F_RS02000,fatty acid biosynthesis transcriptional regulator FabT
379219,379219,logistic+PCs,-1.3787754037104778,0.6413039925962013,-2.149956057701682,0.03155869078582867,0.2518868239375189,0.32,0.32,1.0,0.10734999213361301,False,False,fabT,SPN23F_RS02000,fatty acid biosynthesis transcriptional regulator FabT
379336,379336,logistic+PCs,-1.8254264000735072,2.6167900403835045,-0.6975822943005321,0.48543845757589266,0.1611489155684423,0.17,0.17,1.0,0.5731338238716763,False,False,fabT,SPN23F_RS02000,fatty acid biosynthesis transcriptional regulator FabT
380010,380010,logistic+PCs,-1.8254264000735072,2.6167900403835045,-0.6975822943005321,0.48543845757589266,0.1611489155684423,0.17,0.17,1.0,0.5731338238716763,False,False,SPN23F_RS02010,SPN23F_RS02010,acyl carrier protein
380022,380022,logistic+PCs,4.5201795362893415,1.6147574494690298,2.799293192779933,0.005121461136133418,91.85208728081706,0.28,0.28,1.0,0.030593991523744365,False,True,SPN23F_RS02010,SPN23F_RS02010,acyl carrier protein
380044,380044,logistic+PCs,11.741987811396758,4.022628019978928,2.9189842443990797,0.003511739725195489,125742.04322366399,0.14,0.14,1.0,0.02256127125337857,False,True,SPN23F_RS02010,SPN23F_RS02010,acyl carrier protein
380130,380130,logistic+PCs,5.291140613222218,1.7686943210265378,2.991551762404754,0.002775634779268347,198.56978761426373,0.46,0.46,1.0,0.02256127125337857,False,True,SPN23F_RS02010,SPN23F_RS02010,acyl carrier protein
380318,380318,logistic+PCs,8.049506613569061,3.646126207391915,2.207687325043775,0.02726607700272311,3132.2491807394445,0.3,0.3,1.0,0.09701253102849759,False,False,SPN23F_RS02010,SPN23F_RS02010,acyl carrier protein
380330,380330,logistic+PCs,-2.8881827472456627,1.1112273149859184,-2.599092650347838,0.009347054146591144,0.05567730046019323,0.08,0.08,1.0,0.045337207078551066,False,True,SPN23F_RS02010,SPN23F_RS02010,acyl carrier protein
380421,380421,logistic+PCs,-2.8881827472456627,1.1112273149859184,-2.599092650347838,0.009347054146591144,0.05567730046019323,0.08,0.08,1.0,0.045337207078551066,False,True,SPN23F_RS02010,SPN23F_RS02010,acyl carrier protein
380477,380477,logistic+PCs,-2.831249756171546,1.1089831237017955,-2.553014284582446,0.010679511622332449,0.05893914805798865,0.08,0.08,1.0,0.05128876879272495,False,False,SPN23F_RS02010,SPN23F_RS02010,acyl carrier protein
381066,381066,logistic+PCs,0.36223657360856965,0.5908649748811985,0.613061509833786,0.539835669248399,1.4365387489197698,0.38,0.38,1.0,0.6237327634173052,False,False,fabK,SPN23F_RS02015,enoyl-[acyl-carrier-protein] reductase FabK
381195,381195,logistic+PCs,30.448562235846268,1237884.4122500094,2.4597257978636475e-05,0.9999803742276228,16735649083820.238,0.16,0.16,1.0,0.9999999852469791,False,False,fabK,SPN23F_RS02015,enoyl-[acyl-carrier-protein] reductase FabK
381316,381316,logistic+PCs,-2.8881827472456627,1.1112273149859184,-2.599092650347838,0.009347054146591144,0.05567730046019323,0.08,0.08,1.0,0.045337207078551066,False,True,fabK,SPN23F_RS02015,enoyl-[acyl-carrier-protein] reductase FabK
381354,381354,logistic+PCs,-0.33109003186640706,0.7406557693200368,-0.44702282164137613,0.6548585821880679,0.7181405105994421,0.09,0.09,1.0,0.7373655662534296,False,False,fabK,SPN23F_RS02015,enoyl-[acyl-carrier-protein] reductase FabK
381375,381375,logistic+PCs,-2.372513531329784,1.1307017725839996,-2.0982663942481175,0.03588161941057533,0.0932460545946933,0.06,0.06,1.0,0.11770415615896819,False,False,fabK,SPN23F_RS02015,enoyl-[acyl-carrier-protein] reductase FabK
381550,381550,logistic+PCs,-1.8254264000735072,2.6167900403835045,-0.6975822943005321,0.48543845757589266,0.1611489155684423,0.17,0.17,1.0,0.5731338238716763,False,False,fabK,SPN23F_RS02015,enoyl-[acyl-carrier-protein] reductase FabK
381558,381558,logistic+PCs,0.06792853827510141,0.7137955336841637,0.09516526101599013,0.924183562413734,1.0702888210605528,0.19,0.19,1.0,0.9611518659752711,False,False,fabK,SPN23F_RS02015,enoyl-[acyl-carrier-protein] reductase FabK
381993,381993,logistic+PCs,-1.8424876915295185,0.7041712913772805,-2.616533383412746,0.008882767781330327,0.15842282836348745,0.32,0.32,1.0,0.045337207078551066,False,True,fabD,SPN23F_RS02020,ACP S-malonyltransferase
382036,382036,logistic+PCs,1.4126653228995758,0.5988397286243946,2.35900401288444,0.0183240576161595,4.106887009462918,0.35,0.35,1.0,0.07392584855808423,False,False,fabD,SPN23F_RS02020,ACP S-malonyltransferase
382173,382173,logistic+PCs,0.9717213429121299,0.6341480554767263,1.5323256683041155,0.12544209002001022,2.642489176738208,0.36,0.36,1.0,0.28801774546064385,False,False,fabD,SPN23F_RS02020,ACP S-malonyltransferase
382520,382520,logistic+PCs,-0.409423334018439,0.9101118918757028,-0.44986043768160694,0.6528110756930248,0.6640330650267812,0.48,0.48,1.0,0.7361003831732088,False,False,fabG,SPN23F_RS02025,3-oxoacyl-[acyl-carrier-protein] reductase
382678,382678,logistic+PCs,3.3445836811552185,1.626871698630916,2.055837398837187,0.03979819184566905,28.348771081960706,0.31,0.31,1.0,0.12844819263933943,False,False,fabG,SPN23F_RS02025,3-oxoacyl-[acyl-carrier-protein] reductase
382740,382740,logistic+PCs,-2.8881827472456627,1.1112273149859184,-2.599092650347838,0.009347054146591144,0.05567730046019323,0.08,0.08,1.0,0.045337207078551066,False,True,fabG,SPN23F_RS02025,3-oxoacyl-[acyl-carrier-protein] reductase
382882,382882,logistic+PCs,-1.8061915753070497,0.792320666101678,-2.2796219416991232,0.02263012046698757,0.1642785895943624,0.5,0.5,1.0,0.0858079734856266,False,False,fabG,SPN23F_RS02025,3-oxoacyl-[acyl-carrier-protein] reductase
383020,383020,logistic+PCs,-6.142452933485942,6.607494765637623,-0.9296190388874559,0.3525683662737379,0.0021496442116584404,0.07,0.07,1.0,0.4989589722203148,False,False,fabG,SPN23F_RS02025,3-oxoacyl-[acyl-carrier-protein] reductase
383046,383046,logistic+PCs,-2.242042325336272,0.7111138988441739,-3.1528596600072496,0.0016167951525918776,0.10624130335157556,0.33,0.33,1.0,0.02109267239300898,False,True,fabG,SPN23F_RS02025,3-oxoacyl-[acyl-carrier-protein] reductase
383056,383056,logistic+PCs,-2.236760325227486,0.665690334167223,-3.3600612934025365,0.0007792518217452448,0.10680395458122297,0.18,0.18,1.0,0.012227430659182296,False,True,fabG,SPN23F_RS02025,3-oxoacyl-[acyl-carrier-protein] reductase
383368,383368,logistic+PCs,-3.0945536668709472,0.8451799178957123,-3.6614140981669507,0.00025082696365513106,0.04529522470859666,0.14,0.14,0.8540658112457212,0.004825230572009724,False,True,fabG,SPN23F_RS02025,3-oxoacyl-[acyl-carrier-protein] reductase
383443,383443,logistic+PCs,-0.43602841375284407,0.9188924390257869,-0.4745151828816036,0.6351325736149437,0.6465993533602085,0.48,0.48,1.0,0.7177651553796492,False,False,fabG,SPN23F_RS02025,3-oxoacyl-[acyl-carrier-protein] reductase
383554,383554,logistic+PCs,0.9015204082208458,0.6380424609986313,1.4129473559014118,0.1576712035839093,2.4633455562483797,0.36,0.36,1.0,0.35343676642739374,False,False,fabG,SPN23F_RS02025,3-oxoacyl-[acyl-carrier-protein] reductase
384188,384188,logistic+PCs,1.3320501649225076,0.567447840279593,2.3474407167823204,0.018902881008840425,3.788803101721382,0.28,0.28,1.0,0.07581190793298191,False,False,accB,SPN23F_RS02035,acetyl-CoA carboxylase biotin carboxyl carrier protein
384251,384251,logistic+PCs,-6.142452933485942,6.607494765637623,-0.9296190388874559,0.3525683662737379,0.0021496442116584404,0.07,0.07,1.0,0.4989589722203148,False,False,accB,SPN23F_RS02035,acetyl-CoA carboxylase biotin carboxyl carrier protein
384284,384284,logistic+PCs,-0.14381195739692326,0.7748533015121873,-0.18559894771857186,0.8527592788274776,0.8660505871551862,0.08,0.08,1.0,0.9125733032910449,False,False,accB,SPN23F_RS02035,acetyl-CoA carboxylase biotin carboxyl carrier protein
384287,384287,logistic+PCs,-0.14381195739692326,0.7748533015121873,-0.18559894771857186,0.8527592788274776,0.8660505871551862,0.08,0.08,1.0,0.9125733032910449,False,False,accB,SPN23F_RS02035,acetyl-CoA carboxylase biotin carboxyl carrier protein
384300,384300,logistic+PCs,11.741987811396758,4.022628019978928,2.9189842443990797,0.003511739725195489,125742.04322366399,0.14,0.14,1.0,0.02256127125337857,False,True,accB,SPN23F_RS02035,acetyl-CoA carboxylase biotin carboxyl carrier protein
384443,384443,logistic+PCs,0.09131633273520841,0.8411394123978608,0.10856266082561779,0.9135493779979845,1.0956155295042795,0.3,0.3,1.0,0.9519960330901094,False,False,accB,SPN23F_RS02035,acetyl-CoA carboxylase biotin carboxyl carrier protein
384644,384644,logistic+PCs,0.6538469853326634,0.676871204850538,0.9659843418468974,0.3340520162630881,1.9229240790088764,0.19,0.19,1.0,0.4989589722203148,False,False,fabZ,SPN23F_RS02040,3-hydroxyacyl-ACP dehydratase FabZ
384674,384674,logistic+PCs,-1.8254264000735072,2.6167900403835045,-0.6975822943005321,0.48543845757589266,0.1611489155684423,0.17,0.17,1.0,0.5731338238716763,False,False,fabZ,SPN23F_RS02040,3-hydroxyacyl-ACP dehydratase FabZ
384728,384728,logistic+PCs,-6.142452933485942,6.607494765637623,-0.9296190388874559,0.3525683662737379,0.0021496442116584404,0.07,0.07,1.0,0.4989589722203148,False,False,fabZ,SPN23F_RS02040,3-hydroxyacyl-ACP dehydratase FabZ
384807,384807,logistic+PCs,11.741987811396758,4.022628019978928,2.9189842443990797,0.003511739725195489,125742.04322366399,0.14,0.14,1.0,0.02256127125337857,False,True,fabZ,SPN23F_RS02040,3-hydroxyacyl-ACP dehydratase FabZ
385106,385106,logistic+PCs,-6.142452933485942,6.607494765637623,-0.9296190388874559,0.3525683662737379,0.0021496442116584404,0.07,0.07,1.0,0.4989589722203148,False,False,fabZ,SPN23F_RS02040,3-hydroxyacyl-ACP dehydratase FabZ
385271,385271,logistic+PCs,-6.142452933485942,6.607494765637623,-0.9296190388874559,0.3525683662737379,0.0021496442116584404,0.07,0.07,1.0,0.4989589722203148,False,False,fabZ,SPN23F_RS02040,3-hydroxyacyl-ACP dehydratase FabZ
385286,385286,logistic+PCs,-6.142452933485942,6.607494765637623,-0.9296190388874559,0.3525683662737379,0.0021496442116584404,0.07,0.07,1.0,0.4989589722203148,False,False,fabZ,SPN23F_RS02040,3-hydroxyacyl-ACP dehydratase FabZ
385430,385430,logistic+PCs,-6.142452933485942,6.607494765637623,-0.9296190388874559,0.3525683662737379,0.0021496442116584404,0.07,0.07,1.0,0.4989589722203148,False,False,fabZ,SPN23F_RS02040,3-hydroxyacyl-ACP dehydratase FabZ
385511,385511,logistic+PCs,-6.142452933485942,6.607494765637623,-0.9296190388874559,0.3525683662737379,0.0021496442116584404,0.07,0.07,1.0,0.4989589722203148,False,False,fabZ,SPN23F_RS02040,3-hydroxyacyl-ACP dehydratase FabZ
385526,385526,logistic+PCs,-6.142452933485942,6.607494765637623,-0.9296190388874559,0.3525683662737379,0.0021496442116584404,0.07,0.07,1.0,0.4989589722203148,False,False,fabZ,SPN23F_RS02040,3-hydroxyacyl-ACP dehydratase FabZ
385544,385544,logistic+PCs,-6.142452933485942,6.607494765637623,-0.9296190388874559,0.3525683662737379,0.0021496442116584404,0.07,0.07,1.0,0.4989589722203148,False,False,fabZ,SPN23F_RS02040,3-hydroxyacyl-ACP dehydratase FabZ
385676,385676,logistic+PCs,1.349312348068413,1.3904848893730704,0.9703897959486487,0.33185223300072386,3.85477387639193,0.1,0.1,1.0,0.4989589722203148,False,False,fabZ,SPN23F_RS02040,3-hydroxyacyl-ACP dehydratase FabZ
385686,385686,logistic+PCs,-6.142452933485942,6.607494765637623,-0.9296190388874559,0.3525683662737379,0.0021496442116584404,0.07,0.07,1.0,0.4989589722203148,False,False,fabZ,SPN23F_RS02040,3-hydroxyacyl-ACP dehydratase FabZ
385715,385715,logistic+PCs,-6.142452933485942,6.607494765637623,-0.9296190388874559,0.3525683662737379,0.0021496442116584404,0.07,0.07,1.0,0.4989589722203148,False,False,fabZ,SPN23F_RS02040,3-hydroxyacyl-ACP dehydratase FabZ
385805,385805,logistic+PCs,0.36785394792687437,0.5792287731971553,0.6350754053470785,0.5253792368002628,1.4446310322081108,0.4,0.4,1.0,0.6155940472487593,False,False,fabZ,SPN23F_RS02040,3-hydroxyacyl-ACP dehydratase FabZ
385957,385957,logistic+PCs,-6.142452933485942,6.607494765637623,-0.9296190388874559,0.3525683662737379,0.0021496442116584404,0.07,0.07,1.0,0.4989589722203148,False,False,fabZ,SPN23F_RS02040,3-hydroxyacyl-ACP dehydratase FabZ
386044,386044,logistic+PCs,-6.142452933485942,6.607494765637623,-0.9296190388874559,0.3525683662737379,0.0021496442116584404,0.07,0.07,1.0,0.4989589722203148,False,False,accC,SPN23F_RS02045,acetyl-CoA carboxylase biotin carboxylase subunit
386110,386110,logistic+PCs,11.741987811396758,4.022628019978928,2.9189842443990797,0.003511739725195489,125742.04322366399,0.14,0.14,1.0,0.02256127125337857,False,True,accC,SPN23F_RS02045,acetyl-CoA carboxylase biotin carboxylase subunit
386143,386143,logistic+PCs,11.741987811396758,4.022628019978928,2.9189842443990797,0.003511739725195489,125742.04322366399,0.14,0.14,1.0,0.02256127125337857,False,True,accC,SPN23F_RS02045,acetyl-CoA carboxylase biotin carboxylase subunit
386155,386155,logistic+PCs,11.741987811396758,4.022628019978928,2.9189842443990797,0.003511739725195489,125742.04322366399,0.14,0.14,1.0,0.02256127125337857,False,True,accC,SPN23F_RS02045,acetyl-CoA carboxylase biotin carboxylase subunit
386208,386208,logistic+PCs,30.448562235846268,1237884.4122500094,2.4597257978636475e-05,0.9999803742276228,16735649083820.238,0.16,0.16,1.0,0.9999999852469791,False,False,accC,SPN23F_RS02045,acetyl-CoA carboxylase biotin carboxylase subunit
386344,386344,logistic+PCs,-6.142452933485942,6.607494765637623,-0.9296190388874559,0.3525683662737379,0.0021496442116584404,0.07,0.07,1.0,0.4989589722203148,False,False,accC,SPN23F_RS02045,acetyl-CoA carboxylase biotin carboxylase subunit
386485,386485,logistic+PCs,4.792650220268042,2.734637023414684,1.7525727104665465,0.07967537894274683,120.6206166405924,0.21,0.21,1.0,0.2016564803358884,False,False,accC,SPN23F_RS02045,acetyl-CoA carboxylase biotin carboxylase subunit
386662,386662,logistic+PCs,1.0000222634964209,0.7360501031735577,1.3586334125689534,0.17426278190055322,2.718342347590485,0.18,0.18,1.0,0.37721854569064445,False,False,accD,SPN23F_RS02050,acetyl-CoA carboxylase%2C carboxyltransferase subunit beta
386758,386758,logistic+PCs,1.4006506455392915,0.663754341552174,2.1101943262079503,0.03484162105052056,4.057839323163633,0.43,0.43,1.0,0.11506859328518189,False,False,accD,SPN23F_RS02050,acetyl-CoA carboxylase%2C carboxyltransferase subunit beta
386779,386779,logistic+PCs,-6.142452933485942,6.607494765637623,-0.9296190388874559,0.3525683662737379,0.0021496442116584404,0.07,0.07,1.0,0.4989589722203148,False,False,accD,SPN23F_RS02050,acetyl-CoA carboxylase%2C carboxyltransferase subunit beta
386851,386851,logistic+PCs,1.0000222634964209,0.7360501031735577,1.3586334125689534,0.17426278190055322,2.718342347590485,0.18,0.18,1.0,0.37721854569064445,False,False,accD,SPN23F_RS02050,acetyl-CoA carboxylase%2C carboxyltransferase subunit beta
387124,387124,logistic+PCs,-1.8254264000735072,2.6167900403835045,-0.6975822943005321,0.48543845757589266,0.1611489155684423,0.17,0.17,1.0,0.5731338238716763,False,False,accD,SPN23F_RS02050,acetyl-CoA carboxylase%2C carboxyltransferase subunit beta
387151,387151,logistic+PCs,2.2591799607201803,1.1208783378670413,2.015544314130696,0.04384764776372443,9.575233878488287,0.14,0.14,1.0,0.13647279765583334,False,False,accD,SPN23F_RS02050,acetyl-CoA carboxylase%2C carboxyltransferase subunit beta
387215,387215,logistic+PCs,11.741987811396758,4.022628019978928,2.9189842443990797,0.003511739725195489,125742.04322366399,0.14,0.14,1.0,0.02256127125337857,False,True,accD,SPN23F_RS02050,acetyl-CoA carboxylase%2C carboxyltransferase subunit beta
387224,387224,logistic+PCs,-1.8254264000735072,2.6167900403835045,-0.6975822943005321,0.48543845757589266,0.1611489155684423,0.17,0.17,1.0,0.5731338238716763,False,False,accD,SPN23F_RS02050,acetyl-CoA carboxylase%2C carboxyltransferase subunit beta
387555,387555,logistic+PCs,8.046672821182662,3.901627186322838,2.062388956430868,0.0391707198738402,3123.3856015618467,0.3,0.3,1.0,0.126783556245652,False,False,accD,SPN23F_RS02050,acetyl-CoA carboxylase%2C carboxyltransferase subunit beta
387650,387650,logistic+PCs,30.448562235846268,1237884.4122500094,2.4597257978636475e-05,0.9999803742276228,16735649083820.238,0.16,0.16,1.0,0.9999999852469791,False,False,accD,SPN23F_RS02050,acetyl-CoA carboxylase%2C carboxyltransferase subunit beta
387677,387677,logistic+PCs,2.8595043988016,1.2626623566106185,2.264662745215123,0.023533383305728142,17.45287512700501,0.31,0.31,1.0,0.08686651591247109,False,False,accD,SPN23F_RS02050,acetyl-CoA carboxylase%2C carboxyltransferase subunit beta
387689,387689,logistic+PCs,30.448562235846268,1237884.4122500094,2.4597257978636475e-05,0.9999803742276228,16735649083820.238,0.16,0.16,1.0,0.9999999852469791,False,False,accD,SPN23F_RS02050,acetyl-CoA carboxylase%2C carboxyltransferase subunit beta
387698,387698,logistic+PCs,-6.142452933485942,6.607494765637623,-0.9296190388874559,0.3525683662737379,0.0021496442116584404,0.07,0.07,1.0,0.4989589722203148,False,False,accD,SPN23F_RS02050,acetyl-CoA carboxylase%2C carboxyltransferase subunit beta
387753,387753,logistic+PCs,1.0000222634964209,0.7360501031735577,1.3586334125689534,0.17426278190055322,2.718342347590485,0.18,0.18,1.0,0.37721854569064445,False,False,accD,SPN23F_RS02050,acetyl-CoA carboxylase%2C carboxyltransferase subunit beta
387799,387799,logistic+PCs,-4.504803273704161,1.4928531371990237,-3.0175796677202484,0.0025480205600674093,0.011055764932620416,0.38,0.38,1.0,0.02256127125337857,False,True,accD,SPN23F_RS02050,acetyl-CoA carboxylase%2C carboxyltransferase subunit beta
387914,387914,logistic+PCs,-6.142452933485942,6.607494765637623,-0.9296190388874559,0.3525683662737379,0.0021496442116584404,0.07,0.07,1.0,0.4989589722203148,False,False,SPN23F_RS02055,SPN23F_RS02055,acetyl-CoA carboxylase carboxyl transferase subunit alpha
388055,388055,logistic+PCs,0.8403096510904321,0.6031709633440101,1.3931533547830506,0.16357342166778355,2.3170843534037875,0.45,0.45,1.0,0.3657042027437971,False,False,SPN23F_RS02055,SPN23F_RS02055,acetyl-CoA carboxylase carboxyl transferase subunit alpha
388088,388088,logistic+PCs,0.3474620553994759,0.6425182951644146,0.5407815746484907,0.588658144196702,1.415470600129203,0.2,0.2,1.0,0.6712595381747389,False,False,briC,SPN23F_RS02060,biofilm-regulating peptide BriC
388124,388124,logistic+PCs,-4.504803273704161,1.4928531371990237,-3.0175796677202484,0.0025480205600674093,0.011055764932620416,0.38,0.38,1.0,0.02256127125337857,False,True,briC,SPN23F_RS02060,biofilm-regulating peptide BriC
388139,388139,logistic+PCs,0.3474620553994759,0.6425182951644146,0.5407815746484907,0.588658144196702,1.415470600129203,0.2,0.2,1.0,0.6712595381747389,False,False,briC,SPN23F_RS02060,biofilm-regulating peptide BriC
388229,388229,logistic+PCs,4.982427731731632,1.992546435860485,2.500532806694646,0.012400664695181248,145.82798347760033,0.31,0.31,1.0,0.05288964410811788,False,False,briC,SPN23F_RS02060,biofilm-regulating peptide BriC
388280,388280,logistic+PCs,2.8595043988016,1.2626623566106185,2.264662745215123,0.023533383305728142,17.45287512700501,0.31,0.31,1.0,0.08686651591247109,False,False,briC,SPN23F_RS02060,biofilm-regulating peptide BriC
388331,388331,logistic+PCs,4.982427731731632,1.992546435860485,2.500532806694646,0.012400664695181248,145.82798347760033,0.31,0.31,1.0,0.05288964410811788,False,False,briC,SPN23F_RS02060,biofilm-regulating peptide BriC
388482,388482,logistic+PCs,5.291140613222218,1.7686943210265378,2.991551762404754,0.002775634779268347,198.56978761426373,0.46,0.46,1.0,0.02256127125337857,False,True,briC,SPN23F_RS02060,biofilm-regulating peptide BriC
388500,388500,logistic+PCs,4.242966065041183,1.5556545790886604,2.727447418003818,0.006382642932444112,69.61402565299728,0.39,0.39,1.0,0.036710978352993584,False,True,briC,SPN23F_RS02060,biofilm-regulating peptide BriC
388520,388520,logistic+PCs,2.5621007199634787,0.7648446950607047,3.349831327208366,0.0008086078391765096,12.963020408257727,0.36,0.36,1.0,0.012402295911693761,False,True,briC,SPN23F_RS02060,biofilm-regulating peptide BriC
388536,388536,logistic+PCs,1.6941248534135025,0.6914383398942895,2.4501459575882194,0.014279831681020783,5.441881436722992,0.45,0.45,1.0,0.05973320254775893,False,False,briC,SPN23F_RS02060,biofilm-regulating peptide BriC
388857,388857,logistic+PCs,-1.4171230450281447,0.6809540311949781,-2.0810847430351416,0.03742615008237729,0.2424104185174322,0.34,0.34,1.0,0.12171541645701496,False,False,SPN23F_RS14155,SPN23F_RS14155,lysostaphin resistance A-like protein
388877,388877,logistic+PCs,-2.8881827472456627,1.1112273149859184,-2.599092650347838,0.009347054146591144,0.05567730046019323,0.08,0.08,1.0,0.045337207078551066,False,True,SPN23F_RS14155,SPN23F_RS14155,lysostaphin resistance A-like protein
388998,388998,logistic+PCs,8.473861315535846,2.2454437525090754,3.773802530598725,0.00016077803898720313,4787.967675641131,0.45,0.45,0.5474492227514266,0.0035548650828014718,False,True,SPN23F_RS14155,SPN23F_RS14155,lysostaphin resistance A-like protein
389094,389094,logistic+PCs,-3.2566131955602784,1.1013996236008947,-2.9567952682906955,0.0031085444389073445,0.038518632429146216,0.1,0.1,1.0,0.02256127125337857,False,True,SPN23F_RS14155,SPN23F_RS14155,lysostaphin resistance A-like protein
389320,389320,logistic+PCs,1.4325786009255927,0.6932330716333064,2.0665179714382864,0.03877959727115813,4.189488293943316,0.5,0.5,1.0,0.1257566940078985,False,False,SPN23F_RS14155,SPN23F_RS14155,lysostaphin resistance A-like protein
389338,389338,logistic+PCs,-2.83357179078986,0.7394001808805265,-3.8322573676076948,0.00012697280382396918,0.05880244808827715,0.32,0.32,0.43234239702061505,0.0035548650828014718,False,True,SPN23F_RS14155,SPN23F_RS14155,lysostaphin resistance A-like protein
389352,389352,logistic+PCs,1.0000222634964209,0.7360501031735577,1.3586334125689534,0.17426278190055322,2.718342347590485,0.18,0.18,1.0,0.37721854569064445,False,False,SPN23F_RS14155,SPN23F_RS14155,lysostaphin resistance A-like protein
389458,389458,logistic+PCs,-2.73117442954213,0.8429905993856529,-3.2398634475076364,0.0011958695425358585,0.06514273916800768,0.12,0.12,1.0,0.016756937417014808,False,True,SPN23F_RS14155,SPN23F_RS14155,lysostaphin resistance A-like protein
389572,389572,logistic+PCs,0.7917007884422939,0.6498847372865727,1.218217236102263,0.2231414314151281,2.207147126100846,0.28,0.28,1.0,0.4571612721431429,False,False,SPN23F_RS14155,SPN23F_RS14155,lysostaphin resistance A-like protein
389650,389650,logistic+PCs,1.0000222634964209,0.7360501031735577,1.3586334125689534,0.17426278190055322,2.718342347590485,0.18,0.18,1.0,0.37721854569064445,False,False,nusB,SPN23F_RS02075,transcription antitermination factor NusB
389791,389791,logistic+PCs,0.38926541949954774,0.9900001488944393,0.3931973342976274,0.6941737384151767,1.47589623099006,0.24,0.24,1.0,0.7683950011605347,False,False,nusB,SPN23F_RS02075,transcription antitermination factor NusB
389815,389815,logistic+PCs,-2.7854996213003687,0.740739358794206,-3.7604315043211343,0.00016962051584900164,0.061698255566395806,0.16,0.16,0.5775578564658506,0.0037022939517041705,False,True,nusB,SPN23F_RS02075,transcription antitermination factor NusB
389817,389817,logistic+PCs,-2.005938144341485,0.7504477016938205,-2.672988590429316,0.007517880737178963,0.1345340241408098,0.34,0.34,1.0,0.04252223240879463,False,True,nusB,SPN23F_RS02075,transcription antitermination factor NusB
389826,389826,logistic+PCs,-1.9544962946807676,0.7144078063350359,-2.7358271807071595,0.006222369507592953,0.1416358014358771,0.41,0.41,1.0,0.03597142304474364,False,True,nusB,SPN23F_RS02075,transcription antitermination factor NusB
389888,389888,logistic+PCs,-2.6901781831805507,0.8409557922133544,-3.1989531531736453,0.0013792757952180153,0.06786884520760572,0.12,0.12,1.0,0.01861716712698087,False,True,nusB,SPN23F_RS02075,transcription antitermination factor NusB
389936,389936,logistic+PCs,-0.10629284705024743,0.5863789278439093,-0.18126989563059806,0.8561557343686452,0.8991612927841075,0.25,0.25,1.0,0.9144955360611808,False,False,nusB,SPN23F_RS02075,transcription antitermination factor NusB
389942,389942,logistic+PCs,-0.10629284705024743,0.5863789278439093,-0.18126989563059806,0.8561557343686452,0.8991612927841075,0.25,0.25,1.0,0.9144955360611808,False,False,nusB,SPN23F_RS02075,transcription antitermination factor NusB
390064,390064,logistic+PCs,11.741987811396758,4.022628019978928,2.9189842443990797,0.003511739725195489,125742.04322366399,0.14,0.14,1.0,0.02256127125337857,False,True,SPN23F_RS02080,SPN23F_RS02080,Asp23/Gls24 family envelope stress response protein
390107,390107,logistic+PCs,11.741987811396758,4.022628019978928,2.9189842443990797,0.003511739725195489,125742.04322366399,0.14,0.14,1.0,0.02256127125337857,False,True,SPN23F_RS02080,SPN23F_RS02080,Asp23/Gls24 family envelope stress response protein
390139,390139,logistic+PCs,11.741987811396758,4.022628019978928,2.9189842443990797,0.003511739725195489,125742.04322366399,0.14,0.14,1.0,0.02256127125337857,False,True,SPN23F_RS02080,SPN23F_RS02080,Asp23/Gls24 family envelope stress response protein
390283,390283,logistic+PCs,0.8125098742699993,0.8019859618161538,1.0131223150465294,0.3110017406976644,2.253557039334012,0.47,0.47,1.0,0.4989589722203148,False,False,SPN23F_RS02080,SPN23F_RS02080,Asp23/Gls24 family envelope stress response protein
390370,390370,logistic+PCs,11.741987811396758,4.022628019978928,2.9189842443990797,0.003511739725195489,125742.04322366399,0.14,0.14,1.0,0.02256127125337857,False,True,SPN23F_RS02080,SPN23F_RS02080,Asp23/Gls24 family envelope stress response protein
390385,390385,logistic+PCs,1.216161995673681,1.8363256361479001,0.6622801379742486,0.5077917035689513,3.374212607667677,0.22,0.22,1.0,0.5966289684790473,False,False,SPN23F_RS02080,SPN23F_RS02080,Asp23/Gls24 family envelope stress response protein
390609,390609,logistic+PCs,-6.142452933485942,6.607494765637623,-0.9296190388874559,0.3525683662737379,0.0021496442116584404,0.07,0.07,1.0,0.4989589722203148,False,False,SPN23F_RS02080,SPN23F_RS02080,Asp23/Gls24 family envelope stress response protein
390611,390611,logistic+PCs,11.741987811396758,4.022628019978928,2.9189842443990797,0.003511739725195489,125742.04322366399,0.14,0.14,1.0,0.02256127125337857,False,True,SPN23F_RS02080,SPN23F_RS02080,Asp23/Gls24 family envelope stress response protein
390621,390621,logistic+PCs,-6.742596455519978,6.373121638104902,-1.0579739158289378,0.29006733444129507,0.0011795804488855706,0.08,0.08,1.0,0.4989589722203148,False,False,SPN23F_RS02080,SPN23F_RS02080,Asp23/Gls24 family envelope stress response protein
390691,390691,logistic+PCs,-6.142452933485942,6.607494765637623,-0.9296190388874559,0.3525683662737379,0.0021496442116584404,0.07,0.07,1.0,0.4989589722203148,False,False,SPN23F_RS02080,SPN23F_RS02080,Asp23/Gls24 family envelope stress response protein
390695,390695,logistic+PCs,1.5667750723633425,0.8339348518634382,1.8787739460251163,0.060275365984550106,4.791172069279024,0.18,0.18,1.0,0.16645386956803981,False,False,SPN23F_RS02080,SPN23F_RS02080,Asp23/Gls24 family envelope stress response protein
390721,390721,logistic+PCs,-6.142452933485942,6.607494765637623,-0.9296190388874559,0.3525683662737379,0.0021496442116584404,0.07,0.07,1.0,0.4989589722203148,False,False,SPN23F_RS02080,SPN23F_RS02080,Asp23/Gls24 family envelope stress response protein
390754,390754,logistic+PCs,11.741987811396758,4.022628019978928,2.9189842443990797,0.003511739725195489,125742.04322366399,0.14,0.14,1.0,0.02256127125337857,False,True,SPN23F_RS02080,SPN23F_RS02080,Asp23/Gls24 family envelope stress response protein
390767,390767,logistic+PCs,-2.026421896257845,1.0429562270543677,-1.9429596791239163,0.05202103025848194,0.13180629500477128,0.29,0.29,1.0,0.1568924783260682,False,False,SPN23F_RS02080,SPN23F_RS02080,Asp23/Gls24 family envelope stress response protein
391204,391204,logistic+PCs,11.741987811396758,4.022628019978928,2.9189842443990797,0.003511739725195489,125742.04322366399,0.14,0.14,1.0,0.02256127125337857,False,True,efp,SPN23F_RS02085,elongation factor P
391265,391265,logistic+PCs,4.982427731731632,1.992546435860485,2.500532806694646,0.012400664695181248,145.82798347760033,0.31,0.31,1.0,0.05288964410811788,False,False,efp,SPN23F_RS02085,elongation factor P
391292,391292,logistic+PCs,-0.3750353609058413,0.5848392794048348,-0.6412622648866851,0.5213523016229116,0.6872649760491851,0.26,0.26,1.0,0.6112963453946328,False,False,efp,SPN23F_RS02085,elongation factor P
391353,391353,logistic+PCs,-1.8254264000735072,2.6167900403835045,-0.6975822943005321,0.48543845757589266,0.1611489155684423,0.17,0.17,1.0,0.5731338238716763,False,False,efp,SPN23F_RS02085,elongation factor P
391359,391359,logistic+PCs,-0.08223185150249052,0.8672198185538091,-0.09482238498610628,0.9244559063345119,0.921058385168151,0.36,0.36,1.0,0.9611518659752711,False,False,efp,SPN23F_RS02085,elongation factor P
391369,391369,logistic+PCs,-1.8254264000735072,2.6167900403835045,-0.6975822943005321,0.48543845757589266,0.1611489155684423,0.17,0.17,1.0,0.5731338238716763,False,False,efp,SPN23F_RS02085,elongation factor P
391447,391447,logistic+PCs,1.1314762260837126,0.7315142611266604,1.5467589440307568,0.1219213836624253,3.1002297637514156,0.19,0.19,1.0,0.2809328345126901,False,False,efp,SPN23F_RS02085,elongation factor P
391642,391642,logistic+PCs,11.741987811396758,4.022628019978928,2.9189842443990797,0.003511739725195489,125742.04322366399,0.14,0.14,1.0,0.02256127125337857,False,True,gatB,SPN23F_RS02090,Asp-tRNA(Asn)/Glu-tRNA(Gln) amidotransferase subunit GatB
391684,391684,logistic+PCs,2.2591799607201803,1.1208783378670413,2.015544314130696,0.04384764776372443,9.575233878488287,0.14,0.14,1.0,0.13647279765583334,False,False,gatB,SPN23F_RS02090,Asp-tRNA(Asn)/Glu-tRNA(Gln) amidotransferase subunit GatB
391808,391808,logistic+PCs,-2.071270837014974,1.1511479022697464,-1.7993090487599366,0.07196980751024531,0.12602552199643804,0.05,0.05,1.0,0.18778329086006537,False,False,gatB,SPN23F_RS02090,Asp-tRNA(Asn)/Glu-tRNA(Gln) amidotransferase subunit GatB
392086,392086,logistic+PCs,4.792650220268042,2.734637023414684,1.7525727104665465,0.07967537894274683,120.6206166405924,0.21,0.21,1.0,0.2016564803358884,False,False,gatB,SPN23F_RS02090,Asp-tRNA(Asn)/Glu-tRNA(Gln) amidotransferase subunit GatB
392176,392176,logistic+PCs,-6.142452933485942,6.607494765637623,-0.9296190388874559,0.3525683662737379,0.0021496442116584404,0.07,0.07,1.0,0.4989589722203148,False,False,gatB,SPN23F_RS02090,Asp-tRNA(Asn)/Glu-tRNA(Gln) amidotransferase subunit GatB
392179,392179,logistic+PCs,-6.142452933485942,6.607494765637623,-0.9296190388874559,0.3525683662737379,0.0021496442116584404,0.07,0.07,1.0,0.4989589722203148,False,False,gatB,SPN23F_RS02090,Asp-tRNA(Asn)/Glu-tRNA(Gln) amidotransferase subunit GatB
392185,392185,logistic+PCs,-6.142452933485942,6.607494765637623,-0.9296190388874559,0.3525683662737379,0.0021496442116584404,0.07,0.07,1.0,0.4989589722203148,False,False,gatB,SPN23F_RS02090,Asp-tRNA(Asn)/Glu-tRNA(Gln) amidotransferase subunit GatB
392287,392287,logistic+PCs,-1.8254264000735072,2.6167900403835045,-0.6975822943005321,0.48543845757589266,0.1611489155684423,0.17,0.17,1.0,0.5731338238716763,False,False,gatA,SPN23F_RS02095,Asp-tRNA(Asn)/Glu-tRNA(Gln) amidotransferase subunit GatA
392406,392406,logistic+PCs,-1.8504241241487283,0.7291129578034312,-2.5379114502688656,0.011151619647116319,0.15717049237432973,0.35,0.35,1.0,0.052446498478495945,False,False,gatA,SPN23F_RS02095,Asp-tRNA(Asn)/Glu-tRNA(Gln) amidotransferase subunit GatA
392694,392694,logistic+PCs,-6.142452933485942,6.607494765637623,-0.9296190388874559,0.3525683662737379,0.0021496442116584404,0.07,0.07,1.0,0.4989589722203148,False,False,gatA,SPN23F_RS02095,Asp-tRNA(Asn)/Glu-tRNA(Gln) amidotransferase subunit GatA
392786,392786,logistic+PCs,-2.071270837014974,1.1511479022697464,-1.7993090487599366,0.07196980751024531,0.12602552199643804,0.05,0.05,1.0,0.18778329086006537,False,False,gatA,SPN23F_RS02095,Asp-tRNA(Asn)/Glu-tRNA(Gln) amidotransferase subunit GatA
392868,392868,logistic+PCs,-1.3652197065515477,0.6541803157500095,-2.0869165177896565,0.03689568150643776,0.2553245733437094,0.47,0.47,1.0,0.12056602258101781,False,False,gatA,SPN23F_RS02095,Asp-tRNA(Asn)/Glu-tRNA(Gln) amidotransferase subunit GatA
393161,393161,logistic+PCs,-1.8254264000735072,2.6167900403835045,-0.6975822943005321,0.48543845757589266,0.1611489155684423,0.17,0.17,1.0,0.5731338238716763,False,False,gatA,SPN23F_RS02095,Asp-tRNA(Asn)/Glu-tRNA(Gln) amidotransferase subunit GatA
393222,393222,logistic+PCs,-2.071270837014974,1.1511479022697464,-1.7993090487599366,0.07196980751024531,0.12602552199643804,0.05,0.05,1.0,0.18778329086006537,False,False,gatA,SPN23F_RS02095,Asp-tRNA(Asn)/Glu-tRNA(Gln) amidotransferase subunit GatA
393233,393233,logistic+PCs,-6.142452933485942,6.607494765637623,-0.9296190388874559,0.3525683662737379,0.0021496442116584404,0.07,0.07,1.0,0.4989589722203148,False,False,gatA,SPN23F_RS02095,Asp-tRNA(Asn)/Glu-tRNA(Gln) amidotransferase subunit GatA
393263,393263,logistic+PCs,0.27360629889079663,0.5779484531659222,0.4734095184302664,0.6359210403355846,1.314697102628385,0.45,0.45,1.0,0.7184177645463389,False,False,gatA,SPN23F_RS02095,Asp-tRNA(Asn)/Glu-tRNA(Gln) amidotransferase subunit GatA
393295,393295,logistic+PCs,-0.05373251629415014,0.5888712147919265,-0.09124663414416707,0.9272966207890736,0.9476855630489236,0.3,0.3,1.0,0.9638110481644675,False,False,gatA,SPN23F_RS02095,Asp-tRNA(Asn)/Glu-tRNA(Gln) amidotransferase subunit GatA
393305,393305,logistic+PCs,-0.19556464173956445,0.5441063232655012,-0.3594235784025929,0.7192782385651537,0.8223701824068294,0.49,0.49,1.0,0.7869994866048677,False,False,gatA,SPN23F_RS02095,Asp-tRNA(Asn)/Glu-tRNA(Gln) amidotransferase subunit GatA
393440,393440,logistic+PCs,-0.7188232534332998,0.5442573870223728,-1.3207413818781133,0.1865876108935619,0.487325377149067,0.5,0.5,1.0,0.3990334371918888,False,False,gatA,SPN23F_RS02095,Asp-tRNA(Asn)/Glu-tRNA(Gln) amidotransferase subunit GatA
393478,393478,logistic+PCs,-1.6204832551227224,0.6616579909250864,-2.449125193602015,0.014320366375850413,0.19780308662796767,0.4,0.4,1.0,0.059755940575699336,False,False,gatA,SPN23F_RS02095,Asp-tRNA(Asn)/Glu-tRNA(Gln) amidotransferase subunit GatA
393488,393488,logistic+PCs,1.4876596939425244,0.5947868632142874,2.5011643429766814,0.012378572103563223,4.426723499067475,0.43,0.43,1.0,0.05288964410811788,False,False,gatA,SPN23F_RS02095,Asp-tRNA(Asn)/Glu-tRNA(Gln) amidotransferase subunit GatA
393555,393555,logistic+PCs,-2.0940395820471682,0.8048292925254822,-2.6018431504602173,0.009272424946971568,0.12318849930376699,0.37,0.37,1.0,0.045337207078551066,False,True,gatA,SPN23F_RS02095,Asp-tRNA(Asn)/Glu-tRNA(Gln) amidotransferase subunit GatA
393572,393572,logistic+PCs,-1.594505812771324,0.8804342790705251,-1.8110446749695441,0.07013393647448529,0.2030088280872651,0.07,0.07,1.0,0.18512097185707163,False,False,gatA,SPN23F_RS02095,Asp-tRNA(Asn)/Glu-tRNA(Gln) amidotransferase subunit GatA
393615,393615,logistic+PCs,-1.8254264000735072,2.6167900403835045,-0.6975822943005321,0.48543845757589266,0.1611489155684423,0.17,0.17,1.0,0.5731338238716763,False,False,gatA,SPN23F_RS02095,Asp-tRNA(Asn)/Glu-tRNA(Gln) amidotransferase subunit GatA
393660,393660,logistic+PCs,0.6341935104051395,0.6322992988447838,1.002995751480061,0.3158629111202321,1.885500891255065,0.42,0.42,1.0,0.4989589722203148,False,False,gatA,SPN23F_RS02095,Asp-tRNA(Asn)/Glu-tRNA(Gln) amidotransferase subunit GatA
393741,393741,logistic+PCs,-1.4525740209122306,1.885006429813014,-0.7705936690392726,0.4409478149374113,0.2339672756830764,0.24,0.24,1.0,0.5731338238716763,False,False,gatA,SPN23F_RS02095,Asp-tRNA(Asn)/Glu-tRNA(Gln) amidotransferase subunit GatA
393870,393870,logistic+PCs,-6.142452933485942,6.607494765637623,-0.9296190388874559,0.3525683662737379,0.0021496442116584404,0.07,0.07,1.0,0.4989589722203148,False,False,gatC,SPN23F_RS02100,Asp-tRNA(Asn)/Glu-tRNA(Gln) amidotransferase subunit GatC
394089,394089,logistic+PCs,1.709332331149185,1.7415089391981453,0.9815237192731404,0.3263345434737287,5.525271194348724,0.31,0.31,1.0,0.4989589722203148,False,False,gatC,SPN23F_RS02100,Asp-tRNA(Asn)/Glu-tRNA(Gln) amidotransferase subunit GatC
394329,394329,logistic+PCs,11.741987811396758,4.022628019978928,2.9189842443990797,0.003511739725195489,125742.04322366399,0.14,0.14,1.0,0.02256127125337857,False,True,gatC,SPN23F_RS02100,Asp-tRNA(Asn)/Glu-tRNA(Gln) amidotransferase subunit GatC
394572,394572,logistic+PCs,-0.710398750555604,0.6728054764881491,-1.055875398434152,0.29102514515664357,0.4914481931450801,0.33,0.33,1.0,0.4989589722203148,False,False,gatC,SPN23F_RS02100,Asp-tRNA(Asn)/Glu-tRNA(Gln) amidotransferase subunit GatC
394850,394850,logistic+PCs,-1.8254264000735072,2.6167900403835045,-0.6975822943005321,0.48543845757589266,0.1611489155684423,0.17,0.17,1.0,0.5731338238716763,False,False,gatC,SPN23F_RS02100,Asp-tRNA(Asn)/Glu-tRNA(Gln) amidotransferase subunit GatC
394867,394867,logistic+PCs,0.38926541949954774,0.9900001488944393,0.3931973342976274,0.6941737384151767,1.47589623099006,0.24,0.24,1.0,0.7683950011605347,False,False,gatC,SPN23F_RS02100,Asp-tRNA(Asn)/Glu-tRNA(Gln) amidotransferase subunit GatC
394900,394900,logistic+PCs,5.482508537326877,2.421576151297358,2.2640248312610884,0.023572587578009774,240.44912707267537,0.23,0.23,1.0,0.08686651591247109,False,False,gatC,SPN23F_RS02100,Asp-tRNA(Asn)/Glu-tRNA(Gln) amidotransferase subunit GatC
395076,395076,logistic+PCs,1.349312348068413,1.3904848893730704,0.9703897959486487,0.33185223300072386,3.85477387639193,0.1,0.1,1.0,0.4989589722203148,False,False,gatC,SPN23F_RS02100,Asp-tRNA(Asn)/Glu-tRNA(Gln) amidotransferase subunit GatC
395485,395485,logistic+PCs,0.23261482662708768,0.6128944138376441,0.3795349107043867,0.7042906850414123,1.2618953372254735,0.22,0.22,1.0,0.7773451483196139,False,False,SPN23F_RS02105,SPN23F_RS02105,peptide chain release factor 3
396085,396085,logistic+PCs,-2.73117442954213,0.8429905993856529,-3.2398634475076364,0.0011958695425358585,0.06514273916800768,0.12,0.12,1.0,0.016756937417014808,False,True,SPN23F_RS02110,SPN23F_RS02110,glycosyltransferase family 8 protein
396585,396585,logistic+PCs,11.741987811396758,4.022628019978928,2.9189842443990797,0.003511739725195489,125742.04322366399,0.14,0.14,1.0,0.02256127125337857,False,True,rpmB,SPN23F_RS02115,50S ribosomal protein L28
396948,396948,logistic+PCs,-6.142452933485942,6.607494765637623,-0.9296190388874559,0.3525683662737379,0.0021496442116584404,0.07,0.07,1.0,0.4989589722203148,False,False,rpmB,SPN23F_RS02115,50S ribosomal protein L28
397140,397140,logistic+PCs,-0.9129171440355713,0.6001626021916717,-1.521116345306728,0.12823064334858617,0.4013517139162496,0.16,0.16,1.0,0.29343100846904296,False,False,rpmB,SPN23F_RS02115,50S ribosomal protein L28
398133,398133,logistic+PCs,2.8009556307103547,0.7858272938644874,3.5643399670378053,0.00036477292299791407,16.460369291837754,0.37,0.37,1.0,0.00656344784890999,False,True,SPN23F_RS02120,SPN23F_RS02120,Asp23/Gls24 family envelope stress response protein
398601,398601,logistic+PCs,-6.142452933485942,6.607494765637623,-0.9296190388874559,0.3525683662737379,0.0021496442116584404,0.07,0.07,1.0,0.4989589722203148,False,False,SPN23F_RS02125,SPN23F_RS02125,DAK2 domain-containing protein
398757,398757,logistic+PCs,-1.8254264000735072,2.6167900403835045,-0.6975822943005321,0.48543845757589266,0.1611489155684423,0.17,0.17,1.0,0.5731338238716763,False,False,SPN23F_RS02125,SPN23F_RS02125,DAK2 domain-containing protein
398803,398803,logistic+PCs,11.741987811396758,4.022628019978928,2.9189842443990797,0.003511739725195489,125742.04322366399,0.14,0.14,1.0,0.02256127125337857,False,True,SPN23F_RS02125,SPN23F_RS02125,DAK2 domain-containing protein
398849,398849,logistic+PCs,11.741987811396758,4.022628019978928,2.9189842443990797,0.003511739725195489,125742.04322366399,0.14,0.14,1.0,0.02256127125337857,False,True,SPN23F_RS02125,SPN23F_RS02125,DAK2 domain-containing protein
399096,399096,logistic+PCs,3.318456213690525,1.2341511812850583,2.6888571384222044,0.007169709584468106,27.617681832181297,0.37,0.37,1.0,0.040756028606200166,False,True,SPN23F_RS02130,SPN23F_RS02130,acetolactate synthase large subunit
399264,399264,logistic+PCs,1.691171060410302,0.7016743309582361,2.4101937120897206,0.015944052488806544,5.425830961970852,0.44,0.44,1.0,0.06556702744491097,False,False,SPN23F_RS02130,SPN23F_RS02130,acetolactate synthase large subunit
399661,399661,logistic+PCs,-6.142452933485942,6.607494765637623,-0.9296190388874559,0.3525683662737379,0.0021496442116584404,0.07,0.07,1.0,0.4989589722203148,False,False,SPN23F_RS02130,SPN23F_RS02130,acetolactate synthase large subunit
399987,399987,logistic+PCs,-31.421860816641832,1096941.7053003667,-2.8644968702359473e-05,0.9999771446217308,2.257663627194996e-14,0.16,0.16,1.0,0.9999999852469791,False,False,SPN23F_RS02130,SPN23F_RS02130,acetolactate synthase large subunit
400169,400169,logistic+PCs,-1.8254264000735072,2.6167900403835045,-0.6975822943005321,0.48543845757589266,0.1611489155684423,0.17,0.17,1.0,0.5731338238716763,False,False,SPN23F_RS02130,SPN23F_RS02130,acetolactate synthase large subunit
400226,400226,logistic+PCs,-6.142452933485942,6.607494765637623,-0.9296190388874559,0.3525683662737379,0.0021496442116584404,0.07,0.07,1.0,0.4989589722203148,False,False,SPN23F_RS02130,SPN23F_RS02130,acetolactate synthase large subunit
400250,400250,logistic+PCs,-1.360265126157822,0.6456346199443975,-2.1068652208813847,0.0351292640746715,0.25659273848768566,0.32,0.32,1.0,0.11590614745567486,False,False,SPN23F_RS02130,SPN23F_RS02130,acetolactate synthase large subunit
400648,400648,logistic+PCs,2.1804739655077614,1.866731064935118,1.1680707555930387,0.24277822545200511,8.850500096547337,0.11,0.11,1.0,0.48770493077526694,False,False,ilvN,SPN23F_RS02135,acetolactate synthase small subunit
400781,400781,logistic+PCs,-6.142452933485942,6.607494765637623,-0.9296190388874559,0.3525683662737379,0.0021496442116584404,0.07,0.07,1.0,0.4989589722203148,False,False,ilvN,SPN23F_RS02135,acetolactate synthase small subunit
400915,400915,logistic+PCs,4.896028328517555,1.928759278051428,2.538434103328787,0.01113497704058808,133.7574825509627,0.35,0.35,1.0,0.052446498478495945,False,False,ilvN,SPN23F_RS02135,acetolactate synthase small subunit
401427,401427,logistic+PCs,1.8285257785787123,0.9591542241578878,1.9063939171868944,0.056599117331931785,6.2247033000899075,0.07,0.07,1.0,0.15980099047697158,False,False,ilvN,SPN23F_RS02135,acetolactate synthase small subunit
401511,401511,logistic+PCs,-1.2957324658634457,1.0183113169440021,-1.272432550147824,0.2032194750300773,0.27369731695177313,0.19,0.19,1.0,0.42529951596644944,False,False,ilvN,SPN23F_RS02135,acetolactate synthase small subunit
401517,401517,logistic+PCs,-1.2238498520241008,0.8925784373255392,-1.371139835834664,0.17033136892858813,0.2940957595197483,0.36,0.36,1.0,0.37721854569064445,False,False,ilvN,SPN23F_RS02135,acetolactate synthase small subunit
401535,401535,logistic+PCs,-1.2957324658634457,1.0183113169440021,-1.272432550147824,0.2032194750300773,0.27369731695177313,0.19,0.19,1.0,0.42529951596644944,False,False,ilvN,SPN23F_RS02135,acetolactate synthase small subunit
401654,401654,logistic+PCs,0.6946147479454201,1.010879445358246,0.6871390561307291,0.49199510450260353,2.00293728957896,0.5,0.5,1.0,0.5794684644868091,False,False,ilvN,SPN23F_RS02135,acetolactate synthase small subunit
401658,401658,logistic+PCs,-1.171410605772723,0.8335346643856142,-1.405353197441587,0.15991627670853792,0.3099294445067448,0.43,0.43,1.0,0.3579979764579695,False,False,ilvN,SPN23F_RS02135,acetolactate synthase small subunit
401838,401838,logistic+PCs,11.741987811396758,4.022628019978928,2.9189842443990797,0.003511739725195489,125742.04322366399,0.14,0.14,1.0,0.02256127125337857,False,True,ilvN,SPN23F_RS02135,acetolactate synthase small subunit
402119,402119,logistic+PCs,11.741987811396758,4.022628019978928,2.9189842443990797,0.003511739725195489,125742.04322366399,0.14,0.14,1.0,0.02256127125337857,False,True,ilvN,SPN23F_RS02135,acetolactate synthase small subunit
402213,402213,logistic+PCs,-6.142452933485942,6.607494765637623,-0.9296190388874559,0.3525683662737379,0.0021496442116584404,0.07,0.07,1.0,0.4989589722203148,False,False,ilvC,SPN23F_RS02140,ketol-acid reductoisomerase
402294,402294,logistic+PCs,-2.106230557860035,1.0592406130812417,-1.9884344801821636,0.04676365856601853,0.12169582833285354,0.22,0.22,1.0,0.14423030563160605,False,False,ilvC,SPN23F_RS02140,ketol-acid reductoisomerase
402788,402788,logistic+PCs,-6.142452933485942,6.607494765637623,-0.9296190388874559,0.3525683662737379,0.0021496442116584404,0.07,0.07,1.0,0.4989589722203148,False,False,SPN23F_RS02145,SPN23F_RS02145,hypothetical protein
402817,402817,logistic+PCs,-1.8254264000735072,2.6167900403835045,-0.6975822943005321,0.48543845757589266,0.1611489155684423,0.17,0.17,1.0,0.5731338238716763,False,False,SPN23F_RS02145,SPN23F_RS02145,hypothetical protein
403016,403016,logistic+PCs,-6.142452933485942,6.607494765637623,-0.9296190388874559,0.3525683662737379,0.0021496442116584404,0.07,0.07,1.0,0.4989589722203148,False,False,SPN23F_RS02150,SPN23F_RS02150,hypothetical protein
403034,403034,logistic+PCs,-6.142452933485942,6.607494765637623,-0.9296190388874559,0.3525683662737379,0.0021496442116584404,0.07,0.07,1.0,0.4989589722203148,False,False,SPN23F_RS02150,SPN23F_RS02150,hypothetical protein
403058,403058,logistic+PCs,-6.142452933485942,6.607494765637623,-0.9296190388874559,0.3525683662737379,0.0021496442116584404,0.07,0.07,1.0,0.4989589722203148,False,False,SPN23F_RS02150,SPN23F_RS02150,hypothetical protein
403061,403061,logistic+PCs,-6.142452933485942,6.607494765637623,-0.9296190388874559,0.3525683662737379,0.0021496442116584404,0.07,0.07,1.0,0.4989589722203148,False,False,SPN23F_RS02150,SPN23F_RS02150,hypothetical protein
403094,403094,logistic+PCs,-6.142452933485942,6.607494765637623,-0.9296190388874559,0.3525683662737379,0.0021496442116584404,0.07,0.07,1.0,0.4989589722203148,False,False,SPN23F_RS02150,SPN23F_RS02150,hypothetical protein
403280,403280,logistic+PCs,11.741987811396758,4.022628019978928,2.9189842443990797,0.003511739725195489,125742.04322366399,0.14,0.14,1.0,0.02256127125337857,False,True,SPN23F_RS02150,SPN23F_RS02150,hypothetical protein
403409,403409,logistic+PCs,0.622603500845625,0.5425975129882933,1.1474499715575694,0.25119569832514943,1.8637740681547565,0.29,0.29,1.0,0.4989589722203148,False,False,SPN23F_RS02150,SPN23F_RS02150,hypothetical protein
403475,403475,logistic+PCs,-2.3490984491327827,0.750824987456885,-3.128689759100054,0.0017558759286641797,0.09545518113584063,0.43,0.43,1.0,0.02256127125337857,False,True,SPN23F_RS02150,SPN23F_RS02150,hypothetical protein
403695,403695,logistic+PCs,11.741987811396758,4.022628019978928,2.9189842443990797,0.003511739725195489,125742.04322366399,0.14,0.14,1.0,0.02256127125337857,False,True,SPN23F_RS02150,SPN23F_RS02150,hypothetical protein
403794,403794,logistic+PCs,-1.8254264000735072,2.6167900403835045,-0.6975822943005321,0.48543845757589266,0.1611489155684423,0.17,0.17,1.0,0.5731338238716763,False,False,SPN23F_RS02150,SPN23F_RS02150,hypothetical protein
403804,403804,logistic+PCs,2.2591799607201803,1.1208783378670413,2.015544314130696,0.04384764776372443,9.575233878488287,0.14,0.14,1.0,0.13647279765583334,False,False,SPN23F_RS02150,SPN23F_RS02150,hypothetical protein
404154,404154,logistic+PCs,-1.2531422789651407,1.0213017857118305,-1.2270048838617482,0.21982075530746348,0.2856059318455282,0.19,0.19,1.0,0.451713742801396,False,False,SPN23F_RS02150,SPN23F_RS02150,hypothetical protein
404419,404419,logistic+PCs,3.1605145229198817,1.4688996725327346,2.151620414939843,0.0314272628964003,23.582726661411193,0.48,0.48,1.0,0.10711694710935238,False,False,ilvA,SPN23F_RS02155,threonine ammonia-lyase IlvA
405022,405022,logistic+PCs,5.291140613222218,1.7686943210265378,2.991551762404754,0.002775634779268347,198.56978761426373,0.46,0.46,1.0,0.02256127125337857,False,True,ilvA,SPN23F_RS02155,threonine ammonia-lyase IlvA
405121,405121,logistic+PCs,5.291140613222218,1.7686943210265378,2.991551762404754,0.002775634779268347,198.56978761426373,0.46,0.46,1.0,0.02256127125337857,False,True,ilvA,SPN23F_RS02155,threonine ammonia-lyase IlvA
405203,405203,logistic+PCs,11.741987811396758,4.022628019978928,2.9189842443990797,0.003511739725195489,125742.04322366399,0.14,0.14,1.0,0.02256127125337857,False,True,SPN23F_RS02160,SPN23F_RS02160,capsule biosynthesis transcriptional regulator
405406,405406,logistic+PCs,8.473861315535846,2.2454437525090754,3.773802530598725,0.00016077803898720313,4787.967675641131,0.45,0.45,0.5474492227514266,0.0035548650828014718,False,True,SPN23F_RS02160,SPN23F_RS02160,capsule biosynthesis transcriptional regulator
405418,405418,logistic+PCs,8.473861315535846,2.2454437525090754,3.773802530598725,0.00016077803898720313,4787.967675641131,0.45,0.45,0.5474492227514266,0.0035548650828014718,False,True,SPN23F_RS02160,SPN23F_RS02160,capsule biosynthesis transcriptional regulator
405424,405424,logistic+PCs,8.473861315535846,2.2454437525090754,3.773802530598725,0.00016077803898720313,4787.967675641131,0.45,0.45,0.5474492227514266,0.0035548650828014718,False,True,SPN23F_RS02160,SPN23F_RS02160,capsule biosynthesis transcriptional regulator
405437,405437,logistic+PCs,8.473861315535846,2.2454437525090754,3.773802530598725,0.00016077803898720313,4787.967675641131,0.45,0.45,0.5474492227514266,0.0035548650828014718,False,True,SPN23F_RS02160,SPN23F_RS02160,capsule biosynthesis transcriptional regulator
405469,405469,logistic+PCs,8.473861315535846,2.2454437525090754,3.773802530598725,0.00016077803898720313,4787.967675641131,0.45,0.45,0.5474492227514266,0.0035548650828014718,False,True,SPN23F_RS02160,SPN23F_RS02160,capsule biosynthesis transcriptional regulator
405470,405470,logistic+PCs,8.473861315535846,2.2454437525090754,3.773802530598725,0.00016077803898720313,4787.967675641131,0.45,0.45,0.5474492227514266,0.0035548650828014718,False,True,SPN23F_RS02160,SPN23F_RS02160,capsule biosynthesis transcriptional regulator
405484,405484,logistic+PCs,8.473861315535846,2.2454437525090754,3.773802530598725,0.00016077803898720313,4787.967675641131,0.45,0.45,0.5474492227514266,0.0035548650828014718,False,True,SPN23F_RS02160,SPN23F_RS02160,capsule biosynthesis transcriptional regulator
405496,405496,logistic+PCs,3.270814281918621,1.6842538572097179,1.9419960167627806,0.05213758250556182,26.33277291644906,0.34,0.34,1.0,0.15696593141594872,False,False,SPN23F_RS02160,SPN23F_RS02160,capsule biosynthesis transcriptional regulator
405514,405514,logistic+PCs,2.088222179828355,1.3510397722004472,1.5456407892620763,0.12219134446792776,8.07055440824326,0.11,0.11,1.0,0.2809328345126901,False,False,SPN23F_RS02160,SPN23F_RS02160,capsule biosynthesis transcriptional regulator
405553,405553,logistic+PCs,1.709332331149185,1.7415089391981453,0.9815237192731404,0.3263345434737287,5.525271194348724,0.31,0.31,1.0,0.4989589722203148,False,False,SPN23F_RS02160,SPN23F_RS02160,capsule biosynthesis transcriptional regulator
405607,405607,logistic+PCs,-1.5030548893125408,0.6678835974060041,-2.2504743268890897,0.02441885143207002,0.22244956231171356,0.34,0.34,1.0,0.08911703014597902,False,False,SPN23F_RS02160,SPN23F_RS02160,capsule biosynthesis transcriptional regulator
405679,405679,logistic+PCs,0.6930112888151149,0.6276204205240504,1.104188560717104,0.26951135082770794,1.999728234976069,0.23,0.23,1.0,0.4989589722203148,False,False,SPN23F_RS02160,SPN23F_RS02160,capsule biosynthesis transcriptional regulator
405697,405697,logistic+PCs,0.6930112888151149,0.6276204205240504,1.104188560717104,0.26951135082770794,1.999728234976069,0.23,0.23,1.0,0.4989589722203148,False,False,SPN23F_RS02160,SPN23F_RS02160,capsule biosynthesis transcriptional regulator
405757,405757,logistic+PCs,1.7885864445156399,0.7887711314628021,2.2675607323491254,0.023355993328284648,5.980992024062027,0.44,0.44,1.0,0.0868200407017568,False,False,SPN23F_RS02160,SPN23F_RS02160,capsule biosynthesis transcriptional regulator
405820,405820,logistic+PCs,-1.263400050879969,0.6816536533891233,-1.8534339904120702,0.06382017920869962,0.2826912260900785,0.39,0.39,1.0,0.17356845863068865,False,False,SPN23F_RS02160,SPN23F_RS02160,capsule biosynthesis transcriptional regulator
405832,405832,logistic+PCs,1.7885864445156399,0.7887711314628021,2.2675607323491254,0.023355993328284648,5.980992024062027,0.44,0.44,1.0,0.0868200407017568,False,False,SPN23F_RS02160,SPN23F_RS02160,capsule biosynthesis transcriptional regulator
405859,405859,logistic+PCs,1.7885864445156399,0.7887711314628021,2.2675607323491254,0.023355993328284648,5.980992024062027,0.44,0.44,1.0,0.0868200407017568,False,False,SPN23F_RS02160,SPN23F_RS02160,capsule biosynthesis transcriptional regulator
405887,405887,logistic+PCs,1.7885864445156399,0.7887711314628021,2.2675607323491254,0.023355993328284648,5.980992024062027,0.44,0.44,1.0,0.0868200407017568,False,False,SPN23F_RS02160,SPN23F_RS02160,capsule biosynthesis transcriptional regulator
405908,405908,logistic+PCs,1.7885864445156399,0.7887711314628021,2.2675607323491254,0.023355993328284648,5.980992024062027,0.44,0.44,1.0,0.0868200407017568,False,False,SPN23F_RS02160,SPN23F_RS02160,capsule biosynthesis transcriptional regulator
405965,405965,logistic+PCs,1.7885864445156399,0.7887711314628021,2.2675607323491254,0.023355993328284648,5.980992024062027,0.44,0.44,1.0,0.0868200407017568,False,False,SPN23F_RS02160,SPN23F_RS02160,capsule biosynthesis transcriptional regulator
405976,405976,logistic+PCs,1.7885864445156399,0.7887711314628021,2.2675607323491254,0.023355993328284648,5.980992024062027,0.44,0.44,1.0,0.0868200407017568,False,False,SPN23F_RS02160,SPN23F_RS02160,capsule biosynthesis transcriptional regulator
406272,406272,logistic+PCs,1.7885864445156399,0.7887711314628021,2.2675607323491254,0.023355993328284648,5.980992024062027,0.44,0.44,1.0,0.0868200407017568,False,False,SPN23F_RS02165,SPN23F_RS02165,amino acid ABC transporter ATP-binding protein
406288,406288,logistic+PCs,1.7885864445156399,0.7887711314628021,2.2675607323491254,0.023355993328284648,5.980992024062027,0.44,0.44,1.0,0.0868200407017568,False,False,SPN23F_RS02165,SPN23F_RS02165,amino acid ABC transporter ATP-binding protein
406571,406571,logistic+PCs,1.7885864445156399,0.7887711314628021,2.2675607323491254,0.023355993328284648,5.980992024062027,0.44,0.44,1.0,0.0868200407017568,False,False,SPN23F_RS02165,SPN23F_RS02165,amino acid ABC transporter ATP-binding protein
406622,406622,logistic+PCs,1.7885864445156399,0.7887711314628021,2.2675607323491254,0.023355993328284648,5.980992024062027,0.44,0.44,1.0,0.0868200407017568,False,False,SPN23F_RS02165,SPN23F_RS02165,amino acid ABC transporter ATP-binding protein
406688,406688,logistic+PCs,-1.8486147226431011,0.7206585326046201,-2.5651742663224937,0.01031239971256136,0.1574551343380126,0.42,0.42,1.0,0.04973614875534197,False,True,SPN23F_RS02165,SPN23F_RS02165,amino acid ABC transporter ATP-binding protein
406739,406739,logistic+PCs,-1.6291293188518445,0.721312453674632,-2.2585625834580534,0.023910607493445802,0.1961002406007268,0.41,0.41,1.0,0.08780550630883054,False,False,SPN23F_RS02165,SPN23F_RS02165,amino acid ABC transporter ATP-binding protein
406802,406802,logistic+PCs,1.4721790689122323,0.7815857579269383,1.8835797018832703,0.059621849613165,4.35872275748141,0.45,0.45,1.0,0.16613125853750152,False,False,SPN23F_RS02165,SPN23F_RS02165,amino acid ABC transporter ATP-binding protein
406876,406876,logistic+PCs,11.741987811396758,4.022628019978928,2.9189842443990797,0.003511739725195489,125742.04322366399,0.14,0.14,1.0,0.02256127125337857,False,True,SPN23F_RS02165,SPN23F_RS02165,amino acid ABC transporter ATP-binding protein
406910,406910,logistic+PCs,11.741987811396758,4.022628019978928,2.9189842443990797,0.003511739725195489,125742.04322366399,0.14,0.14,1.0,0.02256127125337857,False,True,SPN23F_RS02165,SPN23F_RS02165,amino acid ABC transporter ATP-binding protein
406913,406913,logistic+PCs,11.741987811396758,4.022628019978928,2.9189842443990797,0.003511739725195489,125742.04322366399,0.14,0.14,1.0,0.02256127125337857,False,True,SPN23F_RS02165,SPN23F_RS02165,amino acid ABC transporter ATP-binding protein
406940,406940,logistic+PCs,-3.2566131955602784,1.1013996236008947,-2.9567952682906955,0.0031085444389073445,0.038518632429146216,0.1,0.1,1.0,0.02256127125337857,False,True,SPN23F_RS02165,SPN23F_RS02165,amino acid ABC transporter ATP-binding protein
407012,407012,logistic+PCs,-6.142452933485942,6.607494765637623,-0.9296190388874559,0.3525683662737379,0.0021496442116584404,0.07,0.07,1.0,0.4989589722203148,False,False,SPN23F_RS02165,SPN23F_RS02165,amino acid ABC transporter ATP-binding protein
407447,407447,logistic+PCs,1.768944711055449,0.7011885921722895,2.5227802203330776,0.011643114396996068,5.864661182578823,0.23,0.23,1.0,0.05288964410811788,False,False,SPN23F_RS02170,SPN23F_RS02170,ABC transporter substrate-binding protein/permease
407552,407552,logistic+PCs,-6.142452933485942,6.607494765637623,-0.9296190388874559,0.3525683662737379,0.0021496442116584404,0.07,0.07,1.0,0.4989589722203148,False,False,SPN23F_RS02170,SPN23F_RS02170,ABC transporter substrate-binding protein/permease
407592,407592,logistic+PCs,-2.8881827472456627,1.1112273149859184,-2.599092650347838,0.009347054146591144,0.05567730046019323,0.08,0.08,1.0,0.045337207078551066,False,True,SPN23F_RS02170,SPN23F_RS02170,ABC transporter substrate-binding protein/permease
407806,407806,logistic+PCs,-6.324172555726181,6.176731848646284,-1.0238703428759355,0.30589651980265775,0.0017924487885841033,0.08,0.08,1.0,0.4989589722203148,False,False,SPN23F_RS02170,SPN23F_RS02170,ABC transporter substrate-binding protein/permease
408207,408207,logistic+PCs,11.741987811396758,4.022628019978928,2.9189842443990797,0.003511739725195489,125742.04322366399,0.14,0.14,1.0,0.02256127125337857,False,True,SPN23F_RS02175,SPN23F_RS02175,DUF2207 domain-containing protein
409158,409158,logistic+PCs,1.6147649197883367,0.7104425995460106,2.2728999089021533,0.023032212301678782,5.026706105427941,0.21,0.21,1.0,0.0868200407017568,False,False,SPN23F_RS02175,SPN23F_RS02175,DUF2207 domain-containing protein
410329,410329,logistic+PCs,0.6961637681149505,0.7638558573953502,0.9113810693142801,0.3620946245771156,2.006042284067507,0.48,0.48,1.0,0.506337657776213,False,False,SPN23F_RS02185,SPN23F_RS02185,IS110 family transposase
410360,410360,logistic+PCs,2.3131604246343396,1.0956126907495127,2.1112939309345693,0.03474705538295422,10.106314481022226,0.17,0.17,1.0,0.11486769279510595,False,False,SPN23F_RS02185,SPN23F_RS02185,IS110 family transposase
410383,410383,logistic+PCs,-1.834242821045632,0.6081762332000015,-3.0159725436729343,0.0025615645383022297,0.15973440351884413,0.42,0.42,1.0,0.02256127125337857,False,True,SPN23F_RS02185,SPN23F_RS02185,IS110 family transposase
410410,410410,logistic+PCs,25.401026513563835,130495.08147250986,0.00019465121770826914,0.9998446907996299,107529010536.61017,0.11,0.11,1.0,0.9999999852469791,False,False,SPN23F_RS02185,SPN23F_RS02185,IS110 family transposase
410422,410422,logistic+PCs,25.401026513563835,130495.08147250986,0.00019465121770826914,0.9998446907996299,107529010536.61017,0.11,0.11,1.0,0.9999999852469791,False,False,SPN23F_RS02185,SPN23F_RS02185,IS110 family transposase
410451,410451,logistic+PCs,25.401026513563835,130495.08147250986,0.00019465121770826914,0.9998446907996299,107529010536.61017,0.11,0.11,1.0,0.9999999852469791,False,False,SPN23F_RS02185,SPN23F_RS02185,IS110 family transposase
410524,410524,logistic+PCs,25.401026513563835,130495.08147250986,0.00019465121770826914,0.9998446907996299,107529010536.61017,0.11,0.11,1.0,0.9999999852469791,False,False,SPN23F_RS02185,SPN23F_RS02185,IS110 family transposase
410578,410578,logistic+PCs,1.4935339175215783,0.837580478723952,1.7831527303465413,0.07456144477144194,4.452803587765291,0.17,0.17,1.0,0.19365501101964896,False,False,SPN23F_RS02185,SPN23F_RS02185,IS110 family transposase
410590,410590,logistic+PCs,-0.7678895295276402,0.6311175618927098,-1.2167139308003945,0.22371307687097364,0.46399127559592585,0.48,0.48,1.0,0.45805353382180714,False,False,SPN23F_RS02185,SPN23F_RS02185,IS110 family transposase
410638,410638,logistic+PCs,25.401026513563835,130495.08147250986,0.00019465121770826914,0.9998446907996299,107529010536.61017,0.11,0.11,1.0,0.9999999852469791,False,False,SPN23F_RS02185,SPN23F_RS02185,IS110 family transposase
410764,410764,logistic+PCs,3.393818681965408,0.8554899310206818,3.9671053496985706,7.275083983231225e-05,29.77945368226145,0.34,0.34,0.2477166096290232,0.0035548650828014718,False,True,SPN23F_RS02185,SPN23F_RS02185,IS110 family transposase
410859,410859,logistic+PCs,0.6198886674614011,0.7417022832341283,0.8357648095114801,0.403287227223459,1.8587210941885886,0.49,0.49,1.0,0.5539302173037022,False,False,SPN23F_RS02185,SPN23F_RS02185,IS110 family transposase
411082,411082,logistic+PCs,2.9107468120360194,0.7503145339692425,3.879368825015109,0.00010472785882736205,18.370512765457384,0.35,0.35,0.35659835930716777,0.0035548650828014718,False,True,SPN23F_RS02185,SPN23F_RS02185,IS110 family transposase
411127,411127,logistic+PCs,1.0534297572718245,1.3338326683843573,0.7897765456200898,0.4296582788922687,2.867468994608252,0.36,0.36,1.0,0.5731338238716763,False,False,SPN23F_RS02185,SPN23F_RS02185,IS110 family transposase
411170,411170,logistic+PCs,3.393818681965408,0.8554899310206818,3.9671053496985706,7.275083983231225e-05,29.77945368226145,0.34,0.34,0.2477166096290232,0.0035548650828014718,False,True,SPN23F_RS02185,SPN23F_RS02185,IS110 family transposase
411187,411187,logistic+PCs,1.9760870947281464,1.495459626549371,1.3213911359732105,0.1863709800753116,7.214458191898653,0.42,0.42,1.0,0.39886435396381903,False,False,SPN23F_RS02185,SPN23F_RS02185,IS110 family transposase
411205,411205,logistic+PCs,1.9760870947281464,1.495459626549371,1.3213911359732105,0.1863709800753116,7.214458191898653,0.42,0.42,1.0,0.39886435396381903,False,False,SPN23F_RS02185,SPN23F_RS02185,IS110 family transposase
411848,411848,logistic+PCs,1.0000222634964209,0.7360501031735577,1.3586334125689534,0.17426278190055322,2.718342347590485,0.18,0.18,1.0,0.37721854569064445,False,False,SPN23F_RS02190,SPN23F_RS02190,undecaprenyl-diphosphate phosphatase
412477,412477,logistic+PCs,1.597250832528282,0.6115606647063073,2.611761881865534,0.009007696907137434,4.939434408942877,0.39,0.39,1.0,0.045337207078551066,False,True,SPN23F_RS02190,SPN23F_RS02190,undecaprenyl-diphosphate phosphatase
412484,412484,logistic+PCs,-0.8394400275850086,0.7975534769829917,-1.0525187988151798,0.2925615902723576,0.4319523371116386,0.08,0.08,1.0,0.4989589722203148,False,False,SPN23F_RS02190,SPN23F_RS02190,undecaprenyl-diphosphate phosphatase
412514,412514,logistic+PCs,-0.5899451498099575,0.7435337752904546,-0.7934342317933047,0.4275248731391478,0.5543576905252946,0.09,0.09,1.0,0.5731338238716763,False,False,SPN23F_RS02190,SPN23F_RS02190,undecaprenyl-diphosphate phosphatase
412533,412533,logistic+PCs,-1.2671812585129996,0.6385027461416537,-1.9846136389707425,0.04718747372299959,0.28162433021677025,0.15,0.15,1.0,0.14540574482064578,False,False,SPN23F_RS02190,SPN23F_RS02190,undecaprenyl-diphosphate phosphatase
412559,412559,logistic+PCs,-0.8394400275850086,0.7975534769829917,-1.0525187988151798,0.2925615902723576,0.4319523371116386,0.08,0.08,1.0,0.4989589722203148,False,False,SPN23F_RS02190,SPN23F_RS02190,undecaprenyl-diphosphate phosphatase
412613,412613,logistic+PCs,2.4302176412775554,0.7030784587157399,3.4565383296149474,0.0005471613857386393,11.361354510650672,0.41,0.41,1.0,0.009044099604077994,False,True,SPN23F_RS02190,SPN23F_RS02190,undecaprenyl-diphosphate phosphatase
412692,412692,logistic+PCs,-1.292170140052448,0.6891724922440768,-1.8749589610648794,0.06079836957876611,0.27467405466442013,0.12,0.12,1.0,0.16740074590773765,False,False,SPN23F_RS02190,SPN23F_RS02190,undecaprenyl-diphosphate phosphatase
413306,413306,logistic+PCs,-1.019939672784025,1.2408571185660637,-0.8219638325181781,0.41109748147868563,0.3606166945180965,0.17,0.17,1.0,0.561712248970676,False,False,dinB,SPN23F_RS02195,DNA polymerase IV
413391,413391,logistic+PCs,0.1437101685889381,0.6058878618972141,0.23718938375649093,0.8125098718894809,1.154549435335871,0.3,0.3,1.0,0.8735699759342224,False,False,dinB,SPN23F_RS02195,DNA polymerase IV
413406,413406,logistic+PCs,1.8064575330858161,0.9381643345292006,1.925523564048458,0.05416389089081283,6.088839669360045,0.26,0.26,1.0,0.15980099047697158,False,False,dinB,SPN23F_RS02195,DNA polymerase IV
413492,413492,logistic+PCs,-0.691795424309293,1.3425667479850998,-0.5152782350281855,0.6063586058554469,0.5006763351424686,0.16,0.16,1.0,0.6879876884164601,False,False,dinB,SPN23F_RS02195,DNA polymerase IV
413517,413517,logistic+PCs,0.39388329581241566,1.0784012589562555,0.36524743692680833,0.7149267110848766,1.4827274980690133,0.2,0.2,1.0,0.7827413026508054,False,False,dinB,SPN23F_RS02195,DNA polymerase IV
413538,413538,logistic+PCs,-1.0399216263819202,0.698426753175867,-1.488948728915691,0.13650087040287712,0.35348238456659514,0.11,0.11,1.0,0.30944438330345975,False,False,dinB,SPN23F_RS02195,DNA polymerase IV
413553,413553,logistic+PCs,-2.8881827472456627,1.1112273149859184,-2.599092650347838,0.009347054146591144,0.05567730046019323,0.08,0.08,1.0,0.045337207078551066,False,True,dinB,SPN23F_RS02195,DNA polymerase IV
413559,413559,logistic+PCs,-2.149386483692375,1.152878307185543,-1.8643654497581372,0.06227040135667486,0.11655564463080503,0.05,0.05,1.0,0.17030088547922442,False,False,dinB,SPN23F_RS02195,DNA polymerase IV
413575,413575,logistic+PCs,-2.8881827472456627,1.1112273149859184,-2.599092650347838,0.009347054146591144,0.05567730046019323,0.08,0.08,1.0,0.045337207078551066,False,True,dinB,SPN23F_RS02195,DNA polymerase IV
413582,413582,logistic+PCs,0.6742151601236057,0.6060409312663297,1.1124911294602249,0.2659270420304686,1.9624921293097972,0.38,0.38,1.0,0.4989589722203148,False,False,dinB,SPN23F_RS02195,DNA polymerase IV
413596,413596,logistic+PCs,-0.6268233891085849,0.6088019615544362,-1.0296014610533368,0.3031971291282203,0.5342863279240491,0.15,0.15,1.0,0.4989589722203148,False,False,dinB,SPN23F_RS02195,DNA polymerase IV
413610,413610,logistic+PCs,-1.1502510858908181,0.7423762366331791,-1.549417975860099,0.12128127529861707,0.3165572763339565,0.39,0.39,1.0,0.2809328345126901,False,False,dinB,SPN23F_RS02195,DNA polymerase IV
413658,413658,logistic+PCs,11.741987811396758,4.022628019978928,2.9189842443990797,0.003511739725195489,125742.04322366399,0.14,0.14,1.0,0.02256127125337857,False,True,dinB,SPN23F_RS02195,DNA polymerase IV
413697,413697,logistic+PCs,-0.6971793659745152,0.6045110805767194,-1.1532946018282872,0.24878948507596876,0.49798796646490834,0.44,0.44,1.0,0.49860400040239766,False,False,dinB,SPN23F_RS02195,DNA polymerase IV
413780,413780,logistic+PCs,1.8300409991229634,0.8205745035776174,2.2301948100314837,0.025734512668652686,6.234142247649799,0.19,0.19,1.0,0.09262792350609132,False,False,dinB,SPN23F_RS02195,DNA polymerase IV
413968,413968,logistic+PCs,-0.25053641272527083,0.8598624110098982,-0.29136802529955785,0.7707698662842019,0.7783831364464111,0.26,0.26,1.0,0.8345898910086563,False,False,dinB,SPN23F_RS02195,DNA polymerase IV
413979,413979,logistic+PCs,1.0991219027020525,0.6058590134427838,1.8141545777396468,0.06965393095311449,3.0015292317277074,0.25,0.25,1.0,0.18399661357281213,False,False,dinB,SPN23F_RS02195,DNA polymerase IV
414016,414016,logistic+PCs,1.921899578598449,0.7019003474297505,2.73813738037906,0.006178825881829829,6.833927730185285,0.45,0.45,1.0,0.035780445795290085,False,True,dinB,SPN23F_RS02195,DNA polymerase IV
414091,414091,logistic+PCs,0.1688305566923215,1.1164625103633474,0.15121919018792346,0.8798028127878281,1.1839195146886383,0.18,0.18,1.0,0.9242457767344603,False,False,pflB,SPN23F_RS02200,formate C-acetyltransferase
414131,414131,logistic+PCs,0.2838250925302875,0.5751984330106221,0.493438570485546,0.6217027347872297,1.3282005982291332,0.29,0.29,1.0,0.7039899607417749,False,False,pflB,SPN23F_RS02200,formate C-acetyltransferase
414136,414136,logistic+PCs,2.009386817585144,0.8142699910089894,2.467715671426433,0.013597827988751802,7.458742375154916,0.2,0.2,1.0,0.05765953213163124,False,False,pflB,SPN23F_RS02200,formate C-acetyltransferase
414331,414331,logistic+PCs,-0.42422790476182287,0.5040539098595596,-0.8416320089254382,0.3999939666505862,0.654274752584208,0.43,0.43,1.0,0.5498504063162075,False,False,pflB,SPN23F_RS02200,formate C-acetyltransferase
414361,414361,logistic+PCs,0.8433693118650863,0.697982963129923,1.2082949819909874,0.22693381795521617,2.324184702301794,0.22,0.22,1.0,0.4632837552132297,False,False,pflB,SPN23F_RS02200,formate C-acetyltransferase
414489,414489,logistic+PCs,-7.160470551488746,6.075605956218748,-1.1785607235043896,0.23857313911396716,0.000776688995054442,0.08,0.08,1.0,0.48267471104162696,False,False,pflB,SPN23F_RS02200,formate C-acetyltransferase
414494,414494,logistic+PCs,-0.5519926865910159,1.047415039250268,-0.5270047363327227,0.5981902994018878,0.5758012749452832,0.1,0.1,1.0,0.6798524597674993,False,False,pflB,SPN23F_RS02200,formate C-acetyltransferase
414507,414507,logistic+PCs,-6.882530013116816,6.359510464838879,-1.082242108283281,0.2791449623630923,0.0010255461150388931,0.06,0.06,1.0,0.4989589722203148,False,False,pflB,SPN23F_RS02200,formate C-acetyltransferase
414526,414526,logistic+PCs,-1.2309097993819698,0.6251956260508558,-1.9688394289595412,0.04897153293464786,0.29202677100803914,0.47,0.47,1.0,0.149282067719316,False,False,pflB,SPN23F_RS02200,formate C-acetyltransferase
414563,414563,logistic+PCs,1.9700189651779287,0.669391030787718,2.9430017352632785,0.003250465963060154,7.17081248279166,0.41,0.41,1.0,0.02256127125337857,False,True,pflB,SPN23F_RS02200,formate C-acetyltransferase
414955,414955,logistic+PCs,-0.538638275304039,0.5664581625648847,-0.9508880106257466,0.3416612286637578,0.5835423355994395,0.35,0.35,1.0,0.4989589722203148,False,False,pflB,SPN23F_RS02200,formate C-acetyltransferase
415115,415115,logistic+PCs,0.1688305566923215,1.1164625103633474,0.15121919018792346,0.8798028127878281,1.1839195146886383,0.18,0.18,1.0,0.9242457767344603,False,False,pflB,SPN23F_RS02200,formate C-acetyltransferase
415335,415335,logistic+PCs,-1.2565745203073475,0.7960948130604072,-1.578423197453994,0.11446841943705768,0.2846273436946927,0.23,0.23,1.0,0.2675119891442563,False,False,pflB,SPN23F_RS02200,formate C-acetyltransferase
415363,415363,logistic+PCs,-1.7392081536799275,0.6283923273435963,-2.7677106769143482,0.005645154590999355,0.17565944084230337,0.39,0.39,1.0,0.03325562522898409,False,True,pflB,SPN23F_RS02200,formate C-acetyltransferase
415445,415445,logistic+PCs,-1.6494156855391784,0.5759680045148705,-2.8637279720571582,0.004186874077034924,0.19216215895111258,0.29,0.29,1.0,0.026110450974915593,False,True,pflB,SPN23F_RS02200,formate C-acetyltransferase
415538,415538,logistic+PCs,1.9542886554627263,1.1144531855219757,1.7535852387979827,0.07950160216822755,7.058895930278802,0.21,0.21,1.0,0.2016564803358884,False,False,pflB,SPN23F_RS02200,formate C-acetyltransferase
415685,415685,logistic+PCs,-1.1314974363469603,0.5297077321992325,-2.136078761110823,0.03267299460365309,0.32254989667335804,0.32,0.32,1.0,0.10971552921640904,False,False,pflB,SPN23F_RS02200,formate C-acetyltransferase
416009,416009,logistic+PCs,2.573063573018455,0.768092895479806,3.3499379933870297,0.0008082965244307606,13.10591392533212,0.36,0.36,1.0,0.012402295911693761,False,True,pflB,SPN23F_RS02200,formate C-acetyltransferase
416177,416177,logistic+PCs,-1.5219309803329522,0.6666530614659472,-2.282943060347279,0.022433722586870083,0.21828996609147008,0.29,0.29,1.0,0.08525315335746945,False,False,pflB,SPN23F_RS02200,formate C-acetyltransferase
416201,416201,logistic+PCs,-1.4325072849217575,0.654973976495923,-2.1871209182776963,0.028733697952454187,0.23870965816819945,0.25,0.25,1.0,0.1017690557788289,False,False,pflB,SPN23F_RS02200,formate C-acetyltransferase
416248,416248,logistic+PCs,-0.38833377676413616,0.562965729625283,-0.6898000292533187,0.4903199502904271,0.6781859427731328,0.31,0.31,1.0,0.5780953707544682,False,False,pflB,SPN23F_RS02200,formate C-acetyltransferase
416326,416326,logistic+PCs,0.1688305566923215,1.1164625103633474,0.15121919018792346,0.8798028127878281,1.1839195146886383,0.18,0.18,1.0,0.9242457767344603,False,False,SPN23F_RS02205,SPN23F_RS02205,hypothetical protein
416424,416424,logistic+PCs,-0.5180054944346212,0.605340859789493,-0.8557253092328136,0.3921497374483942,0.5957075058153853,0.35,0.35,1.0,0.5399392867010847,False,False,SPN23F_RS02205,SPN23F_RS02205,hypothetical protein
416788,416788,logistic+PCs,0.1688305566923215,1.1164625103633474,0.15121919018792346,0.8798028127878281,1.1839195146886383,0.18,0.18,1.0,0.9242457767344603,False,False,SPN23F_RS02205,SPN23F_RS02205,hypothetical protein
417071,417071,logistic+PCs,-1.1517286530132655,0.6061173088732009,-1.9001744978284492,0.05741022379345973,0.31608988709459457,0.33,0.33,1.0,0.16182269206682978,False,False,SPN23F_RS02205,SPN23F_RS02205,hypothetical protein
417083,417083,logistic+PCs,0.1688305566923215,1.1164625103633474,0.15121919018792346,0.8798028127878281,1.1839195146886383,0.18,0.18,1.0,0.9242457767344603,False,False,SPN23F_RS02205,SPN23F_RS02205,hypothetical protein
417304,417304,logistic+PCs,-1.6966403255780027,0.6013544221039097,-2.821365010740431,0.004781975819404259,0.18329831338352814,0.37,0.37,1.0,0.02902429173809537,False,True,SPN23F_RS02205,SPN23F_RS02205,hypothetical protein
417361,417361,logistic+PCs,1.7374514159997825,1.0525377597608734,1.6507259714791753,0.09879454213802379,5.682841751594035,0.17,0.17,1.0,0.2363836895272327,False,False,SPN23F_RS02205,SPN23F_RS02205,hypothetical protein
417490,417490,logistic+PCs,-0.3083080359461383,0.5564842600322776,-0.5540283132684752,0.5795594689951415,0.7346889725368149,0.21,0.21,1.0,0.6641200061861537,False,False,SPN23F_RS02205,SPN23F_RS02205,hypothetical protein
417521,417521,logistic+PCs,-0.12663780550437892,0.6357539149502338,-0.19919311942308998,0.8421116814832319,0.8810527272619135,0.22,0.22,1.0,0.9025465141486952,False,False,SPN23F_RS02205,SPN23F_RS02205,hypothetical protein
417703,417703,logistic+PCs,-1.3114639989850723,0.616909261795259,-2.12586206789731,0.03351474610801341,0.26942532910665606,0.17,0.17,1.0,0.1119899023530772,False,False,SPN23F_RS02205,SPN23F_RS02205,hypothetical protein
417739,417739,logistic+PCs,-2.2754686820004313,0.7538318593012463,-3.018536101816716,0.0025399913661076842,0.1027487406631684,0.12,0.12,1.0,0.02256127125337857,False,True,SPN23F_RS02205,SPN23F_RS02205,hypothetical protein
417756,417756,logistic+PCs,-0.735111443884535,1.467416894051834,-0.5009560997043887,0.6164020193353241,0.479452024001446,0.07,0.07,1.0,0.698684712329154,False,False,SPN23F_RS02205,SPN23F_RS02205,hypothetical protein
417802,417802,logistic+PCs,0.03892730879865251,0.8683183729503782,0.04483068654459658,0.9642422653491752,1.0396949042315884,0.12,0.12,1.0,0.998857594619392,False,False,SPN23F_RS02205,SPN23F_RS02205,hypothetical protein
417819,417819,logistic+PCs,0.48043468363983904,1.1674518772210583,0.41152418614756164,0.6806882102018856,1.6167770359969356,0.05,0.05,1.0,0.7611636636247687,False,False,SPN23F_RS02205,SPN23F_RS02205,hypothetical protein
417867,417867,fisher,inf,,,0.0011868393451716574,,0.1,0.1,1.0,0.016756937417014808,False,True,SPN23F_RS02205,SPN23F_RS02205,hypothetical protein
417880,417880,logistic+PCs,1.3491094875469383,0.5938357940250262,2.2718561277734,0.023095201484281472,3.8539919742644155,0.46,0.46,1.0,0.0868200407017568,False,False,SPN23F_RS02205,SPN23F_RS02205,hypothetical protein
418402,418402,logistic+PCs,30.448562235846268,1237884.4122500094,2.4597257978636475e-05,0.9999803742276228,16735649083820.238,0.16,0.16,1.0,0.9999999852469791,False,False,SPN23F_RS02215,SPN23F_RS02215,hypothetical protein
418516,418516,logistic+PCs,-2.8881827472456627,1.1112273149859184,-2.599092650347838,0.009347054146591144,0.05567730046019323,0.08,0.08,1.0,0.045337207078551066,False,True,SPN23F_RS13770,SPN23F_RS13770,PTS alpha-glucoside transporter subunit IIB
418728,418728,logistic+PCs,-0.21235173092897308,0.7844747150539666,-0.27069289405250585,0.7866272425658816,0.8086802096964427,0.09,0.09,1.0,0.8503065907735958,False,False,SPN23F_RS13770,SPN23F_RS13770,PTS alpha-glucoside transporter subunit IIB
418855,418855,logistic+PCs,0.1254260254034093,0.5038320409404355,0.24894412266693758,0.8034040044636229,1.1336313059401588,0.46,0.46,1.0,0.8659672792651586,False,False,SPN23F_RS13770,SPN23F_RS13770,PTS alpha-glucoside transporter subunit IIB
419615,419615,logistic+PCs,-3.0603286101729275,0.8351576710782017,-3.664372269037528,0.00024794593804713185,0.04687228997765238,0.19,0.19,0.8442559190504839,0.004796908630968658,False,True,SPN23F_RS02240,SPN23F_RS02240,TrkH family potassium uptake protein
419712,419712,logistic+PCs,1.7909515789237163,0.8347047981994533,2.1456107390145456,0.03190404793875263,5.995154615707007,0.2,0.2,1.0,0.1083409285569466,False,False,SPN23F_RS02240,SPN23F_RS02240,TrkH family potassium uptake protein
419747,419747,logistic+PCs,1.1751715004150793,1.0082636489394186,1.1655398879561207,0.24380052402796093,3.238698334320403,0.16,0.16,1.0,0.4894698020726456,False,False,SPN23F_RS02240,SPN23F_RS02240,TrkH family potassium uptake protein
419806,419806,logistic+PCs,1.5732852117145177,0.5580338557038007,2.819336489414727,0.0048123041736494445,4.822465017310511,0.46,0.46,1.0,0.02915639806276932,False,True,SPN23F_RS02240,SPN23F_RS02240,TrkH family potassium uptake protein
420244,420244,logistic+PCs,0.7398274404619833,0.5836605562294621,1.267564567394075,0.2049534920872763,2.095573872033596,0.43,0.43,1.0,0.42840186651760337,False,False,SPN23F_RS02240,SPN23F_RS02240,TrkH family potassium uptake protein
420250,420250,logistic+PCs,1.2071061569884793,0.6164495264079408,1.9581589493989917,0.050211364357331666,3.3437942224772423,0.41,0.41,1.0,0.15183809559210862,False,False,SPN23F_RS02240,SPN23F_RS02240,TrkH family potassium uptake protein
420252,420252,logistic+PCs,1.2071061569884793,0.6164495264079408,1.9581589493989917,0.050211364357331666,3.3437942224772423,0.41,0.41,1.0,0.15183809559210862,False,False,SPN23F_RS02240,SPN23F_RS02240,TrkH family potassium uptake protein
420289,420289,logistic+PCs,1.6008065322043263,0.6209860682044736,2.577846129194037,0.009941825716865388,4.95702881594707,0.45,0.45,1.0,0.04808510875841853,False,True,SPN23F_RS02240,SPN23F_RS02240,TrkH family potassium uptake protein
420377,420377,logistic+PCs,-0.5285727012348319,0.5066625380263934,-1.0432440955547757,0.2968352556001209,0.5894456846577508,0.46,0.46,1.0,0.4989589722203148,False,False,SPN23F_RS02240,SPN23F_RS02240,TrkH family potassium uptake protein
420379,420379,logistic+PCs,0.7398274404619833,0.5836605562294621,1.267564567394075,0.2049534920872763,2.095573872033596,0.43,0.43,1.0,0.42840186651760337,False,False,SPN23F_RS02240,SPN23F_RS02240,TrkH family potassium uptake protein
420395,420395,logistic+PCs,1.2071061569884793,0.6164495264079408,1.9581589493989917,0.050211364357331666,3.3437942224772423,0.41,0.41,1.0,0.15183809559210862,False,False,SPN23F_RS02240,SPN23F_RS02240,TrkH family potassium uptake protein
420439,420439,logistic+PCs,1.2071061569884793,0.6164495264079408,1.9581589493989917,0.050211364357331666,3.3437942224772423,0.41,0.41,1.0,0.15183809559210862,False,False,SPN23F_RS02240,SPN23F_RS02240,TrkH family potassium uptake protein
420466,420466,logistic+PCs,1.2071061569884793,0.6164495264079408,1.9581589493989917,0.050211364357331666,3.3437942224772423,0.41,0.41,1.0,0.15183809559210862,False,False,SPN23F_RS02240,SPN23F_RS02240,TrkH family potassium uptake protein
420512,420512,logistic+PCs,-6.882530013116816,6.359510464838879,-1.082242108283281,0.2791449623630923,0.0010255461150388931,0.06,0.06,1.0,0.4989589722203148,False,False,SPN23F_RS02240,SPN23F_RS02240,TrkH family potassium uptake protein
420554,420554,logistic+PCs,-0.8112168571194639,1.3102521699813532,-0.6191303290350656,0.5358305047210837,0.4443170667441972,0.18,0.18,1.0,0.6214446709492288,False,False,SPN23F_RS02240,SPN23F_RS02240,TrkH family potassium uptake protein
420569,420569,logistic+PCs,-1.0417006813741239,0.6804184744896222,-1.5309706018130933,0.12577665848877181,0.3528540790264473,0.32,0.32,1.0,0.28859132220638006,False,False,SPN23F_RS02240,SPN23F_RS02240,TrkH family potassium uptake protein
420599,420599,logistic+PCs,1.2071061569884793,0.6164495264079408,1.9581589493989917,0.050211364357331666,3.3437942224772423,0.41,0.41,1.0,0.15183809559210862,False,False,SPN23F_RS02240,SPN23F_RS02240,TrkH family potassium uptake protein
420678,420678,logistic+PCs,1.2071061569884793,0.6164495264079408,1.9581589493989917,0.050211364357331666,3.3437942224772423,0.41,0.41,1.0,0.15183809559210862,False,False,SPN23F_RS02240,SPN23F_RS02240,TrkH family potassium uptake protein
420765,420765,logistic+PCs,0.8138509235229099,0.980430664145281,0.8300953379833423,0.4064848827452082,2.256581197637395,0.05,0.05,1.0,0.5560791585967996,False,False,SPN23F_RS02240,SPN23F_RS02240,TrkH family potassium uptake protein
420782,420782,logistic+PCs,0.37210779411183037,0.6078806398718174,0.6121395710024521,0.5404454184892451,1.4507893594151382,0.44,0.44,1.0,0.6242254579226185,False,False,SPN23F_RS02240,SPN23F_RS02240,TrkH family potassium uptake protein
420818,420818,logistic+PCs,0.6575602286491645,0.8045196674441703,0.8173326958408956,0.41373832678109845,1.9300776372249715,0.2,0.2,1.0,0.5650938638947615,False,False,SPN23F_RS02240,SPN23F_RS02240,TrkH family potassium uptake protein
420827,420827,logistic+PCs,0.8213135968781028,0.619873269714137,1.3249701785928965,0.18518104248318223,2.273484318804209,0.39,0.39,1.0,0.3973166034374515,False,False,SPN23F_RS02240,SPN23F_RS02240,TrkH family potassium uptake protein
420906,420906,logistic+PCs,-42.54333359045299,1273189409.1563966,-3.3414771819883266e-08,0.9999999733388695,3.339373372736253e-19,0.1,0.1,1.0,0.9999999852469791,False,False,SPN23F_RS02240,SPN23F_RS02240,TrkH family potassium uptake protein
420947,420947,logistic+PCs,-1.1584703132963288,0.5987737361555174,-1.9347380209666432,0.05302245216617209,0.31396608348202015,0.27,0.27,1.0,0.1592076275359929,False,False,trkA,SPN23F_RS02245,Trk system potassium transporter TrkA
420972,420972,logistic+PCs,-2.3405680523434866,1.1228191645408208,-2.084545870127419,0.037110542353828185,0.09627293462857928,0.11,0.11,1.0,0.12115186645712844,False,False,trkA,SPN23F_RS02245,Trk system potassium transporter TrkA
420988,420988,logistic+PCs,1.2071061569884793,0.6164495264079408,1.9581589493989917,0.050211364357331666,3.3437942224772423,0.41,0.41,1.0,0.15183809559210862,False,False,trkA,SPN23F_RS02245,Trk system potassium transporter TrkA
421049,421049,logistic+PCs,-0.624699131763462,0.5952925787659656,-1.0493984874772937,0.29399475406033837,0.5354224959098914,0.2,0.2,1.0,0.4989589722203148,False,False,trkA,SPN23F_RS02245,Trk system potassium transporter TrkA
421101,421101,logistic+PCs,-2.0584565982676475,1.1395967930557385,-1.806302554386854,0.07087109307125433,0.12765083445422357,0.06,0.06,1.0,0.18652296597989912,False,False,trkA,SPN23F_RS02245,Trk system potassium transporter TrkA
421135,421135,logistic+PCs,33.92976850565235,11863283.203031454,2.8600656264348633e-06,0.9999977179977938,543890200802362.56,0.08,0.08,1.0,0.9999999852469791,False,False,trkA,SPN23F_RS02245,Trk system potassium transporter TrkA
422357,422357,logistic+PCs,-2.8881827472456627,1.1112273149859184,-2.599092650347838,0.009347054146591144,0.05567730046019323,0.08,0.08,1.0,0.045337207078551066,False,True,trkA,SPN23F_RS02245,Trk system potassium transporter TrkA
422435,422435,logistic+PCs,-0.9338794113690694,0.7244260490351119,-1.289130081135177,0.19735286733788193,0.3930260393699353,0.27,0.27,1.0,0.4176423326820932,False,False,trkA,SPN23F_RS02245,Trk system potassium transporter TrkA
422471,422471,logistic+PCs,2.143834909537457,1.0952031830058115,1.9574768799097628,0.0502914274315549,8.532094781903167,0.15,0.15,1.0,0.15194526211574486,False,False,trkA,SPN23F_RS02245,Trk system potassium transporter TrkA
422472,422472,logistic+PCs,3.462387968390494,1.6168985253440662,2.141376168089286,0.032243715210490985,31.893045237570902,0.06,0.06,1.0,0.10901665345577051,False,False,trkA,SPN23F_RS02245,Trk system potassium transporter TrkA
422498,422498,logistic+PCs,0.5957001657325414,0.5569291933950002,1.0696156222323274,0.2847923603629191,1.8143008116065327,0.35,0.35,1.0,0.4989589722203148,False,False,SPN23F_RS02250,SPN23F_RS02250,SAM hydrolase/SAM-dependent halogenase family protein
423504,423504,logistic+PCs,8.473861315535846,2.2454437525090754,3.773802530598725,0.00016077803898720313,4787.967675641131,0.45,0.45,0.5474492227514266,0.0035548650828014718,False,True,SPN23F_RS02255,SPN23F_RS02255,ECF-type riboflavin transporter substrate-binding protein
423706,423706,logistic+PCs,8.473861315535846,2.2454437525090754,3.773802530598725,0.00016077803898720313,4787.967675641131,0.45,0.45,0.5474492227514266,0.0035548650828014718,False,True,SPN23F_RS02255,SPN23F_RS02255,ECF-type riboflavin transporter substrate-binding protein
423788,423788,logistic+PCs,2.4720905601018557,0.7670471374662691,3.2228665480295415,0.0012691466790741284,11.847188240009512,0.38,0.38,1.0,0.017216910128475725,False,True,SPN23F_RS02255,SPN23F_RS02255,ECF-type riboflavin transporter substrate-binding protein
423901,423901,logistic+PCs,-2.0212297621209365,1.4863762957659972,-1.359837187849733,0.1738814514351541,0.1324924306813416,0.18,0.18,1.0,0.37721854569064445,False,False,SPN23F_RS13225,SPN23F_RS13225,hypothetical protein
423924,423924,logistic+PCs,9.063255418220425,2.3705371597328035,3.823291856450795,0.00013168175654192053,8632.206404657838,0.44,0.44,0.4483763810252394,0.0035548650828014718,False,True,SPN23F_RS13225,SPN23F_RS13225,hypothetical protein
423987,423987,logistic+PCs,-0.6268233891085849,0.6088019615544362,-1.0296014610533368,0.3031971291282203,0.5342863279240491,0.15,0.15,1.0,0.4989589722203148,False,False,SPN23F_RS13225,SPN23F_RS13225,hypothetical protein
423998,423998,logistic+PCs,0.848010301512098,1.3746557904798071,0.6168891931965821,0.5373078153522848,2.334996288266489,0.38,0.38,1.0,0.6214446709492288,False,False,SPN23F_RS13225,SPN23F_RS13225,hypothetical protein
424169,424169,logistic+PCs,-0.8054706028021419,0.5895574982477233,-1.3662290874022522,0.17186707047101624,0.4468775752281589,0.27,0.27,1.0,0.37721854569064445,False,False,SPN23F_RS13225,SPN23F_RS13225,hypothetical protein
424189,424189,logistic+PCs,1.749297832978236,1.1835373211714935,1.4780250708501015,0.13940106787383935,5.750563402071719,0.05,0.05,1.0,0.3153891269836698,False,False,SPN23F_RS13225,SPN23F_RS13225,hypothetical protein
424218,424218,logistic+PCs,-1.8254264000735072,2.6167900403835045,-0.6975822943005321,0.48543845757589266,0.1611489155684423,0.17,0.17,1.0,0.5731338238716763,False,False,SPN23F_RS13225,SPN23F_RS13225,hypothetical protein
424250,424250,logistic+PCs,-1.5875993992185071,0.7567972244448422,-2.0977870266148373,0.035923963059595374,0.20441574378742283,0.36,0.36,1.0,0.11772963832331305,False,False,SPN23F_RS13225,SPN23F_RS13225,hypothetical protein
424297,424297,logistic+PCs,-1.0399216263819202,0.698426753175867,-1.488948728915691,0.13650087040287712,0.35348238456659514,0.11,0.11,1.0,0.30944438330345975,False,False,SPN23F_RS13225,SPN23F_RS13225,hypothetical protein
424524,424524,logistic+PCs,8.473861315535846,2.2454437525090754,3.773802530598725,0.00016077803898720313,4787.967675641131,0.45,0.45,0.5474492227514266,0.0035548650828014718,False,True,SPN23F_RS13225,SPN23F_RS13225,hypothetical protein
424646,424646,logistic+PCs,8.473861315535846,2.2454437525090754,3.773802530598725,0.00016077803898720313,4787.967675641131,0.45,0.45,0.5474492227514266,0.0035548650828014718,False,True,SPN23F_RS13225,SPN23F_RS13225,hypothetical protein
425091,425091,logistic+PCs,8.473861315535846,2.2454437525090754,3.773802530598725,0.00016077803898720313,4787.967675641131,0.45,0.45,0.5474492227514266,0.0035548650828014718,False,True,SPN23F_RS13225,SPN23F_RS13225,hypothetical protein
425277,425277,logistic+PCs,8.473861315535846,2.2454437525090754,3.773802530598725,0.00016077803898720313,4787.967675641131,0.45,0.45,0.5474492227514266,0.0035548650828014718,False,True,SPN23F_RS13225,SPN23F_RS13225,hypothetical protein
425638,425638,logistic+PCs,-2.3951442889672956,1.131391976485111,-2.1169889293437247,0.034260787369801315,0.09115952465994084,0.06,0.06,1.0,0.11348052625892362,False,False,SPN23F_RS02265,SPN23F_RS02265,ABC transporter ATP-binding protein
425642,425642,logistic+PCs,-0.36908004916272963,0.9465994808882844,-0.3899009629884718,0.6966097817920612,0.6913700646403343,0.41,0.41,1.0,0.7701156840915482,False,False,SPN23F_RS02265,SPN23F_RS02265,ABC transporter ATP-binding protein
425719,425719,logistic+PCs,-1.4525740209122306,1.885006429813014,-0.7705936690392726,0.4409478149374113,0.2339672756830764,0.24,0.24,1.0,0.5731338238716763,False,False,SPN23F_RS02270,SPN23F_RS02270,energy-coupling factor transporter transmembrane component T family protein
425815,425815,logistic+PCs,-0.0423760941841111,0.566351046627542,-0.0748230173431277,0.9403555279574877,0.9585092230307386,0.37,0.37,1.0,0.9764899581260279,False,False,SPN23F_RS02270,SPN23F_RS02270,energy-coupling factor transporter transmembrane component T family protein
425851,425851,logistic+PCs,0.18136133488073375,0.5479129049530634,0.3310039483305653,0.740641503175914,1.198848286742781,0.47,0.47,1.0,0.8064868302890909,False,False,SPN23F_RS02270,SPN23F_RS02270,energy-coupling factor transporter transmembrane component T family protein
425862,425862,logistic+PCs,0.3872601797170851,0.5229631714222831,0.7405113799196763,0.4589897586715562,1.47293967044999,0.3,0.3,1.0,0.5731338238716763,False,False,SPN23F_RS02270,SPN23F_RS02270,energy-coupling factor transporter transmembrane component T family protein
425926,425926,logistic+PCs,-6.142452933485942,6.607494765637623,-0.9296190388874559,0.3525683662737379,0.0021496442116584404,0.07,0.07,1.0,0.4989589722203148,False,False,SPN23F_RS02270,SPN23F_RS02270,energy-coupling factor transporter transmembrane component T family protein
426057,426057,logistic+PCs,-2.109537340652525,1.0675696166821942,-1.9760185262751957,0.048152678976419616,0.12129407128953823,0.22,0.22,1.0,0.1477115963195575,False,False,SPN23F_RS02270,SPN23F_RS02270,energy-coupling factor transporter transmembrane component T family protein
426087,426087,logistic+PCs,8.473861315535846,2.2454437525090754,3.773802530598725,0.00016077803898720313,4787.967675641131,0.45,0.45,0.5474492227514266,0.0035548650828014718,False,True,SPN23F_RS02270,SPN23F_RS02270,energy-coupling factor transporter transmembrane component T family protein
426108,426108,logistic+PCs,-1.4525740209122306,1.885006429813014,-0.7705936690392726,0.4409478149374113,0.2339672756830764,0.24,0.24,1.0,0.5731338238716763,False,False,SPN23F_RS02270,SPN23F_RS02270,energy-coupling factor transporter transmembrane component T family protein
426219,426219,logistic+PCs,-2.071270837014974,1.1511479022697464,-1.7993090487599366,0.07196980751024531,0.12602552199643804,0.05,0.05,1.0,0.18778329086006537,False,False,SPN23F_RS02270,SPN23F_RS02270,energy-coupling factor transporter transmembrane component T family protein
426266,426266,logistic+PCs,11.741987811396758,4.022628019978928,2.9189842443990797,0.003511739725195489,125742.04322366399,0.14,0.14,1.0,0.02256127125337857,False,True,SPN23F_RS02270,SPN23F_RS02270,energy-coupling factor transporter transmembrane component T family protein
426312,426312,logistic+PCs,-3.2566131955602784,1.1013996236008947,-2.9567952682906955,0.0031085444389073445,0.038518632429146216,0.1,0.1,1.0,0.02256127125337857,False,True,SPN23F_RS02270,SPN23F_RS02270,energy-coupling factor transporter transmembrane component T family protein
426541,426541,logistic+PCs,-0.021552852515193992,0.6005973422646409,-0.035885694122331245,0.9713735029575018,0.9786777505215305,0.23,0.23,1.0,0.9999999852469791,False,False,SPN23F_RS02270,SPN23F_RS02270,energy-coupling factor transporter transmembrane component T family protein
426546,426546,logistic+PCs,1.7938468623265331,0.6345819246408588,2.826816826435388,0.004701321164927036,6.01253743932067,0.26,0.26,1.0,0.028688169474151537,False,True,SPN23F_RS02270,SPN23F_RS02270,energy-coupling factor transporter transmembrane component T family protein
426565,426565,logistic+PCs,30.448562235846268,1237884.4122500094,2.4597257978636475e-05,0.9999803742276228,16735649083820.238,0.16,0.16,1.0,0.9999999852469791,False,False,SPN23F_RS02270,SPN23F_RS02270,energy-coupling factor transporter transmembrane component T family protein
426688,426688,logistic+PCs,-6.142452933485942,6.607494765637623,-0.9296190388874559,0.3525683662737379,0.0021496442116584404,0.07,0.07,1.0,0.4989589722203148,False,False,SPN23F_RS02270,SPN23F_RS02270,energy-coupling factor transporter transmembrane component T family protein
426765,426765,logistic+PCs,1.8285257785787123,0.9591542241578878,1.9063939171868944,0.056599117331931785,6.2247033000899075,0.07,0.07,1.0,0.15980099047697158,False,False,SPN23F_RS02270,SPN23F_RS02270,energy-coupling factor transporter transmembrane component T family protein
426801,426801,logistic+PCs,11.741987811396758,4.022628019978928,2.9189842443990797,0.003511739725195489,125742.04322366399,0.14,0.14,1.0,0.02256127125337857,False,True,SPN23F_RS02270,SPN23F_RS02270,energy-coupling factor transporter transmembrane component T family protein
426819,426819,logistic+PCs,11.741987811396758,4.022628019978928,2.9189842443990797,0.003511739725195489,125742.04322366399,0.14,0.14,1.0,0.02256127125337857,False,True,SPN23F_RS02270,SPN23F_RS02270,energy-coupling factor transporter transmembrane component T family protein
426842,426842,logistic+PCs,30.448562235846268,1237884.4122500094,2.4597257978636475e-05,0.9999803742276228,16735649083820.238,0.16,0.16,1.0,0.9999999852469791,False,False,SPN23F_RS02270,SPN23F_RS02270,energy-coupling factor transporter transmembrane component T family protein
427138,427138,logistic+PCs,-1.9150591561524586,1.1596031163405145,-1.651478104160343,0.09864098811225575,0.14733311666805257,0.05,0.05,1.0,0.2363836895272327,False,False,SPN23F_RS02270,SPN23F_RS02270,energy-coupling factor transporter transmembrane component T family protein
427498,427498,logistic+PCs,4.5201795362893415,1.6147574494690298,2.799293192779933,0.005121461136133418,91.85208728081706,0.28,0.28,1.0,0.030593991523744365,False,True,SPN23F_RS02275,SPN23F_RS02275,tRNA (cytidine(34)-2'-O)-methyltransferase
427531,427531,logistic+PCs,-1.8254264000735072,2.6167900403835045,-0.6975822943005321,0.48543845757589266,0.1611489155684423,0.17,0.17,1.0,0.5731338238716763,False,False,SPN23F_RS02275,SPN23F_RS02275,tRNA (cytidine(34)-2'-O)-methyltransferase
427542,427542,logistic+PCs,-6.142452933485942,6.607494765637623,-0.9296190388874559,0.3525683662737379,0.0021496442116584404,0.07,0.07,1.0,0.4989589722203148,False,False,SPN23F_RS02275,SPN23F_RS02275,tRNA (cytidine(34)-2'-O)-methyltransferase
427547,427547,logistic+PCs,1.709332331149185,1.7415089391981453,0.9815237192731404,0.3263345434737287,5.525271194348724,0.31,0.31,1.0,0.4989589722203148,False,False,SPN23F_RS02275,SPN23F_RS02275,tRNA (cytidine(34)-2'-O)-methyltransferase
427557,427557,logistic+PCs,-1.8254264000735072,2.6167900403835045,-0.6975822943005321,0.48543845757589266,0.1611489155684423,0.17,0.17,1.0,0.5731338238716763,False,False,SPN23F_RS02275,SPN23F_RS02275,tRNA (cytidine(34)-2'-O)-methyltransferase
427754,427754,logistic+PCs,12.277758992799,4.05919952682052,3.0246749172282974,0.002489004985074624,214863.6656671586,0.12,0.12,1.0,0.02256127125337857,False,True,SPN23F_RS02275,SPN23F_RS02275,tRNA (cytidine(34)-2'-O)-methyltransferase
428372,428372,logistic+PCs,0.6484982541421401,0.8248951581464383,0.7861583956915607,0.43177469659993184,1.9126663324302553,0.33,0.33,1.0,0.5731338238716763,False,False,SPN23F_RS02280,SPN23F_RS02280,ECF transporter S component
428399,428399,logistic+PCs,-2.101699039154115,1.151099424384889,-1.8258188603275483,0.06787755140815363,0.12224854663621841,0.05,0.05,1.0,0.1795827991800801,False,False,SPN23F_RS02280,SPN23F_RS02280,ECF transporter S component
428411,428411,logistic+PCs,0.05927140278718276,0.7267087334628389,0.08156142902638401,0.9349954742399245,1.0610631771686776,0.36,0.36,1.0,0.9715165058855486,False,False,SPN23F_RS02280,SPN23F_RS02280,ECF transporter S component
428423,428423,logistic+PCs,-1.8254264000735072,2.6167900403835045,-0.6975822943005321,0.48543845757589266,0.1611489155684423,0.17,0.17,1.0,0.5731338238716763,False,False,SPN23F_RS02280,SPN23F_RS02280,ECF transporter S component
428486,428486,logistic+PCs,-1.2975671606080077,0.7188072410846593,-1.805167069060151,0.07104854240115394,0.2731956262881016,0.5,0.5,1.0,0.18652296597989912,False,False,SPN23F_RS02280,SPN23F_RS02280,ECF transporter S component
428508,428508,logistic+PCs,-0.8880231752491358,0.6264154073063031,-1.417626649810215,0.15629979532707675,0.4114683501251459,0.33,0.33,1.0,0.35128765880442,False,False,SPN23F_RS02280,SPN23F_RS02280,ECF transporter S component
428511,428511,logistic+PCs,4.062488621885679,2.319686840588039,1.7513090779339167,0.07989268486728736,58.11876689171201,0.17,0.17,1.0,0.2016564803358884,False,False,SPN23F_RS02280,SPN23F_RS02280,ECF transporter S component
428587,428587,logistic+PCs,0.10929490062819838,0.8414959005552457,0.12988167922871893,0.8966600393548205,1.1154912609146903,0.47,0.47,1.0,0.9376927008609226,False,False,SPN23F_RS02280,SPN23F_RS02280,ECF transporter S component
428599,428599,logistic+PCs,-2.8881827472456627,1.1112273149859184,-2.599092650347838,0.009347054146591144,0.05567730046019323,0.08,0.08,1.0,0.045337207078551066,False,True,SPN23F_RS02280,SPN23F_RS02280,ECF transporter S component
428894,428894,logistic+PCs,-1.8254264000735072,2.6167900403835045,-0.6975822943005321,0.48543845757589266,0.1611489155684423,0.17,0.17,1.0,0.5731338238716763,False,False,SPN23F_RS02285,SPN23F_RS02285,phosphatase PAP2 family protein
429016,429016,logistic+PCs,11.741987811396758,4.022628019978928,2.9189842443990797,0.003511739725195489,125742.04322366399,0.14,0.14,1.0,0.02256127125337857,False,True,SPN23F_RS02285,SPN23F_RS02285,phosphatase PAP2 family protein
429019,429019,logistic+PCs,11.741987811396758,4.022628019978928,2.9189842443990797,0.003511739725195489,125742.04322366399,0.14,0.14,1.0,0.02256127125337857,False,True,SPN23F_RS02285,SPN23F_RS02285,phosphatase PAP2 family protein
429169,429169,logistic+PCs,11.741987811396758,4.022628019978928,2.9189842443990797,0.003511739725195489,125742.04322366399,0.14,0.14,1.0,0.02256127125337857,False,True,SPN23F_RS02290,SPN23F_RS02290,hypothetical protein
429427,429427,logistic+PCs,0.8680988901723427,0.8138076659611927,1.0667125986666963,0.28610163623650264,2.3823773845195513,0.34,0.34,1.0,0.4989589722203148,False,False,SPN23F_RS02290,SPN23F_RS02290,hypothetical protein
429438,429438,logistic+PCs,0.2127151951939969,0.6157871485310914,0.3454362366954412,0.7297664388721445,1.2370322883277598,0.22,0.22,1.0,0.7966831434304753,False,False,SPN23F_RS02290,SPN23F_RS02290,hypothetical protein
429525,429525,logistic+PCs,-2.437284454279386,0.7347874367181714,-3.3169925511589953,0.0009099204241505048,0.08739786240054699,0.14,0.14,1.0,0.013709199310763136,False,True,SPN23F_RS02290,SPN23F_RS02290,hypothetical protein
429546,429546,logistic+PCs,-0.9129992549535176,0.5976096421650413,-1.5277518810537791,0.12657415351810514,0.4013187599115609,0.43,0.43,1.0,0.29003027774505247,False,False,SPN23F_RS02290,SPN23F_RS02290,hypothetical protein
429565,429565,logistic+PCs,1.5667750723633425,0.8339348518634382,1.8787739460251163,0.060275365984550106,4.791172069279024,0.18,0.18,1.0,0.16645386956803981,False,False,SPN23F_RS02290,SPN23F_RS02290,hypothetical protein
429586,429586,logistic+PCs,-1.8254264000735072,2.6167900403835045,-0.6975822943005321,0.48543845757589266,0.1611489155684423,0.17,0.17,1.0,0.5731338238716763,False,False,SPN23F_RS02290,SPN23F_RS02290,hypothetical protein
429595,429595,logistic+PCs,0.2127151951939969,0.6157871485310914,0.3454362366954412,0.7297664388721445,1.2370322883277598,0.22,0.22,1.0,0.7966831434304753,False,False,SPN23F_RS02290,SPN23F_RS02290,hypothetical protein
429612,429612,logistic+PCs,-0.10432608832774379,0.5623396134507955,-0.1855214995215205,0.8528200187774838,0.9009314662811045,0.42,0.42,1.0,0.9125733032910449,False,False,SPN23F_RS02290,SPN23F_RS02290,hypothetical protein
429618,429618,logistic+PCs,-1.5860011647489602,0.6270157086812795,-2.529444067812256,0.011424338125074363,0.204742709289431,0.5,0.5,1.0,0.05288964410811788,False,False,SPN23F_RS02290,SPN23F_RS02290,hypothetical protein
429898,429898,logistic+PCs,0.004300678207771383,1.253443004463661,0.003431091954286036,0.9972623900743508,1.0043099393959987,0.17,0.17,1.0,0.9999999852469791,False,False,SPN23F_RS02290,SPN23F_RS02290,hypothetical protein
429925,429925,logistic+PCs,-2.4608922347711126,1.8865094917530623,-1.3044685147511759,0.1920738878525433,0.08535875692993937,0.25,0.25,1.0,0.407230129600193,False,False,SPN23F_RS02290,SPN23F_RS02290,hypothetical protein
430160,430160,logistic+PCs,-0.10629284705024743,0.5863789278439093,-0.18126989563059806,0.8561557343686452,0.8991612927841075,0.25,0.25,1.0,0.9144955360611808,False,False,SPN23F_RS02295,SPN23F_RS02295,GNAT family N-acetyltransferase
430366,430366,logistic+PCs,-1.8254264000735072,2.6167900403835045,-0.6975822943005321,0.48543845757589266,0.1611489155684423,0.17,0.17,1.0,0.5731338238716763,False,False,SPN23F_RS02295,SPN23F_RS02295,GNAT family N-acetyltransferase
430368,430368,logistic+PCs,-1.8254264000735072,2.6167900403835045,-0.6975822943005321,0.48543845757589266,0.1611489155684423,0.17,0.17,1.0,0.5731338238716763,False,False,SPN23F_RS02295,SPN23F_RS02295,GNAT family N-acetyltransferase
430582,430582,logistic+PCs,4.5201795362893415,1.6147574494690298,2.799293192779933,0.005121461136133418,91.85208728081706,0.28,0.28,1.0,0.030593991523744365,False,True,SPN23F_RS02295,SPN23F_RS02295,GNAT family N-acetyltransferase
430878,430878,logistic+PCs,1.8281147149304204,0.8051414852560863,2.2705508887657966,0.023174179355741325,6.2221450766741855,0.4,0.4,1.0,0.0868200407017568,False,False,rpoE,SPN23F_RS02300,DNA-directed RNA polymerase subunit delta
430981,430981,logistic+PCs,30.448562235846268,1237884.4122500094,2.4597257978636475e-05,0.9999803742276228,16735649083820.238,0.16,0.16,1.0,0.9999999852469791,False,False,rpoE,SPN23F_RS02300,DNA-directed RNA polymerase subunit delta
431006,431006,logistic+PCs,-2.8881827472456627,1.1112273149859184,-2.599092650347838,0.009347054146591144,0.05567730046019323,0.08,0.08,1.0,0.045337207078551066,False,True,rpoE,SPN23F_RS02300,DNA-directed RNA polymerase subunit delta
431158,431158,logistic+PCs,4.209454164921708,1.3010195851671722,3.235504071509286,0.0012142815365196206,67.31978428007724,0.44,0.44,1.0,0.01694519931085782,False,True,SPN23F_RS14075,SPN23F_RS14075,hypothetical protein
431175,431175,logistic+PCs,3.5634251554698473,1.3668660306838947,2.6070039605029405,0.009133830382578728,35.28384305970429,0.21,0.21,1.0,0.045337207078551066,False,True,SPN23F_RS14075,SPN23F_RS14075,hypothetical protein
431529,431529,logistic+PCs,-0.8212857721919222,1.0957867995257036,-0.7494941283718737,0.4535594363114165,0.43986572363924553,0.18,0.18,1.0,0.5731338238716763,False,False,SPN23F_RS14075,SPN23F_RS14075,hypothetical protein
431578,431578,logistic+PCs,-3.074431644189683,1.8621243710880924,-1.6510345344941728,0.09873152341113726,0.046215887987039975,0.19,0.19,1.0,0.2363836895272327,False,False,SPN23F_RS14075,SPN23F_RS14075,hypothetical protein
431589,431589,logistic+PCs,1.349312348068413,1.3904848893730704,0.9703897959486487,0.33185223300072386,3.85477387639193,0.1,0.1,1.0,0.4989589722203148,False,False,SPN23F_RS14075,SPN23F_RS14075,hypothetical protein
431632,431632,logistic+PCs,1.349312348068413,1.3904848893730704,0.9703897959486487,0.33185223300072386,3.85477387639193,0.1,0.1,1.0,0.4989589722203148,False,False,SPN23F_RS14075,SPN23F_RS14075,hypothetical protein
431667,431667,logistic+PCs,-0.8212857721919222,1.0957867995257036,-0.7494941283718737,0.4535594363114165,0.43986572363924553,0.18,0.18,1.0,0.5731338238716763,False,False,SPN23F_RS14075,SPN23F_RS14075,hypothetical protein
431685,431685,logistic+PCs,11.741987811396758,4.022628019978928,2.9189842443990797,0.003511739725195489,125742.04322366399,0.14,0.14,1.0,0.02256127125337857,False,True,SPN23F_RS14075,SPN23F_RS14075,hypothetical protein
431713,431713,logistic+PCs,11.741987811396758,4.022628019978928,2.9189842443990797,0.003511739725195489,125742.04322366399,0.14,0.14,1.0,0.02256127125337857,False,True,SPN23F_RS14075,SPN23F_RS14075,hypothetical protein
431767,431767,logistic+PCs,11.741987811396758,4.022628019978928,2.9189842443990797,0.003511739725195489,125742.04322366399,0.14,0.14,1.0,0.02256127125337857,False,True,SPN23F_RS14075,SPN23F_RS14075,hypothetical protein
431785,431785,logistic+PCs,-0.8212857721919222,1.0957867995257036,-0.7494941283718737,0.4535594363114165,0.43986572363924553,0.18,0.18,1.0,0.5731338238716763,False,False,SPN23F_RS14075,SPN23F_RS14075,hypothetical protein
431816,431816,logistic+PCs,11.741987811396758,4.022628019978928,2.9189842443990797,0.003511739725195489,125742.04322366399,0.14,0.14,1.0,0.02256127125337857,False,True,SPN23F_RS14075,SPN23F_RS14075,hypothetical protein
431899,431899,logistic+PCs,11.741987811396758,4.022628019978928,2.9189842443990797,0.003511739725195489,125742.04322366399,0.14,0.14,1.0,0.02256127125337857,False,True,SPN23F_RS14075,SPN23F_RS14075,hypothetical protein
431918,431918,logistic+PCs,11.741987811396758,4.022628019978928,2.9189842443990797,0.003511739725195489,125742.04322366399,0.14,0.14,1.0,0.02256127125337857,False,True,SPN23F_RS14075,SPN23F_RS14075,hypothetical protein
431943,431943,logistic+PCs,1.349312348068413,1.3904848893730704,0.9703897959486487,0.33185223300072386,3.85477387639193,0.1,0.1,1.0,0.4989589722203148,False,False,SPN23F_RS14075,SPN23F_RS14075,hypothetical protein
432165,432165,logistic+PCs,-2.2816808160793336,0.672783946317396,-3.3914019925245307,0.0006953602791105605,0.1021124301790515,0.36,0.36,1.0,0.011115970659020931,False,True,SPN23F_RS14075,SPN23F_RS14075,hypothetical protein
432273,432273,logistic+PCs,11.741987811396758,4.022628019978928,2.9189842443990797,0.003511739725195489,125742.04322366399,0.14,0.14,1.0,0.02256127125337857,False,True,SPN23F_RS02305,SPN23F_RS02305,CTP synthase
432346,432346,logistic+PCs,0.12224743589778458,0.6815802380430463,0.1793588327161326,0.8576559539007803,1.1300336780879494,0.29,0.29,1.0,0.9144955360611808,False,False,SPN23F_RS02305,SPN23F_RS02305,CTP synthase
432496,432496,logistic+PCs,11.741987811396758,4.022628019978928,2.9189842443990797,0.003511739725195489,125742.04322366399,0.14,0.14,1.0,0.02256127125337857,False,True,SPN23F_RS02305,SPN23F_RS02305,CTP synthase
432501,432501,logistic+PCs,1.7295937529523449,1.214125578717852,1.4245591916273115,0.15428466338180358,5.638362874825504,0.49,0.49,1.0,0.34760270502881174,False,False,SPN23F_RS02305,SPN23F_RS02305,CTP synthase
432542,432542,logistic+PCs,11.741987811396758,4.022628019978928,2.9189842443990797,0.003511739725195489,125742.04322366399,0.14,0.14,1.0,0.02256127125337857,False,True,SPN23F_RS02305,SPN23F_RS02305,CTP synthase
432549,432549,logistic+PCs,11.741987811396758,4.022628019978928,2.9189842443990797,0.003511739725195489,125742.04322366399,0.14,0.14,1.0,0.02256127125337857,False,True,SPN23F_RS02305,SPN23F_RS02305,CTP synthase
432551,432551,logistic+PCs,11.741987811396758,4.022628019978928,2.9189842443990797,0.003511739725195489,125742.04322366399,0.14,0.14,1.0,0.02256127125337857,False,True,SPN23F_RS02305,SPN23F_RS02305,CTP synthase
432581,432581,logistic+PCs,11.741987811396758,4.022628019978928,2.9189842443990797,0.003511739725195489,125742.04322366399,0.14,0.14,1.0,0.02256127125337857,False,True,SPN23F_RS02305,SPN23F_RS02305,CTP synthase
432706,432706,logistic+PCs,1.831826892197689,0.7399995747375407,2.4754431687982956,0.013307093838336642,6.245285706668118,0.5,0.5,1.0,0.05649707546076842,False,False,SPN23F_RS02305,SPN23F_RS02305,CTP synthase
432748,432748,logistic+PCs,1.8285257785787123,0.9591542241578878,1.9063939171868944,0.056599117331931785,6.2247033000899075,0.07,0.07,1.0,0.15980099047697158,False,False,SPN23F_RS02305,SPN23F_RS02305,CTP synthase
432780,432780,logistic+PCs,26.80823183447913,405360.3016397082,6.613432969641607e-05,0.9999472324394346,439204878369.67816,0.06,0.06,1.0,0.9999999852469791,False,False,SPN23F_RS02305,SPN23F_RS02305,CTP synthase
432838,432838,logistic+PCs,-6.142452933485942,6.607494765637623,-0.9296190388874559,0.3525683662737379,0.0021496442116584404,0.07,0.07,1.0,0.4989589722203148,False,False,SPN23F_RS02310,SPN23F_RS02310,Na/Pi cotransporter family protein
433324,433324,logistic+PCs,1.166021181269152,1.2956412772404844,0.8999568026673224,0.3681432394865044,3.2091983837567497,0.42,0.42,1.0,0.5133201189400276,False,False,SPN23F_RS02310,SPN23F_RS02310,Na/Pi cotransporter family protein
433450,433450,logistic+PCs,-2.697944213241928,2.103307380260106,-1.2827151364382536,0.1995918949441553,0.06734381505423451,0.18,0.18,1.0,0.4187371548273868,False,False,SPN23F_RS02310,SPN23F_RS02310,Na/Pi cotransporter family protein
433618,433618,logistic+PCs,-6.142452933485942,6.607494765637623,-0.9296190388874559,0.3525683662737379,0.0021496442116584404,0.07,0.07,1.0,0.4989589722203148,False,False,SPN23F_RS02310,SPN23F_RS02310,Na/Pi cotransporter family protein
434053,434053,logistic+PCs,-0.6739978395720956,0.5905436324412122,-1.1413175971196186,0.2537377818538017,0.5096669327887218,0.26,0.26,1.0,0.4989589722203148,False,False,SPN23F_RS02310,SPN23F_RS02310,Na/Pi cotransporter family protein
434059,434059,logistic+PCs,11.741987811396758,4.022628019978928,2.9189842443990797,0.003511739725195489,125742.04322366399,0.14,0.14,1.0,0.02256127125337857,False,True,SPN23F_RS02310,SPN23F_RS02310,Na/Pi cotransporter family protein
434065,434065,logistic+PCs,-0.346349330941286,0.5634006049541783,-0.6147478861323814,0.5387212302818742,0.7072653742680024,0.4,0.4,1.0,0.6226564117820033,False,False,SPN23F_RS02310,SPN23F_RS02310,Na/Pi cotransporter family protein
434398,434398,logistic+PCs,11.741987811396758,4.022628019978928,2.9189842443990797,0.003511739725195489,125742.04322366399,0.14,0.14,1.0,0.02256127125337857,False,True,SPN23F_RS02310,SPN23F_RS02310,Na/Pi cotransporter family protein
435115,435115,logistic+PCs,-6.142452933485942,6.607494765637623,-0.9296190388874559,0.3525683662737379,0.0021496442116584404,0.07,0.07,1.0,0.4989589722203148,False,False,SPN23F_RS02315,SPN23F_RS02315,endo-beta-N-acetylglucosaminidase
435130,435130,logistic+PCs,0.2127151951939969,0.6157871485310914,0.3454362366954412,0.7297664388721445,1.2370322883277598,0.22,0.22,1.0,0.7966831434304753,False,False,SPN23F_RS02315,SPN23F_RS02315,endo-beta-N-acetylglucosaminidase
435139,435139,logistic+PCs,-6.142452933485942,6.607494765637623,-0.9296190388874559,0.3525683662737379,0.0021496442116584404,0.07,0.07,1.0,0.4989589722203148,False,False,SPN23F_RS02315,SPN23F_RS02315,endo-beta-N-acetylglucosaminidase
435367,435367,logistic+PCs,-6.142452933485942,6.607494765637623,-0.9296190388874559,0.3525683662737379,0.0021496442116584404,0.07,0.07,1.0,0.4989589722203148,False,False,SPN23F_RS02315,SPN23F_RS02315,endo-beta-N-acetylglucosaminidase
435382,435382,logistic+PCs,-6.142452933485942,6.607494765637623,-0.9296190388874559,0.3525683662737379,0.0021496442116584404,0.07,0.07,1.0,0.4989589722203148,False,False,SPN23F_RS02315,SPN23F_RS02315,endo-beta-N-acetylglucosaminidase
435407,435407,logistic+PCs,-1.8254264000735072,2.6167900403835045,-0.6975822943005321,0.48543845757589266,0.1611489155684423,0.17,0.17,1.0,0.5731338238716763,False,False,SPN23F_RS02315,SPN23F_RS02315,endo-beta-N-acetylglucosaminidase
435439,435439,logistic+PCs,1.8285257785787123,0.9591542241578878,1.9063939171868944,0.056599117331931785,6.2247033000899075,0.07,0.07,1.0,0.15980099047697158,False,False,SPN23F_RS02315,SPN23F_RS02315,endo-beta-N-acetylglucosaminidase
435655,435655,logistic+PCs,-1.8254264000735072,2.6167900403835045,-0.6975822943005321,0.48543845757589266,0.1611489155684423,0.17,0.17,1.0,0.5731338238716763,False,False,SPN23F_RS02315,SPN23F_RS02315,endo-beta-N-acetylglucosaminidase
435673,435673,logistic+PCs,-0.013809319921442268,0.5597533794834115,-0.024670364534800475,0.9803178935584129,0.9862855913479143,0.33,0.33,1.0,0.9999999852469791,False,False,SPN23F_RS02315,SPN23F_RS02315,endo-beta-N-acetylglucosaminidase
435677,435677,logistic+PCs,-0.6806643265235358,1.120162996534217,-0.6076475732813086,0.5434212412655648,0.5062805450281059,0.07,0.07,1.0,0.6270245091525747,False,False,SPN23F_RS02315,SPN23F_RS02315,endo-beta-N-acetylglucosaminidase
435739,435739,logistic+PCs,-1.8254264000735072,2.6167900403835045,-0.6975822943005321,0.48543845757589266,0.1611489155684423,0.17,0.17,1.0,0.5731338238716763,False,False,SPN23F_RS02315,SPN23F_RS02315,endo-beta-N-acetylglucosaminidase
435748,435748,logistic+PCs,-3.4713601074751086,0.9786694844400323,-3.5470198700037376,0.0003896152047973131,0.03107473692358972,0.29,0.29,1.0,0.00690958214757735,False,True,SPN23F_RS02315,SPN23F_RS02315,endo-beta-N-acetylglucosaminidase
435757,435757,logistic+PCs,-1.8254264000735072,2.6167900403835045,-0.6975822943005321,0.48543845757589266,0.1611489155684423,0.17,0.17,1.0,0.5731338238716763,False,False,SPN23F_RS02315,SPN23F_RS02315,endo-beta-N-acetylglucosaminidase
436521,436521,logistic+PCs,-1.064032874800294,0.9524474383467297,-1.1171565295479777,0.26392740360588196,0.3450614110319419,0.05,0.05,1.0,0.4989589722203148,False,False,SPN23F_RS02315,SPN23F_RS02315,endo-beta-N-acetylglucosaminidase
436532,436532,logistic+PCs,-1.8254264000735072,2.6167900403835045,-0.6975822943005321,0.48543845757589266,0.1611489155684423,0.17,0.17,1.0,0.5731338238716763,False,False,SPN23F_RS02315,SPN23F_RS02315,endo-beta-N-acetylglucosaminidase
436821,436821,logistic+PCs,-6.142452933485942,6.607494765637623,-0.9296190388874559,0.3525683662737379,0.0021496442116584404,0.07,0.07,1.0,0.4989589722203148,False,False,SPN23F_RS02315,SPN23F_RS02315,endo-beta-N-acetylglucosaminidase
437064,437064,logistic+PCs,-0.21460210315841685,0.9655284582504342,-0.22226388184070942,0.8241084670060501,0.8068624243240335,0.5,0.5,1.0,0.885201681437098,False,False,SPN23F_RS02315,SPN23F_RS02315,endo-beta-N-acetylglucosaminidase
437078,437078,logistic+PCs,-1.8254264000735072,2.6167900403835045,-0.6975822943005321,0.48543845757589266,0.1611489155684423,0.17,0.17,1.0,0.5731338238716763,False,False,SPN23F_RS02315,SPN23F_RS02315,endo-beta-N-acetylglucosaminidase
437112,437112,logistic+PCs,2.5863360691446178,1.2007695825869764,2.1538987218284897,0.03124811523189249,13.281021604572274,0.06,0.06,1.0,0.10672568205773438,False,False,SPN23F_RS02315,SPN23F_RS02315,endo-beta-N-acetylglucosaminidase
437240,437240,logistic+PCs,0.8936544001042048,0.9830099604572592,0.9091000458311841,0.36329731842274837,2.4440448693065,0.05,0.05,1.0,0.5076025314852106,False,False,SPN23F_RS02315,SPN23F_RS02315,endo-beta-N-acetylglucosaminidase
437339,437339,logistic+PCs,-6.142452933485942,6.607494765637623,-0.9296190388874559,0.3525683662737379,0.0021496442116584404,0.07,0.07,1.0,0.4989589722203148,False,False,SPN23F_RS02315,SPN23F_RS02315,endo-beta-N-acetylglucosaminidase
437433,437433,logistic+PCs,-1.064032874800294,0.9524474383467297,-1.1171565295479777,0.26392740360588196,0.3450614110319419,0.05,0.05,1.0,0.4989589722203148,False,False,SPN23F_RS02315,SPN23F_RS02315,endo-beta-N-acetylglucosaminidase
437442,437442,logistic+PCs,2.5863360691446178,1.2007695825869764,2.1538987218284897,0.03124811523189249,13.281021604572274,0.06,0.06,1.0,0.10672568205773438,False,False,SPN23F_RS02315,SPN23F_RS02315,endo-beta-N-acetylglucosaminidase
437595,437595,logistic+PCs,-6.142452933485942,6.607494765637623,-0.9296190388874559,0.3525683662737379,0.0021496442116584404,0.07,0.07,1.0,0.4989589722203148,False,False,SPN23F_RS02315,SPN23F_RS02315,endo-beta-N-acetylglucosaminidase
437597,437597,logistic+PCs,-0.4895544536294391,0.5600716619808374,-0.8740925257635853,0.38206786752782906,0.6128994084665996,0.42,0.42,1.0,0.5271236178817902,False,False,SPN23F_RS02315,SPN23F_RS02315,endo-beta-N-acetylglucosaminidase
437623,437623,logistic+PCs,-6.142452933485942,6.607494765637623,-0.9296190388874559,0.3525683662737379,0.0021496442116584404,0.07,0.07,1.0,0.4989589722203148,False,False,SPN23F_RS02315,SPN23F_RS02315,endo-beta-N-acetylglucosaminidase
437656,437656,logistic+PCs,2.5863360691446178,1.2007695825869764,2.1538987218284897,0.03124811523189249,13.281021604572274,0.06,0.06,1.0,0.10672568205773438,False,False,SPN23F_RS02315,SPN23F_RS02315,endo-beta-N-acetylglucosaminidase
437706,437706,logistic+PCs,30.448562235846268,1237884.4122500094,2.4597257978636475e-05,0.9999803742276228,16735649083820.238,0.16,0.16,1.0,0.9999999852469791,False,False,SPN23F_RS02315,SPN23F_RS02315,endo-beta-N-acetylglucosaminidase
437708,437708,logistic+PCs,11.741987811396758,4.022628019978928,2.9189842443990797,0.003511739725195489,125742.04322366399,0.14,0.14,1.0,0.02256127125337857,False,True,SPN23F_RS02315,SPN23F_RS02315,endo-beta-N-acetylglucosaminidase
437733,437733,logistic+PCs,0.14444047143032865,0.513913558803762,0.2810598571606928,0.7786644899305032,1.1553929140289771,0.33,0.33,1.0,0.8425016168456827,False,False,SPN23F_RS02315,SPN23F_RS02315,endo-beta-N-acetylglucosaminidase
437811,437811,logistic+PCs,-2.199645565199591,0.7572562821180877,-2.9047571042224445,0.0036753820352744735,0.11084243781824459,0.27,0.27,1.0,0.0234357225282951,False,True,SPN23F_RS02315,SPN23F_RS02315,endo-beta-N-acetylglucosaminidase
437937,437937,logistic+PCs,2.9835416554418557,1.0778110632304996,2.768149035786802,0.005637566889033605,19.757667728943073,0.2,0.2,1.0,0.03325562522898409,False,True,SPN23F_RS02315,SPN23F_RS02315,endo-beta-N-acetylglucosaminidase
437989,437989,logistic+PCs,1.8285257785787123,0.9591542241578878,1.9063939171868944,0.056599117331931785,6.2247033000899075,0.07,0.07,1.0,0.15980099047697158,False,False,SPN23F_RS02315,SPN23F_RS02315,endo-beta-N-acetylglucosaminidase
438144,438144,logistic+PCs,-6.142452933485942,6.607494765637623,-0.9296190388874559,0.3525683662737379,0.0021496442116584404,0.07,0.07,1.0,0.4989589722203148,False,False,SPN23F_RS02315,SPN23F_RS02315,endo-beta-N-acetylglucosaminidase
438650,438650,logistic+PCs,-2.5969251797652224,0.8903724674794423,-2.9166728247076916,0.0035378666358109262,0.07450230758617657,0.35,0.35,1.0,0.022643676494240986,False,True,SPN23F_RS02315,SPN23F_RS02315,endo-beta-N-acetylglucosaminidase
438894,438894,logistic+PCs,-6.142452933485942,6.607494765637623,-0.9296190388874559,0.3525683662737379,0.0021496442116584404,0.07,0.07,1.0,0.4989589722203148,False,False,SPN23F_RS02315,SPN23F_RS02315,endo-beta-N-acetylglucosaminidase
438986,438986,logistic+PCs,1.709332331149185,1.7415089391981453,0.9815237192731404,0.3263345434737287,5.525271194348724,0.31,0.31,1.0,0.4989589722203148,False,False,SPN23F_RS02315,SPN23F_RS02315,endo-beta-N-acetylglucosaminidase
439021,439021,logistic+PCs,-1.8254264000735072,2.6167900403835045,-0.6975822943005321,0.48543845757589266,0.1611489155684423,0.17,0.17,1.0,0.5731338238716763,False,False,SPN23F_RS02315,SPN23F_RS02315,endo-beta-N-acetylglucosaminidase
439031,439031,logistic+PCs,0.4821374328667014,0.5719353802460967,0.8429928441553024,0.39923244588383167,1.6195323469810934,0.25,0.25,1.0,0.5492470619129078,False,False,SPN23F_RS02315,SPN23F_RS02315,endo-beta-N-acetylglucosaminidase
439049,439049,logistic+PCs,-0.1536250211342986,0.6059073456144338,-0.2535454013658008,0.7998467817686137,0.8575935401791729,0.22,0.22,1.0,0.8629525639803959,False,False,SPN23F_RS02315,SPN23F_RS02315,endo-beta-N-acetylglucosaminidase
439097,439097,logistic+PCs,-6.142452933485942,6.607494765637623,-0.9296190388874559,0.3525683662737379,0.0021496442116584404,0.07,0.07,1.0,0.4989589722203148,False,False,SPN23F_RS02315,SPN23F_RS02315,endo-beta-N-acetylglucosaminidase
439246,439246,logistic+PCs,1.5693734311165772,0.7539320205560629,2.0815847958799854,0.037380411360118944,4.8036374409039295,0.34,0.34,1.0,0.12168288784054015,False,False,SPN23F_RS02315,SPN23F_RS02315,endo-beta-N-acetylglucosaminidase
439328,439328,logistic+PCs,-6.142452933485942,6.607494765637623,-0.9296190388874559,0.3525683662737379,0.0021496442116584404,0.07,0.07,1.0,0.4989589722203148,False,False,SPN23F_RS02315,SPN23F_RS02315,endo-beta-N-acetylglucosaminidase
439564,439564,logistic+PCs,30.448562235846268,1237884.4122500094,2.4597257978636475e-05,0.9999803742276228,16735649083820.238,0.16,0.16,1.0,0.9999999852469791,False,False,SPN23F_RS02315,SPN23F_RS02315,endo-beta-N-acetylglucosaminidase
439695,439695,logistic+PCs,-1.4525740209122306,1.885006429813014,-0.7705936690392726,0.4409478149374113,0.2339672756830764,0.24,0.24,1.0,0.5731338238716763,False,False,SPN23F_RS02315,SPN23F_RS02315,endo-beta-N-acetylglucosaminidase
439919,439919,logistic+PCs,0.06400945925693854,0.5964086561283933,0.10732483272871672,0.9145312846513209,1.0661024832511212,0.24,0.24,1.0,0.9519960330901094,False,False,SPN23F_RS02320,SPN23F_RS02320,phosphoglycerate kinase
439922,439922,logistic+PCs,4.6072655640128035,1.5867680740999726,2.9035532282347445,0.003689542474433449,100.20975748633799,0.47,0.47,1.0,0.023438231577324428,False,True,SPN23F_RS02320,SPN23F_RS02320,phosphoglycerate kinase
440171,440171,logistic+PCs,12.361963252012185,4.095511826450436,3.0184171785742953,0.0025409884566501392,233739.66961459556,0.15,0.15,1.0,0.02256127125337857,False,True,SPN23F_RS02320,SPN23F_RS02320,phosphoglycerate kinase
440410,440410,logistic+PCs,-1.064032874800294,0.9524474383467297,-1.1171565295479777,0.26392740360588196,0.3450614110319419,0.05,0.05,1.0,0.4989589722203148,False,False,SPN23F_RS02320,SPN23F_RS02320,phosphoglycerate kinase
440556,440556,logistic+PCs,-1.4525740209122306,1.885006429813014,-0.7705936690392726,0.4409478149374113,0.2339672756830764,0.24,0.24,1.0,0.5731338238716763,False,False,SPN23F_RS02320,SPN23F_RS02320,phosphoglycerate kinase
440558,440558,logistic+PCs,-1.4525740209122306,1.885006429813014,-0.7705936690392726,0.4409478149374113,0.2339672756830764,0.24,0.24,1.0,0.5731338238716763,False,False,SPN23F_RS02320,SPN23F_RS02320,phosphoglycerate kinase
440569,440569,logistic+PCs,-1.4525740209122306,1.885006429813014,-0.7705936690392726,0.4409478149374113,0.2339672756830764,0.24,0.24,1.0,0.5731338238716763,False,False,SPN23F_RS02320,SPN23F_RS02320,phosphoglycerate kinase
441004,441004,logistic+PCs,-1.4525740209122306,1.885006429813014,-0.7705936690392726,0.4409478149374113,0.2339672756830764,0.24,0.24,1.0,0.5731338238716763,False,False,SPN23F_RS02320,SPN23F_RS02320,phosphoglycerate kinase
441185,441185,logistic+PCs,0.4984593329395565,0.9663628143058992,0.5158097202835566,0.6059873129334942,1.6461830958897326,0.35,0.35,1.0,0.6877956001795159,False,False,SPN23F_RS02320,SPN23F_RS02320,phosphoglycerate kinase
441207,441207,logistic+PCs,0.6402943077754967,0.7297751716072687,0.8773857109516374,0.3802771716927158,1.8970391105156752,0.1,0.1,1.0,0.5260425696135521,False,False,SPN23F_RS02320,SPN23F_RS02320,phosphoglycerate kinase
441488,441488,logistic+PCs,-1.8254264000735072,2.6167900403835045,-0.6975822943005321,0.48543845757589266,0.1611489155684423,0.17,0.17,1.0,0.5731338238716763,False,False,SPN23F_RS02320,SPN23F_RS02320,phosphoglycerate kinase
442608,442608,logistic+PCs,2.0978768346092935,0.7619753896556023,2.7532081259966836,0.005901436602693251,8.148850176073411,0.41,0.41,1.0,0.034349387405419686,False,True,glnR,SPN23F_RS02330,transcriptional repressor GlnR
442635,442635,logistic+PCs,1.8285257785787123,0.9591542241578878,1.9063939171868944,0.056599117331931785,6.2247033000899075,0.07,0.07,1.0,0.15980099047697158,False,False,glnR,SPN23F_RS02330,transcriptional repressor GlnR
442893,442893,logistic+PCs,-6.142452933485942,6.607494765637623,-0.9296190388874559,0.3525683662737379,0.0021496442116584404,0.07,0.07,1.0,0.4989589722203148,False,False,glnR,SPN23F_RS02330,transcriptional repressor GlnR
443154,443154,logistic+PCs,2.5863360691446178,1.2007695825869764,2.1538987218284897,0.03124811523189249,13.281021604572274,0.06,0.06,1.0,0.10672568205773438,False,False,glnR,SPN23F_RS02330,transcriptional repressor GlnR
443551,443551,logistic+PCs,11.741987811396758,4.022628019978928,2.9189842443990797,0.003511739725195489,125742.04322366399,0.14,0.14,1.0,0.02256127125337857,False,True,glnA,SPN23F_RS02335,type I glutamate--ammonia ligase
443599,443599,logistic+PCs,-6.142452933485942,6.607494765637623,-0.9296190388874559,0.3525683662737379,0.0021496442116584404,0.07,0.07,1.0,0.4989589722203148,False,False,SPN23F_RS11955,SPN23F_RS11955,hypothetical protein
443959,443959,logistic+PCs,-1.4762189515945472,0.6311547263619226,-2.338917685214386,0.019339694027773018,0.22850002674668757,0.45,0.45,1.0,0.07745410993148244,False,False,SPN23F_RS11955,SPN23F_RS11955,hypothetical protein
444151,444151,logistic+PCs,-1.9037383755125004,1.1982692641957933,-1.5887400540062886,0.11211909205388014,0.14901051940241997,0.11,0.11,1.0,0.26274295144078585,False,False,SPN23F_RS13775,SPN23F_RS13775,hypothetical protein
444163,444163,logistic+PCs,-8.767897233065455,7.071600903855846,-1.2398744431808488,0.21502183803787367,0.0001556505335708582,0.08,0.08,1.0,0.4442653874508251,False,False,SPN23F_RS13775,SPN23F_RS13775,hypothetical protein
444388,444388,logistic+PCs,-3.5194465740122287,1.1237943624207583,-3.1317531851921836,0.0017376588769665786,0.029615820798235878,0.18,0.18,1.0,0.022411850288148485,False,True,SPN23F_RS13775,SPN23F_RS13775,hypothetical protein
444427,444427,logistic+PCs,-6.742596455519978,6.373121638104902,-1.0579739158289378,0.29006733444129507,0.0011795804488855706,0.08,0.08,1.0,0.4989589722203148,False,False,SPN23F_RS13775,SPN23F_RS13775,hypothetical protein
444439,444439,logistic+PCs,-9.441073483105189,7.143849587764758,-1.3215666661396226,0.18631248945985235,7.939513345366111e-05,0.09,0.09,1.0,0.39886435396381903,False,False,SPN23F_RS13775,SPN23F_RS13775,hypothetical protein
444511,444511,logistic+PCs,-2.697944213241928,2.103307380260106,-1.2827151364382536,0.1995918949441553,0.06734381505423451,0.18,0.18,1.0,0.4187371548273868,False,False,SPN23F_RS13775,SPN23F_RS13775,hypothetical protein
444634,444634,logistic+PCs,-0.7219402004738436,1.0382936962765814,-0.6953140552261743,0.4868585078839309,0.4858087745698022,0.11,0.11,1.0,0.5746111678838075,False,False,SPN23F_RS13775,SPN23F_RS13775,hypothetical protein
444851,444851,logistic+PCs,-6.142452933485942,6.607494765637623,-0.9296190388874559,0.3525683662737379,0.0021496442116584404,0.07,0.07,1.0,0.4989589722203148,False,False,SPN23F_RS13775,SPN23F_RS13775,hypothetical protein
445018,445018,logistic+PCs,-6.142452933485942,6.607494765637623,-0.9296190388874559,0.3525683662737379,0.0021496442116584404,0.07,0.07,1.0,0.4989589722203148,False,False,SPN23F_RS13775,SPN23F_RS13775,hypothetical protein
445066,445066,logistic+PCs,-6.142452933485942,6.607494765637623,-0.9296190388874559,0.3525683662737379,0.0021496442116584404,0.07,0.07,1.0,0.4989589722203148,False,False,SPN23F_RS13775,SPN23F_RS13775,hypothetical protein
445315,445315,logistic+PCs,-0.36208643424147013,0.550340073192276,-0.6579321620923752,0.5105817230005116,0.6962221878043029,0.39,0.39,1.0,0.5994933678678421,False,False,SPN23F_RS13775,SPN23F_RS13775,hypothetical protein
445555,445555,logistic+PCs,1.9231737829055868,0.7565638635459043,2.541984722733058,0.01102249912147071,6.842641100461807,0.5,0.5,1.0,0.05234534101618936,False,False,SPN23F_RS02345,SPN23F_RS02345,restriction endonuclease subunit S
445636,445636,logistic+PCs,-2.493834950892283,1.1463107952865914,-2.1755312443592527,0.029590329373114385,0.08259261981842086,0.13,0.13,1.0,0.1042383665224248,False,False,SPN23F_RS02345,SPN23F_RS02345,restriction endonuclease subunit S
445681,445681,logistic+PCs,1.0101689225951072,0.7039226865719413,1.4350566359987138,0.1512709592173172,2.746064848240355,0.26,0.26,1.0,0.3411110040628908,False,False,SPN23F_RS02345,SPN23F_RS02345,restriction endonuclease subunit S
445684,445684,logistic+PCs,3.584079863504116,1.5594090061212034,2.2983578069867496,0.02154143285204756,36.020198966251655,0.24,0.24,1.0,0.08232163733021543,False,False,SPN23F_RS02345,SPN23F_RS02345,restriction endonuclease subunit S
445753,445753,logistic+PCs,0.010845890506192245,0.5766318781351043,0.018809037303433758,0.984993444373494,1.0109049203941707,0.26,0.26,1.0,0.9999999852469791,False,False,SPN23F_RS02350,SPN23F_RS02350,restriction endonuclease subunit S
447050,447050,logistic+PCs,-6.142452933485942,6.607494765637623,-0.9296190388874559,0.3525683662737379,0.0021496442116584404,0.07,0.07,1.0,0.4989589722203148,False,False,psrA,SPN23F_RS02355,tyrosine-type DNA invertase PsrA
447284,447284,logistic+PCs,0.8125098742699993,0.8019859618161538,1.0131223150465294,0.3110017406976644,2.253557039334012,0.47,0.47,1.0,0.4989589722203148,False,False,psrA,SPN23F_RS02355,tyrosine-type DNA invertase PsrA
447514,447514,logistic+PCs,-1.2975671606080077,0.7188072410846593,-1.805167069060151,0.07104854240115394,0.2731956262881016,0.5,0.5,1.0,0.18652296597989912,False,False,psrA,SPN23F_RS02355,tyrosine-type DNA invertase PsrA
447569,447569,logistic+PCs,-6.142452933485942,6.607494765637623,-0.9296190388874559,0.3525683662737379,0.0021496442116584404,0.07,0.07,1.0,0.4989589722203148,False,False,psrA,SPN23F_RS02355,tyrosine-type DNA invertase PsrA
447583,447583,logistic+PCs,0.8125098742699993,0.8019859618161538,1.0131223150465294,0.3110017406976644,2.253557039334012,0.47,0.47,1.0,0.4989589722203148,False,False,psrA,SPN23F_RS02355,tyrosine-type DNA invertase PsrA
448271,448271,logistic+PCs,-6.142452933485942,6.607494765637623,-0.9296190388874559,0.3525683662737379,0.0021496442116584404,0.07,0.07,1.0,0.4989589722203148,False,False,SPN23F_RS02360,SPN23F_RS02360,restriction endonuclease subunit S
448382,448382,logistic+PCs,3.393818681965408,0.8554899310206818,3.9671053496985706,7.275083983231225e-05,29.77945368226145,0.34,0.34,0.2477166096290232,0.0035548650828014718,False,True,SPN23F_RS02360,SPN23F_RS02360,restriction endonuclease subunit S
448686,448686,logistic+PCs,-2.713535996752868,1.956791009495498,-1.3867275470835667,0.16552485736566414,0.06630194825660773,0.18,0.18,1.0,0.3681265817790471,False,False,SPN23F_RS02360,SPN23F_RS02360,restriction endonuclease subunit S
448751,448751,logistic+PCs,-6.142452933485942,6.607494765637623,-0.9296190388874559,0.3525683662737379,0.0021496442116584404,0.07,0.07,1.0,0.4989589722203148,False,False,SPN23F_RS02360,SPN23F_RS02360,restriction endonuclease subunit S
448934,448934,logistic+PCs,-6.142452933485942,6.607494765637623,-0.9296190388874559,0.3525683662737379,0.0021496442116584404,0.07,0.07,1.0,0.4989589722203148,False,False,SPN23F_RS02365,SPN23F_RS02365,class I SAM-dependent DNA methyltransferase
448988,448988,logistic+PCs,1.7679622559797579,0.7309877855596405,2.4185934305676735,0.015580643767254225,5.858902245844321,0.5,0.5,1.0,0.06422771431900803,False,False,SPN23F_RS02365,SPN23F_RS02365,class I SAM-dependent DNA methyltransferase
449056,449056,logistic+PCs,-1.4525740209122306,1.885006429813014,-0.7705936690392726,0.4409478149374113,0.2339672756830764,0.24,0.24,1.0,0.5731338238716763,False,False,SPN23F_RS02365,SPN23F_RS02365,class I SAM-dependent DNA methyltransferase
449229,449229,logistic+PCs,-1.8254264000735072,2.6167900403835045,-0.6975822943005321,0.48543845757589266,0.1611489155684423,0.17,0.17,1.0,0.5731338238716763,False,False,SPN23F_RS02365,SPN23F_RS02365,class I SAM-dependent DNA methyltransferase
449568,449568,logistic+PCs,8.473861315535846,2.2454437525090754,3.773802530598725,0.00016077803898720313,4787.967675641131,0.45,0.45,0.5474492227514266,0.0035548650828014718,False,True,SPN23F_RS02365,SPN23F_RS02365,class I SAM-dependent DNA methyltransferase
450066,450066,logistic+PCs,-6.142452933485942,6.607494765637623,-0.9296190388874559,0.3525683662737379,0.0021496442116584404,0.07,0.07,1.0,0.4989589722203148,False,False,SPN23F_RS02365,SPN23F_RS02365,class I SAM-dependent DNA methyltransferase
450100,450100,logistic+PCs,-1.11084001017571,0.6050264694105513,-1.8360188625432357,0.06635486698771835,0.32928224443305837,0.45,0.45,1.0,0.17832543180203705,False,False,SPN23F_RS02365,SPN23F_RS02365,class I SAM-dependent DNA methyltransferase
450104,450104,logistic+PCs,-1.11084001017571,0.6050264694105513,-1.8360188625432357,0.06635486698771835,0.32928224443305837,0.45,0.45,1.0,0.17832543180203705,False,False,SPN23F_RS02365,SPN23F_RS02365,class I SAM-dependent DNA methyltransferase
450187,450187,logistic+PCs,2.2591799607201803,1.1208783378670413,2.015544314130696,0.04384764776372443,9.575233878488287,0.14,0.14,1.0,0.13647279765583334,False,False,SPN23F_RS02365,SPN23F_RS02365,class I SAM-dependent DNA methyltransferase
450257,450257,logistic+PCs,0.35496773583782487,0.5271606216125614,0.6733578368429607,0.5007196656226386,1.4261346404998614,0.32,0.32,1.0,0.5889293476494247,False,False,SPN23F_RS02365,SPN23F_RS02365,class I SAM-dependent DNA methyltransferase
450358,450358,logistic+PCs,1.8285257785787123,0.9591542241578878,1.9063939171868944,0.056599117331931785,6.2247033000899075,0.07,0.07,1.0,0.15980099047697158,False,False,SPN23F_RS02365,SPN23F_RS02365,class I SAM-dependent DNA methyltransferase
450363,450363,logistic+PCs,1.8285257785787123,0.9591542241578878,1.9063939171868944,0.056599117331931785,6.2247033000899075,0.07,0.07,1.0,0.15980099047697158,False,False,SPN23F_RS02365,SPN23F_RS02365,class I SAM-dependent DNA methyltransferase
450400,450400,logistic+PCs,8.473861315535846,2.2454437525090754,3.773802530598725,0.00016077803898720313,4787.967675641131,0.45,0.45,0.5474492227514266,0.0035548650828014718,False,True,SPN23F_RS02365,SPN23F_RS02365,class I SAM-dependent DNA methyltransferase
450417,450417,logistic+PCs,-0.11787723557100778,0.5813833605426282,-0.20275302592249678,0.8393280751394193,0.888805159575154,0.25,0.25,1.0,0.8998463777864366,False,False,SPN23F_RS02365,SPN23F_RS02365,class I SAM-dependent DNA methyltransferase
450468,450468,logistic+PCs,-6.142452933485942,6.607494765637623,-0.9296190388874559,0.3525683662737379,0.0021496442116584404,0.07,0.07,1.0,0.4989589722203148,False,False,hsdR,SPN23F_RS02370,EcoAI/FtnUII family type I restriction enzme subunit R
450493,450493,logistic+PCs,8.473861315535846,2.2454437525090754,3.773802530598725,0.00016077803898720313,4787.967675641131,0.45,0.45,0.5474492227514266,0.0035548650828014718,False,True,hsdR,SPN23F_RS02370,EcoAI/FtnUII family type I restriction enzme subunit R
450502,450502,logistic+PCs,8.473861315535846,2.2454437525090754,3.773802530598725,0.00016077803898720313,4787.967675641131,0.45,0.45,0.5474492227514266,0.0035548650828014718,False,True,hsdR,SPN23F_RS02370,EcoAI/FtnUII family type I restriction enzme subunit R
450587,450587,logistic+PCs,0.23261482662708768,0.6128944138376441,0.3795349107043867,0.7042906850414123,1.2618953372254735,0.22,0.22,1.0,0.7773451483196139,False,False,hsdR,SPN23F_RS02370,EcoAI/FtnUII family type I restriction enzme subunit R
450669,450669,logistic+PCs,-9.64892900359911,7.165768263274063,-1.3465309858053494,0.17813133437002604,6.449460354710399e-05,0.1,0.1,1.0,0.3836366629788198,False,False,hsdR,SPN23F_RS02370,EcoAI/FtnUII family type I restriction enzme subunit R
450681,450681,logistic+PCs,-6.956694544517064,6.178328674292012,-1.1259832409796888,0.2601726130929942,0.0009522389616662487,0.09,0.09,1.0,0.4989589722203148,False,False,hsdR,SPN23F_RS02370,EcoAI/FtnUII family type I restriction enzme subunit R
450691,450691,logistic+PCs,1.4912639913328585,0.7433988130101948,2.006008033957417,0.04485539084557601,4.4427075152929065,0.43,0.43,1.0,0.13910073390636277,False,False,hsdR,SPN23F_RS02370,EcoAI/FtnUII family type I restriction enzme subunit R
450700,450700,logistic+PCs,1.709332331149185,1.7415089391981453,0.9815237192731404,0.3263345434737287,5.525271194348724,0.31,0.31,1.0,0.4989589722203148,False,False,hsdR,SPN23F_RS02370,EcoAI/FtnUII family type I restriction enzme subunit R
450792,450792,logistic+PCs,-2.8881827472456627,1.1112273149859184,-2.599092650347838,0.009347054146591144,0.05567730046019323,0.08,0.08,1.0,0.045337207078551066,False,True,hsdR,SPN23F_RS02370,EcoAI/FtnUII family type I restriction enzme subunit R
450809,450809,logistic+PCs,1.4665867067667486,0.7761092325832007,1.889665326986723,0.058802734137812854,4.334415232920385,0.45,0.45,1.0,0.16500011824486352,False,False,hsdR,SPN23F_RS02370,EcoAI/FtnUII family type I restriction enzme subunit R
450863,450863,logistic+PCs,6.265326622048363,5.729585294950995,1.0935043811232676,0.2741724064714991,526.0133654672064,0.1,0.1,1.0,0.4989589722203148,False,False,hsdR,SPN23F_RS02370,EcoAI/FtnUII family type I restriction enzme subunit R
450880,450880,logistic+PCs,-0.8019588704370826,1.4516471488523743,-0.5524475221620389,0.5806417792705374,0.44844964840683627,0.16,0.16,1.0,0.6641200061861537,False,False,hsdR,SPN23F_RS02370,EcoAI/FtnUII family type I restriction enzme subunit R
451015,451015,logistic+PCs,-1.8254264000735072,2.6167900403835045,-0.6975822943005321,0.48543845757589266,0.1611489155684423,0.17,0.17,1.0,0.5731338238716763,False,False,hsdR,SPN23F_RS02370,EcoAI/FtnUII family type I restriction enzme subunit R
451129,451129,logistic+PCs,-6.142452933485942,6.607494765637623,-0.9296190388874559,0.3525683662737379,0.0021496442116584404,0.07,0.07,1.0,0.4989589722203148,False,False,hsdR,SPN23F_RS02370,EcoAI/FtnUII family type I restriction enzme subunit R
451135,451135,logistic+PCs,-6.142452933485942,6.607494765637623,-0.9296190388874559,0.3525683662737379,0.0021496442116584404,0.07,0.07,1.0,0.4989589722203148,False,False,hsdR,SPN23F_RS02370,EcoAI/FtnUII family type I restriction enzme subunit R
451226,451226,logistic+PCs,1.7132778685937613,0.7074281610145842,2.421840072264865,0.01544214483227204,5.5471144220372395,0.22,0.22,1.0,0.06373394321683187,False,False,hsdR,SPN23F_RS02370,EcoAI/FtnUII family type I restriction enzme subunit R
451240,451240,logistic+PCs,8.473861315535846,2.2454437525090754,3.773802530598725,0.00016077803898720313,4787.967675641131,0.45,0.45,0.5474492227514266,0.0035548650828014718,False,True,hsdR,SPN23F_RS02370,EcoAI/FtnUII family type I restriction enzme subunit R
451465,451465,logistic+PCs,-6.142452933485942,6.607494765637623,-0.9296190388874559,0.3525683662737379,0.0021496442116584404,0.07,0.07,1.0,0.4989589722203148,False,False,hsdR,SPN23F_RS02370,EcoAI/FtnUII family type I restriction enzme subunit R
451666,451666,logistic+PCs,-1.8254264000735072,2.6167900403835045,-0.6975822943005321,0.48543845757589266,0.1611489155684423,0.17,0.17,1.0,0.5731338238716763,False,False,hsdR,SPN23F_RS02370,EcoAI/FtnUII family type I restriction enzme subunit R
451735,451735,logistic+PCs,-2.6093763927665767,0.9085948236800234,-2.8718812002449967,0.004080363285459803,0.07358041473770346,0.32,0.32,1.0,0.02553977387314454,False,True,hsdR,SPN23F_RS02370,EcoAI/FtnUII family type I restriction enzme subunit R
451801,451801,logistic+PCs,-0.7742154788183264,0.5946662498413231,-1.3019327715755065,0.19293936841420956,0.46106535468619986,0.28,0.28,1.0,0.4088105472622175,False,False,hsdR,SPN23F_RS02370,EcoAI/FtnUII family type I restriction enzme subunit R
452138,452138,logistic+PCs,4.982427731731632,1.992546435860485,2.500532806694646,0.012400664695181248,145.82798347760033,0.31,0.31,1.0,0.05288964410811788,False,False,hsdR,SPN23F_RS02370,EcoAI/FtnUII family type I restriction enzme subunit R
452224,452224,logistic+PCs,3.584079863504116,1.5594090061212034,2.2983578069867496,0.02154143285204756,36.020198966251655,0.24,0.24,1.0,0.08232163733021543,False,False,hsdR,SPN23F_RS02370,EcoAI/FtnUII family type I restriction enzme subunit R
452256,452256,logistic+PCs,1.1293100537604,0.9835228340175286,1.1482296238587106,0.2508737829801251,3.093521400200136,0.27,0.27,1.0,0.4989589722203148,False,False,hsdR,SPN23F_RS02370,EcoAI/FtnUII family type I restriction enzme subunit R
452275,452275,logistic+PCs,30.448562235846268,1237884.4122500094,2.4597257978636475e-05,0.9999803742276228,16735649083820.238,0.16,0.16,1.0,0.9999999852469791,False,False,hsdR,SPN23F_RS02370,EcoAI/FtnUII family type I restriction enzme subunit R
452276,452276,logistic+PCs,-6.142452933485942,6.607494765637623,-0.9296190388874559,0.3525683662737379,0.0021496442116584404,0.07,0.07,1.0,0.4989589722203148,False,False,hsdR,SPN23F_RS02370,EcoAI/FtnUII family type I restriction enzme subunit R
452278,452278,logistic+PCs,11.741987811396758,4.022628019978928,2.9189842443990797,0.003511739725195489,125742.04322366399,0.14,0.14,1.0,0.02256127125337857,False,True,hsdR,SPN23F_RS02370,EcoAI/FtnUII family type I restriction enzme subunit R
452283,452283,logistic+PCs,-6.142452933485942,6.607494765637623,-0.9296190388874559,0.3525683662737379,0.0021496442116584404,0.07,0.07,1.0,0.4989589722203148,False,False,hsdR,SPN23F_RS02370,EcoAI/FtnUII family type I restriction enzme subunit R
452305,452305,logistic+PCs,1.9579708631866568,1.0152016772868966,1.9286521161187298,0.05377406447144342,7.08493616474941,0.31,0.31,1.0,0.15980099047697158,False,False,hsdR,SPN23F_RS02370,EcoAI/FtnUII family type I restriction enzme subunit R
452322,452322,logistic+PCs,11.741987811396758,4.022628019978928,2.9189842443990797,0.003511739725195489,125742.04322366399,0.14,0.14,1.0,0.02256127125337857,False,True,hsdR,SPN23F_RS02370,EcoAI/FtnUII family type I restriction enzme subunit R
452387,452387,logistic+PCs,-1.7533529437663975,1.2741397928875942,-1.3761072007591557,0.16878844653342306,0.17319226490266804,0.11,0.11,1.0,0.3744134595741404,False,False,hsdR,SPN23F_RS02370,EcoAI/FtnUII family type I restriction enzme subunit R
452415,452415,logistic+PCs,-0.45450894663589847,0.8280783477915987,-0.548871912721819,0.5830933546952053,0.6347595922630587,0.07,0.07,1.0,0.6658057923330564,False,False,hsdR,SPN23F_RS02370,EcoAI/FtnUII family type I restriction enzme subunit R
452691,452691,logistic+PCs,0.5867903156180658,0.5684440748113693,1.0322744868310652,0.3019435494591932,1.7982074644327581,0.26,0.26,1.0,0.4989589722203148,False,False,hsdR,SPN23F_RS02370,EcoAI/FtnUII family type I restriction enzme subunit R
452699,452699,logistic+PCs,-1.225514193437662,0.8605613945078188,-1.4240868824223412,0.15442132316001073,0.29360669086912616,0.28,0.28,1.0,0.34760270502881174,False,False,hsdR,SPN23F_RS02370,EcoAI/FtnUII family type I restriction enzme subunit R
452701,452701,logistic+PCs,0.5867903156180658,0.5684440748113693,1.0322744868310652,0.3019435494591932,1.7982074644327581,0.26,0.26,1.0,0.4989589722203148,False,False,hsdR,SPN23F_RS02370,EcoAI/FtnUII family type I restriction enzme subunit R
452737,452737,logistic+PCs,-2.8881827472456627,1.1112273149859184,-2.599092650347838,0.009347054146591144,0.05567730046019323,0.08,0.08,1.0,0.045337207078551066,False,True,hsdR,SPN23F_RS02370,EcoAI/FtnUII family type I restriction enzme subunit R
452744,452744,logistic+PCs,-1.1991151572167855,0.6462229624100865,-1.8555749748425674,0.06351416342183841,0.3014608393812582,0.39,0.39,1.0,0.17287428173569927,False,False,hsdR,SPN23F_RS02370,EcoAI/FtnUII family type I restriction enzme subunit R
452958,452958,logistic+PCs,-1.8254264000735072,2.6167900403835045,-0.6975822943005321,0.48543845757589266,0.1611489155684423,0.17,0.17,1.0,0.5731338238716763,False,False,SPN23F_RS02380,SPN23F_RS02380,DUF2812 domain-containing protein
453078,453078,logistic+PCs,11.741987811396758,4.022628019978928,2.9189842443990797,0.003511739725195489,125742.04322366399,0.14,0.14,1.0,0.02256127125337857,False,True,SPN23F_RS02380,SPN23F_RS02380,DUF2812 domain-containing protein
453140,453140,logistic+PCs,-2.0779174817942376,0.6935129510984216,-2.996220154941771,0.002733490059978905,0.12519065273188681,0.36,0.36,1.0,0.02256127125337857,False,True,SPN23F_RS02380,SPN23F_RS02380,DUF2812 domain-containing protein
453142,453142,logistic+PCs,-2.0779174817942376,0.6935129510984216,-2.996220154941771,0.002733490059978905,0.12519065273188681,0.36,0.36,1.0,0.02256127125337857,False,True,SPN23F_RS02380,SPN23F_RS02380,DUF2812 domain-containing protein
453234,453234,logistic+PCs,0.001142586749641183,0.6170461057771385,0.0018517040119751709,0.9985225548019809,1.001143239750561,0.14,0.14,1.0,0.9999999852469791,False,False,SPN23F_RS02380,SPN23F_RS02380,DUF2812 domain-containing protein
453251,453251,logistic+PCs,2.6671285120718395,1.1891343673297987,2.242916011300621,0.024902231062488747,14.398564470612726,0.07,0.07,1.0,0.09068673451098842,False,False,SPN23F_RS02380,SPN23F_RS02380,DUF2812 domain-containing protein
453266,453266,logistic+PCs,11.741987811396758,4.022628019978928,2.9189842443990797,0.003511739725195489,125742.04322366399,0.14,0.14,1.0,0.02256127125337857,False,True,SPN23F_RS02380,SPN23F_RS02380,DUF2812 domain-containing protein
453521,453521,logistic+PCs,-1.4525740209122306,1.885006429813014,-0.7705936690392726,0.4409478149374113,0.2339672756830764,0.24,0.24,1.0,0.5731338238716763,False,False,SPN23F_RS02380,SPN23F_RS02380,DUF2812 domain-containing protein
453623,453623,logistic+PCs,11.741987811396758,4.022628019978928,2.9189842443990797,0.003511739725195489,125742.04322366399,0.14,0.14,1.0,0.02256127125337857,False,True,SPN23F_RS02380,SPN23F_RS02380,DUF2812 domain-containing protein
453663,453663,logistic+PCs,2.8071172431009455,1.6113984645039123,1.7420379285052559,0.08150180768252814,16.56210481277371,0.41,0.41,1.0,0.20390422862528165,False,False,SPN23F_RS02380,SPN23F_RS02380,DUF2812 domain-containing protein
453727,453727,logistic+PCs,11.741987811396758,4.022628019978928,2.9189842443990797,0.003511739725195489,125742.04322366399,0.14,0.14,1.0,0.02256127125337857,False,True,SPN23F_RS02380,SPN23F_RS02380,DUF2812 domain-containing protein
453784,453784,logistic+PCs,0.848010301512098,1.3746557904798071,0.6168891931965821,0.5373078153522848,2.334996288266489,0.38,0.38,1.0,0.6214446709492288,False,False,SPN23F_RS02380,SPN23F_RS02380,DUF2812 domain-containing protein
453808,453808,logistic+PCs,2.5863360691446178,1.2007695825869764,2.1538987218284897,0.03124811523189249,13.281021604572274,0.06,0.06,1.0,0.10672568205773438,False,False,SPN23F_RS02380,SPN23F_RS02380,DUF2812 domain-containing protein
453843,453843,logistic+PCs,0.848010301512098,1.3746557904798071,0.6168891931965821,0.5373078153522848,2.334996288266489,0.38,0.38,1.0,0.6214446709492288,False,False,SPN23F_RS02380,SPN23F_RS02380,DUF2812 domain-containing protein
453905,453905,logistic+PCs,0.848010301512098,1.3746557904798071,0.6168891931965821,0.5373078153522848,2.334996288266489,0.38,0.38,1.0,0.6214446709492288,False,False,SPN23F_RS02380,SPN23F_RS02380,DUF2812 domain-containing protein
453923,453923,logistic+PCs,0.848010301512098,1.3746557904798071,0.6168891931965821,0.5373078153522848,2.334996288266489,0.38,0.38,1.0,0.6214446709492288,False,False,SPN23F_RS02380,SPN23F_RS02380,DUF2812 domain-containing protein
454008,454008,logistic+PCs,-2.3639124453739226,0.8580183976050383,-2.7550836345377236,0.005867713438326987,0.09405153094530373,0.36,0.36,1.0,0.03421158263271128,False,True,SPN23F_RS02380,SPN23F_RS02380,DUF2812 domain-containing protein
454074,454074,logistic+PCs,-6.142452933485942,6.607494765637623,-0.9296190388874559,0.3525683662737379,0.0021496442116584404,0.07,0.07,1.0,0.4989589722203148,False,False,SPN23F_RS02380,SPN23F_RS02380,DUF2812 domain-containing protein
454091,454091,logistic+PCs,8.473861315535846,2.2454437525090754,3.773802530598725,0.00016077803898720313,4787.967675641131,0.45,0.45,0.5474492227514266,0.0035548650828014718,False,True,SPN23F_RS02380,SPN23F_RS02380,DUF2812 domain-containing protein
454098,454098,logistic+PCs,0.611719848206616,0.632710309121066,0.9668245315243732,0.3336317587916633,1.843599384868951,0.22,0.22,1.0,0.4989589722203148,False,False,SPN23F_RS02380,SPN23F_RS02380,DUF2812 domain-containing protein
454129,454129,logistic+PCs,-1.4525740209122306,1.885006429813014,-0.7705936690392726,0.4409478149374113,0.2339672756830764,0.24,0.24,1.0,0.5731338238716763,False,False,SPN23F_RS02380,SPN23F_RS02380,DUF2812 domain-containing protein
454165,454165,logistic+PCs,0.848010301512098,1.3746557904798071,0.6168891931965821,0.5373078153522848,2.334996288266489,0.38,0.38,1.0,0.6214446709492288,False,False,SPN23F_RS02380,SPN23F_RS02380,DUF2812 domain-containing protein
454194,454194,logistic+PCs,11.741987811396758,4.022628019978928,2.9189842443990797,0.003511739725195489,125742.04322366399,0.14,0.14,1.0,0.02256127125337857,False,True,SPN23F_RS02380,SPN23F_RS02380,DUF2812 domain-containing protein
454354,454354,logistic+PCs,0.1767682397176251,1.3167625224909818,0.13424458601937142,0.8932091704255488,1.193354488902119,0.39,0.39,1.0,0.9343708833483851,False,False,hrcA,SPN23F_RS02385,heat-inducible transcriptional repressor HrcA
454382,454382,logistic+PCs,0.848010301512098,1.3746557904798071,0.6168891931965821,0.5373078153522848,2.334996288266489,0.38,0.38,1.0,0.6214446709492288,False,False,hrcA,SPN23F_RS02385,heat-inducible transcriptional repressor HrcA
454639,454639,logistic+PCs,0.5607352809850656,1.5349580534444975,0.3653098400485647,0.7148801339521058,1.7519602098528064,0.32,0.32,1.0,0.7827413026508054,False,False,hrcA,SPN23F_RS02385,heat-inducible transcriptional repressor HrcA
454767,454767,logistic+PCs,-1.8254264000735072,2.6167900403835045,-0.6975822943005321,0.48543845757589266,0.1611489155684423,0.17,0.17,1.0,0.5731338238716763,False,False,hrcA,SPN23F_RS02385,heat-inducible transcriptional repressor HrcA
457305,457305,logistic+PCs,-1.8254264000735072,2.6167900403835045,-0.6975822943005321,0.48543845757589266,0.1611489155684423,0.17,0.17,1.0,0.5731338238716763,False,False,dnaK,SPN23F_RS02395,molecular chaperone DnaK
457329,457329,logistic+PCs,-0.8212857721919222,1.0957867995257036,-0.7494941283718737,0.4535594363114165,0.43986572363924553,0.18,0.18,1.0,0.5731338238716763,False,False,dnaK,SPN23F_RS02395,molecular chaperone DnaK
457338,457338,logistic+PCs,11.741987811396758,4.022628019978928,2.9189842443990797,0.003511739725195489,125742.04322366399,0.14,0.14,1.0,0.02256127125337857,False,True,dnaK,SPN23F_RS02395,molecular chaperone DnaK
457359,457359,logistic+PCs,-1.4525740209122306,1.885006429813014,-0.7705936690392726,0.4409478149374113,0.2339672756830764,0.24,0.24,1.0,0.5731338238716763,False,False,dnaK,SPN23F_RS02395,molecular chaperone DnaK
457365,457365,logistic+PCs,11.741987811396758,4.022628019978928,2.9189842443990797,0.003511739725195489,125742.04322366399,0.14,0.14,1.0,0.02256127125337857,False,True,dnaK,SPN23F_RS02395,molecular chaperone DnaK
457431,457431,logistic+PCs,1.3634288293574475,0.6815043001449568,2.0006166198326913,0.04543372113911756,3.9095756134911337,0.47,0.47,1.0,0.14051028199699844,False,False,SPN23F_RS02400,SPN23F_RS02400,hypothetical protein
457452,457452,logistic+PCs,-1.4525740209122306,1.885006429813014,-0.7705936690392726,0.4409478149374113,0.2339672756830764,0.24,0.24,1.0,0.5731338238716763,False,False,SPN23F_RS02400,SPN23F_RS02400,hypothetical protein
457459,457459,logistic+PCs,2.756859331414923,1.6471432680941265,1.6737216396511911,0.0941853188518962,15.750298719589445,0.21,0.21,1.0,0.2269646218617881,False,False,SPN23F_RS02400,SPN23F_RS02400,hypothetical protein
457482,457482,logistic+PCs,1.7060032559115192,1.4834474645875908,1.1500260687599075,0.2501331344289518,5.506907734463807,0.28,0.28,1.0,0.4989589722203148,False,False,SPN23F_RS02400,SPN23F_RS02400,hypothetical protein
457509,457509,logistic+PCs,-1.5823473682989642,0.7273953414919541,-2.1753608774197337,0.029603083825898616,0.20549216582081772,0.36,0.36,1.0,0.1042383665224248,False,False,SPN23F_RS02400,SPN23F_RS02400,hypothetical protein
457512,457512,logistic+PCs,-1.5823473682989642,0.7273953414919541,-2.1753608774197337,0.029603083825898616,0.20549216582081772,0.36,0.36,1.0,0.1042383665224248,False,False,SPN23F_RS02400,SPN23F_RS02400,hypothetical protein
457530,457530,logistic+PCs,11.741987811396758,4.022628019978928,2.9189842443990797,0.003511739725195489,125742.04322366399,0.14,0.14,1.0,0.02256127125337857,False,True,SPN23F_RS02400,SPN23F_RS02400,hypothetical protein
457539,457539,logistic+PCs,-1.8254264000735072,2.6167900403835045,-0.6975822943005321,0.48543845757589266,0.1611489155684423,0.17,0.17,1.0,0.5731338238716763,False,False,SPN23F_RS02400,SPN23F_RS02400,hypothetical protein
457560,457560,logistic+PCs,2.088222179828355,1.3510397722004472,1.5456407892620763,0.12219134446792776,8.07055440824326,0.11,0.11,1.0,0.2809328345126901,False,False,SPN23F_RS02400,SPN23F_RS02400,hypothetical protein
457575,457575,logistic+PCs,0.9203795565043521,1.3301753914689376,0.6919234579193047,0.4889853982940101,2.5102429881961026,0.29,0.29,1.0,0.576721607617286,False,False,SPN23F_RS02400,SPN23F_RS02400,hypothetical protein
457614,457614,logistic+PCs,2.8071172431009455,1.6113984645039123,1.7420379285052559,0.08150180768252814,16.56210481277371,0.41,0.41,1.0,0.20390422862528165,False,False,SPN23F_RS02400,SPN23F_RS02400,hypothetical protein
457662,457662,logistic+PCs,11.741987811396758,4.022628019978928,2.9189842443990797,0.003511739725195489,125742.04322366399,0.14,0.14,1.0,0.02256127125337857,False,True,SPN23F_RS02400,SPN23F_RS02400,hypothetical protein
457671,457671,logistic+PCs,-1.4525740209122306,1.885006429813014,-0.7705936690392726,0.4409478149374113,0.2339672756830764,0.24,0.24,1.0,0.5731338238716763,False,False,SPN23F_RS02400,SPN23F_RS02400,hypothetical protein
457743,457743,logistic+PCs,11.741987811396758,4.022628019978928,2.9189842443990797,0.003511739725195489,125742.04322366399,0.14,0.14,1.0,0.02256127125337857,False,True,SPN23F_RS02400,SPN23F_RS02400,hypothetical protein
457833,457833,logistic+PCs,-1.4525740209122306,1.885006429813014,-0.7705936690392726,0.4409478149374113,0.2339672756830764,0.24,0.24,1.0,0.5731338238716763,False,False,SPN23F_RS02400,SPN23F_RS02400,hypothetical protein
457881,457881,logistic+PCs,-1.4525740209122306,1.885006429813014,-0.7705936690392726,0.4409478149374113,0.2339672756830764,0.24,0.24,1.0,0.5731338238716763,False,False,SPN23F_RS02400,SPN23F_RS02400,hypothetical protein
457981,457981,logistic+PCs,-1.3846394555630945,0.6335194746742501,-2.1856304516527505,0.028842652870457494,0.25041406891717366,0.29,0.29,1.0,0.10198258880987307,False,False,SPN23F_RS02400,SPN23F_RS02400,hypothetical protein
457990,457990,logistic+PCs,8.473861315535846,2.2454437525090754,3.773802530598725,0.00016077803898720313,4787.967675641131,0.45,0.45,0.5474492227514266,0.0035548650828014718,False,True,SPN23F_RS02400,SPN23F_RS02400,hypothetical protein
458137,458137,logistic+PCs,6.275039966466077,2.2238737045158197,2.8216710120381028,0.00477741584927493,531.1476094267349,0.41,0.41,1.0,0.02902429173809537,False,True,SPN23F_RS02400,SPN23F_RS02400,hypothetical protein
458215,458215,logistic+PCs,11.741987811396758,4.022628019978928,2.9189842443990797,0.003511739725195489,125742.04322366399,0.14,0.14,1.0,0.02256127125337857,False,True,SPN23F_RS02400,SPN23F_RS02400,hypothetical protein
458220,458220,logistic+PCs,0.848010301512098,1.3746557904798071,0.6168891931965821,0.5373078153522848,2.334996288266489,0.38,0.38,1.0,0.6214446709492288,False,False,SPN23F_RS02400,SPN23F_RS02400,hypothetical protein
458277,458277,logistic+PCs,0.848010301512098,1.3746557904798071,0.6168891931965821,0.5373078153522848,2.334996288266489,0.38,0.38,1.0,0.6214446709492288,False,False,SPN23F_RS02400,SPN23F_RS02400,hypothetical protein
458456,458456,logistic+PCs,1.709332331149185,1.7415089391981453,0.9815237192731404,0.3263345434737287,5.525271194348724,0.31,0.31,1.0,0.4989589722203148,False,False,SPN23F_RS02400,SPN23F_RS02400,hypothetical protein
458475,458475,logistic+PCs,4.792650220268042,2.734637023414684,1.7525727104665465,0.07967537894274683,120.6206166405924,0.21,0.21,1.0,0.2016564803358884,False,False,SPN23F_RS02400,SPN23F_RS02400,hypothetical protein
458507,458507,logistic+PCs,-6.142452933485942,6.607494765637623,-0.9296190388874559,0.3525683662737379,0.0021496442116584404,0.07,0.07,1.0,0.4989589722203148,False,False,SPN23F_RS02400,SPN23F_RS02400,hypothetical protein
458624,458624,logistic+PCs,-0.3166462826958018,0.5403699892120174,-0.5859805115334852,0.557888611265995,0.7285884238852324,0.34,0.34,1.0,0.6417603788380787,False,False,SPN23F_RS02400,SPN23F_RS02400,hypothetical protein
458720,458720,logistic+PCs,4.792650220268042,2.734637023414684,1.7525727104665465,0.07967537894274683,120.6206166405924,0.21,0.21,1.0,0.2016564803358884,False,False,SPN23F_RS02400,SPN23F_RS02400,hypothetical protein
458735,458735,logistic+PCs,1.2231618230379688,0.7244430099249413,1.6884169027522251,0.09133122805112726,3.3979143707593424,0.2,0.2,1.0,0.2219720424797204,False,False,SPN23F_RS02400,SPN23F_RS02400,hypothetical protein
458750,458750,logistic+PCs,0.005268127562451617,0.8806194247415292,0.005982297703684955,0.9952268454943051,1.0052820285464574,0.06,0.06,1.0,0.9999999852469791,False,False,SPN23F_RS02400,SPN23F_RS02400,hypothetical protein
458754,458754,logistic+PCs,-0.7961736633080373,0.8000386123979558,-0.9951690468059609,0.319654053468973,0.4510515414982375,0.42,0.42,1.0,0.4989589722203148,False,False,SPN23F_RS02400,SPN23F_RS02400,hypothetical protein
458760,458760,logistic+PCs,0.8549683831243289,1.014670428430656,0.8426069777619015,0.399448287305489,2.351300038638691,0.2,0.2,1.0,0.5493220590772173,False,False,SPN23F_RS02400,SPN23F_RS02400,hypothetical protein
458801,458801,logistic+PCs,0.848010301512098,1.3746557904798071,0.6168891931965821,0.5373078153522848,2.334996288266489,0.38,0.38,1.0,0.6214446709492288,False,False,SPN23F_RS02400,SPN23F_RS02400,hypothetical protein
458837,458837,logistic+PCs,2.4797937747478462,0.733099610626759,3.3826150482166564,0.00071799197224157,11.938802081490193,0.43,0.43,1.0,0.011318345673530303,False,True,SPN23F_RS02400,SPN23F_RS02400,hypothetical protein
458890,458890,logistic+PCs,0.848010301512098,1.3746557904798071,0.6168891931965821,0.5373078153522848,2.334996288266489,0.38,0.38,1.0,0.6214446709492288,False,False,SPN23F_RS02400,SPN23F_RS02400,hypothetical protein
458915,458915,logistic+PCs,0.848010301512098,1.3746557904798071,0.6168891931965821,0.5373078153522848,2.334996288266489,0.38,0.38,1.0,0.6214446709492288,False,False,SPN23F_RS02400,SPN23F_RS02400,hypothetical protein
458931,458931,logistic+PCs,4.792650220268042,2.734637023414684,1.7525727104665465,0.07967537894274683,120.6206166405924,0.21,0.21,1.0,0.2016564803358884,False,False,SPN23F_RS02400,SPN23F_RS02400,hypothetical protein
458942,458942,logistic+PCs,-1.8254264000735072,2.6167900403835045,-0.6975822943005321,0.48543845757589266,0.1611489155684423,0.17,0.17,1.0,0.5731338238716763,False,False,SPN23F_RS02400,SPN23F_RS02400,hypothetical protein
458994,458994,logistic+PCs,-1.8254264000735072,2.6167900403835045,-0.6975822943005321,0.48543845757589266,0.1611489155684423,0.17,0.17,1.0,0.5731338238716763,False,False,SPN23F_RS02400,SPN23F_RS02400,hypothetical protein
459005,459005,logistic+PCs,0.7770253517921657,0.5826749818612832,1.3335485064247212,0.18235186846650886,2.1749927947839867,0.24,0.24,1.0,0.39174013383499223,False,False,SPN23F_RS02400,SPN23F_RS02400,hypothetical protein
459036,459036,logistic+PCs,2.4218638901947402,0.7105517454040791,3.4084271917697793,0.0006533851873300518,11.266839908477591,0.49,0.49,1.0,0.010494229070088804,False,True,SPN23F_RS02400,SPN23F_RS02400,hypothetical protein
459088,459088,logistic+PCs,11.741987811396758,4.022628019978928,2.9189842443990797,0.003511739725195489,125742.04322366399,0.14,0.14,1.0,0.02256127125337857,False,True,SPN23F_RS02400,SPN23F_RS02400,hypothetical protein
459122,459122,logistic+PCs,4.792650220268042,2.734637023414684,1.7525727104665465,0.07967537894274683,120.6206166405924,0.21,0.21,1.0,0.2016564803358884,False,False,SPN23F_RS02400,SPN23F_RS02400,hypothetical protein
459154,459154,logistic+PCs,4.982427731731632,1.992546435860485,2.500532806694646,0.012400664695181248,145.82798347760033,0.31,0.31,1.0,0.05288964410811788,False,False,SPN23F_RS02400,SPN23F_RS02400,hypothetical protein
459166,459166,logistic+PCs,8.473861315535846,2.2454437525090754,3.773802530598725,0.00016077803898720313,4787.967675641131,0.45,0.45,0.5474492227514266,0.0035548650828014718,False,True,SPN23F_RS02400,SPN23F_RS02400,hypothetical protein
459216,459216,logistic+PCs,11.741987811396758,4.022628019978928,2.9189842443990797,0.003511739725195489,125742.04322366399,0.14,0.14,1.0,0.02256127125337857,False,True,SPN23F_RS02400,SPN23F_RS02400,hypothetical protein
459221,459221,logistic+PCs,1.0000222634964209,0.7360501031735577,1.3586334125689534,0.17426278190055322,2.718342347590485,0.18,0.18,1.0,0.37721854569064445,False,False,SPN23F_RS02400,SPN23F_RS02400,hypothetical protein
459223,459223,logistic+PCs,0.848010301512098,1.3746557904798071,0.6168891931965821,0.5373078153522848,2.334996288266489,0.38,0.38,1.0,0.6214446709492288,False,False,SPN23F_RS02400,SPN23F_RS02400,hypothetical protein
459258,459258,logistic+PCs,-0.00230813333609161,0.7801273747293093,-0.0029586621503860087,0.9976393325936642,0.9976945283554168,0.08,0.08,1.0,0.9999999852469791,False,False,SPN23F_RS02400,SPN23F_RS02400,hypothetical protein
459442,459442,logistic+PCs,-1.8254264000735072,2.6167900403835045,-0.6975822943005321,0.48543845757589266,0.1611489155684423,0.17,0.17,1.0,0.5731338238716763,False,False,dnaJ,SPN23F_RS02405,molecular chaperone DnaJ
459493,459493,logistic+PCs,11.741987811396758,4.022628019978928,2.9189842443990797,0.003511739725195489,125742.04322366399,0.14,0.14,1.0,0.02256127125337857,False,True,dnaJ,SPN23F_RS02405,molecular chaperone DnaJ
459613,459613,logistic+PCs,-2.015289116894197,0.7075120680699397,-2.848416596471369,0.004393736809554589,0.13328186375648968,0.49,0.49,1.0,0.027218542696908272,False,True,dnaJ,SPN23F_RS02405,molecular chaperone DnaJ
459646,459646,logistic+PCs,-1.4525740209122306,1.885006429813014,-0.7705936690392726,0.4409478149374113,0.2339672756830764,0.24,0.24,1.0,0.5731338238716763,False,False,dnaJ,SPN23F_RS02405,molecular chaperone DnaJ
459710,459710,logistic+PCs,-6.142452933485942,6.607494765637623,-0.9296190388874559,0.3525683662737379,0.0021496442116584404,0.07,0.07,1.0,0.4989589722203148,False,False,dnaJ,SPN23F_RS02405,molecular chaperone DnaJ
459742,459742,logistic+PCs,11.741987811396758,4.022628019978928,2.9189842443990797,0.003511739725195489,125742.04322366399,0.14,0.14,1.0,0.02256127125337857,False,True,dnaJ,SPN23F_RS02405,molecular chaperone DnaJ
459753,459753,logistic+PCs,0.848010301512098,1.3746557904798071,0.6168891931965821,0.5373078153522848,2.334996288266489,0.38,0.38,1.0,0.6214446709492288,False,False,dnaJ,SPN23F_RS02405,molecular chaperone DnaJ
459787,459787,logistic+PCs,2.8595043988016,1.2626623566106185,2.264662745215123,0.023533383305728142,17.45287512700501,0.31,0.31,1.0,0.08686651591247109,False,False,SPN23F_RS13365,SPN23F_RS13365,hypothetical protein
459799,459799,logistic+PCs,-1.4525740209122306,1.885006429813014,-0.7705936690392726,0.4409478149374113,0.2339672756830764,0.24,0.24,1.0,0.5731338238716763,False,False,SPN23F_RS13365,SPN23F_RS13365,hypothetical protein
459849,459849,logistic+PCs,4.792650220268042,2.734637023414684,1.7525727104665465,0.07967537894274683,120.6206166405924,0.21,0.21,1.0,0.2016564803358884,False,False,SPN23F_RS13365,SPN23F_RS13365,hypothetical protein
460011,460011,logistic+PCs,-1.8254264000735072,2.6167900403835045,-0.6975822943005321,0.48543845757589266,0.1611489155684423,0.17,0.17,1.0,0.5731338238716763,False,False,SPN23F_RS13365,SPN23F_RS13365,hypothetical protein
460014,460014,logistic+PCs,-6.142452933485942,6.607494765637623,-0.9296190388874559,0.3525683662737379,0.0021496442116584404,0.07,0.07,1.0,0.4989589722203148,False,False,SPN23F_RS13365,SPN23F_RS13365,hypothetical protein
460035,460035,logistic+PCs,-0.15297245113097602,0.636432585352884,-0.2403592378070288,0.8100517755299115,0.8581533626403431,0.13,0.13,1.0,0.8714775025843123,False,False,SPN23F_RS13365,SPN23F_RS13365,hypothetical protein
460050,460050,logistic+PCs,-0.15297245113097602,0.636432585352884,-0.2403592378070288,0.8100517755299115,0.8581533626403431,0.13,0.13,1.0,0.8714775025843123,False,False,SPN23F_RS13365,SPN23F_RS13365,hypothetical protein
460065,460065,logistic+PCs,11.741987811396758,4.022628019978928,2.9189842443990797,0.003511739725195489,125742.04322366399,0.14,0.14,1.0,0.02256127125337857,False,True,SPN23F_RS13365,SPN23F_RS13365,hypothetical protein
460070,460070,logistic+PCs,11.741987811396758,4.022628019978928,2.9189842443990797,0.003511739725195489,125742.04322366399,0.14,0.14,1.0,0.02256127125337857,False,True,SPN23F_RS13365,SPN23F_RS13365,hypothetical protein
460083,460083,logistic+PCs,-1.8254264000735072,2.6167900403835045,-0.6975822943005321,0.48543845757589266,0.1611489155684423,0.17,0.17,1.0,0.5731338238716763,False,False,SPN23F_RS13365,SPN23F_RS13365,hypothetical protein
460221,460221,logistic+PCs,1.2231618230379688,0.7244430099249413,1.6884169027522251,0.09133122805112726,3.3979143707593424,0.2,0.2,1.0,0.2219720424797204,False,False,SPN23F_RS13365,SPN23F_RS13365,hypothetical protein
460235,460235,logistic+PCs,8.473861315535846,2.2454437525090754,3.773802530598725,0.00016077803898720313,4787.967675641131,0.45,0.45,0.5474492227514266,0.0035548650828014718,False,True,SPN23F_RS13365,SPN23F_RS13365,hypothetical protein
460287,460287,logistic+PCs,-1.8254264000735072,2.6167900403835045,-0.6975822943005321,0.48543845757589266,0.1611489155684423,0.17,0.17,1.0,0.5731338238716763,False,False,SPN23F_RS13365,SPN23F_RS13365,hypothetical protein
460331,460331,logistic+PCs,0.848010301512098,1.3746557904798071,0.6168891931965821,0.5373078153522848,2.334996288266489,0.38,0.38,1.0,0.6214446709492288,False,False,SPN23F_RS13365,SPN23F_RS13365,hypothetical protein
460544,460544,logistic+PCs,0.848010301512098,1.3746557904798071,0.6168891931965821,0.5373078153522848,2.334996288266489,0.38,0.38,1.0,0.6214446709492288,False,False,SPN23F_RS02415,SPN23F_RS02415,hypothetical protein
460567,460567,logistic+PCs,4.792650220268042,2.734637023414684,1.7525727104665465,0.07967537894274683,120.6206166405924,0.21,0.21,1.0,0.2016564803358884,False,False,SPN23F_RS02415,SPN23F_RS02415,hypothetical protein
460584,460584,logistic+PCs,0.8107167697099171,0.7396645240363223,1.0960600966582328,0.27305247570993096,2.2495197966112648,0.1,0.1,1.0,0.4989589722203148,False,False,SPN23F_RS02415,SPN23F_RS02415,hypothetical protein
460636,460636,logistic+PCs,-0.3707461852792216,0.8973336451834107,-0.4131642530838603,0.6794862764346883,0.6902191070979964,0.48,0.48,1.0,0.760568958336658,False,False,SPN23F_RS02415,SPN23F_RS02415,hypothetical protein
460671,460671,logistic+PCs,0.848010301512098,1.3746557904798071,0.6168891931965821,0.5373078153522848,2.334996288266489,0.38,0.38,1.0,0.6214446709492288,False,False,SPN23F_RS02415,SPN23F_RS02415,hypothetical protein
460751,460751,logistic+PCs,-0.3707461852792216,0.8973336451834107,-0.4131642530838603,0.6794862764346883,0.6902191070979964,0.48,0.48,1.0,0.760568958336658,False,False,SPN23F_RS02415,SPN23F_RS02415,hypothetical protein
460784,460784,logistic+PCs,-1.4525740209122306,1.885006429813014,-0.7705936690392726,0.4409478149374113,0.2339672756830764,0.24,0.24,1.0,0.5731338238716763,False,False,SPN23F_RS02415,SPN23F_RS02415,hypothetical protein
460809,460809,logistic+PCs,-1.4525740209122306,1.885006429813014,-0.7705936690392726,0.4409478149374113,0.2339672756830764,0.24,0.24,1.0,0.5731338238716763,False,False,SPN23F_RS02415,SPN23F_RS02415,hypothetical protein
460815,460815,logistic+PCs,11.741987811396758,4.022628019978928,2.9189842443990797,0.003511739725195489,125742.04322366399,0.14,0.14,1.0,0.02256127125337857,False,True,SPN23F_RS02415,SPN23F_RS02415,hypothetical protein
460827,460827,logistic+PCs,0.08719298991406864,0.8485977408859562,0.10274949568335769,0.9181617896218461,1.091107232091343,0.47,0.47,1.0,0.9554831582097757,False,False,SPN23F_RS02415,SPN23F_RS02415,hypothetical protein
460887,460887,logistic+PCs,0.848010301512098,1.3746557904798071,0.6168891931965821,0.5373078153522848,2.334996288266489,0.38,0.38,1.0,0.6214446709492288,False,False,SPN23F_RS02415,SPN23F_RS02415,hypothetical protein
460898,460898,logistic+PCs,-1.8254264000735072,2.6167900403835045,-0.6975822943005321,0.48543845757589266,0.1611489155684423,0.17,0.17,1.0,0.5731338238716763,False,False,SPN23F_RS02415,SPN23F_RS02415,hypothetical protein
460943,460943,logistic+PCs,-1.452285278727304,0.6043140877838429,-2.4031961327480618,0.016252467945581703,0.2340348416595629,0.48,0.48,1.0,0.06667428115024783,False,False,SPN23F_RS02415,SPN23F_RS02415,hypothetical protein
460946,460946,logistic+PCs,0.848010301512098,1.3746557904798071,0.6168891931965821,0.5373078153522848,2.334996288266489,0.38,0.38,1.0,0.6214446709492288,False,False,SPN23F_RS02415,SPN23F_RS02415,hypothetical protein
460960,460960,logistic+PCs,11.741987811396758,4.022628019978928,2.9189842443990797,0.003511739725195489,125742.04322366399,0.14,0.14,1.0,0.02256127125337857,False,True,SPN23F_RS02415,SPN23F_RS02415,hypothetical protein
460973,460973,logistic+PCs,11.741987811396758,4.022628019978928,2.9189842443990797,0.003511739725195489,125742.04322366399,0.14,0.14,1.0,0.02256127125337857,False,True,SPN23F_RS02415,SPN23F_RS02415,hypothetical protein
461025,461025,logistic+PCs,-3.115747722539495,2.5328115368909283,-1.2301537943735568,0.2186395187907857,0.044345336740101396,0.18,0.18,1.0,0.45010130682141797,False,False,SPN23F_RS02415,SPN23F_RS02415,hypothetical protein
461090,461090,logistic+PCs,0.5645815907348519,1.5272782866270533,0.36966517214208083,0.7116319849598831,1.758711767456521,0.32,0.32,1.0,0.7801374464869292,False,False,SPN23F_RS02415,SPN23F_RS02415,hypothetical protein
461096,461096,logistic+PCs,11.741987811396758,4.022628019978928,2.9189842443990797,0.003511739725195489,125742.04322366399,0.14,0.14,1.0,0.02256127125337857,False,True,SPN23F_RS02415,SPN23F_RS02415,hypothetical protein
461123,461123,logistic+PCs,0.250617171559903,0.8347152011156589,0.3002427309637281,0.7639920131009662,1.284818125250542,0.07,0.07,1.0,0.8279416946558847,False,False,SPN23F_RS02415,SPN23F_RS02415,hypothetical protein
461172,461172,logistic+PCs,1.3565543807271339,0.6916524318119002,1.9613238070650758,0.0498412618328561,3.88279160489537,0.49,0.49,1.0,0.15179740298826033,False,False,SPN23F_RS02415,SPN23F_RS02415,hypothetical protein
464156,464156,logistic+PCs,8.473861315535846,2.2454437525090754,3.773802530598725,0.00016077803898720313,4787.967675641131,0.45,0.45,0.5474492227514266,0.0035548650828014718,False,True,SPN23F_RS02440,SPN23F_RS02440,LytTR family DNA-binding domain-containing protein
464163,464163,logistic+PCs,8.473861315535846,2.2454437525090754,3.773802530598725,0.00016077803898720313,4787.967675641131,0.45,0.45,0.5474492227514266,0.0035548650828014718,False,True,SPN23F_RS02440,SPN23F_RS02440,LytTR family DNA-binding domain-containing protein
464662,464662,logistic+PCs,12.361963252012185,4.095511826450436,3.0184171785742953,0.0025409884566501392,233739.66961459556,0.15,0.15,1.0,0.02256127125337857,False,True,SPN23F_RS02445,SPN23F_RS02445,response regulator transcription factor
464737,464737,logistic+PCs,-1.9150591561524586,1.1596031163405145,-1.651478104160343,0.09864098811225575,0.14733311666805257,0.05,0.05,1.0,0.2363836895272327,False,False,SPN23F_RS02445,SPN23F_RS02445,response regulator transcription factor
464827,464827,logistic+PCs,1.57182538160055,0.8329991840897495,1.8869470842497218,0.05916744328251935,4.815430173742261,0.18,0.18,1.0,0.16500011824486352,False,False,SPN23F_RS02445,SPN23F_RS02445,response regulator transcription factor
464839,464839,logistic+PCs,-1.369256817138234,0.9081169107062949,-1.507797950897406,0.13160624676747215,0.254295877681858,0.06,0.06,1.0,0.2999459640182347,False,False,SPN23F_RS02445,SPN23F_RS02445,response regulator transcription factor
465041,465041,logistic+PCs,2.335312423389702,1.0917352448702606,2.139083110454335,0.032428938004996945,10.332687598427857,0.17,0.17,1.0,0.10901665345577051,False,False,SPN23F_RS02445,SPN23F_RS02445,response regulator transcription factor
465049,465049,logistic+PCs,-0.3640726450547573,0.9203222721630941,-0.3955925615046274,0.6924056254586486,0.6948407161675498,0.39,0.39,1.0,0.7683950011605347,False,False,SPN23F_RS02445,SPN23F_RS02445,response regulator transcription factor
465064,465064,logistic+PCs,-1.1107953895708425,1.092554554563954,-1.0166955827795423,0.30929826773807045,0.32929693753378225,0.23,0.23,1.0,0.4989589722203148,False,False,SPN23F_RS02445,SPN23F_RS02445,response regulator transcription factor
465095,465095,logistic+PCs,-2.114019648898945,1.1317601587943842,-1.8679042838466058,0.06177541367809167,0.12075161051996423,0.22,0.22,1.0,0.16963329320475978,False,False,SPN23F_RS02445,SPN23F_RS02445,response regulator transcription factor
465120,465120,logistic+PCs,-2.7412865268007653,0.7090736635625663,-3.8660109205408153,0.00011062998628705302,0.06448732882529097,0.4,0.4,0.3766951033074155,0.0035548650828014718,False,True,SPN23F_RS02445,SPN23F_RS02445,response regulator transcription factor
465161,465161,logistic+PCs,-0.3295940602629207,0.5435456771650901,-0.6063778521465708,0.5442638721179993,0.7192156323859394,0.49,0.49,1.0,0.6277840394857004,False,False,SPN23F_RS02445,SPN23F_RS02445,response regulator transcription factor
465169,465169,logistic+PCs,-0.1420790495085713,0.5857456100264239,-0.24256101467352337,0.808345485122239,0.867552674162698,0.25,0.25,1.0,0.8707422894151294,False,False,SPN23F_RS02445,SPN23F_RS02445,response regulator transcription factor
465196,465196,logistic+PCs,-6.142452933485942,6.607494765637623,-0.9296190388874559,0.3525683662737379,0.0021496442116584404,0.07,0.07,1.0,0.4989589722203148,False,False,SPN23F_RS02445,SPN23F_RS02445,response regulator transcription factor
465214,465214,logistic+PCs,-2.114019648898945,1.1317601587943842,-1.8679042838466058,0.06177541367809167,0.12075161051996423,0.22,0.22,1.0,0.16963329320475978,False,False,SPN23F_RS02445,SPN23F_RS02445,response regulator transcription factor
465334,465334,logistic+PCs,-6.142452933485942,6.607494765637623,-0.9296190388874559,0.3525683662737379,0.0021496442116584404,0.07,0.07,1.0,0.4989589722203148,False,False,SPN23F_RS02445,SPN23F_RS02445,response regulator transcription factor
465422,465422,logistic+PCs,-2.8881827472456627,1.1112273149859184,-2.599092650347838,0.009347054146591144,0.05567730046019323,0.08,0.08,1.0,0.045337207078551066,False,True,SPN23F_RS02445,SPN23F_RS02445,response regulator transcription factor
465490,465490,logistic+PCs,8.046672821182662,3.901627186322838,2.062388956430868,0.0391707198738402,3123.3856015618467,0.3,0.3,1.0,0.126783556245652,False,False,SPN23F_RS02445,SPN23F_RS02445,response regulator transcription factor
465521,465521,logistic+PCs,8.473861315535846,2.2454437525090754,3.773802530598725,0.00016077803898720313,4787.967675641131,0.45,0.45,0.5474492227514266,0.0035548650828014718,False,True,SPN23F_RS02445,SPN23F_RS02445,response regulator transcription factor
465550,465550,logistic+PCs,-0.035926280381593186,0.5515979845389051,-0.06513127565472322,0.9480694789200285,0.9647114090187313,0.29,0.29,1.0,0.9836004191720589,False,False,SPN23F_RS02445,SPN23F_RS02445,response regulator transcription factor
465586,465586,logistic+PCs,1.073770031872292,2.552160729349266,0.42072978379620907,0.673952409879727,2.92639131802153,0.08,0.08,1.0,0.755367990665066,False,False,SPN23F_RS02445,SPN23F_RS02445,response regulator transcription factor
465595,465595,logistic+PCs,-2.8881827472456627,1.1112273149859184,-2.599092650347838,0.009347054146591144,0.05567730046019323,0.08,0.08,1.0,0.045337207078551066,False,True,SPN23F_RS02445,SPN23F_RS02445,response regulator transcription factor
465619,465619,logistic+PCs,-2.372513531329784,1.1307017725839996,-2.0982663942481175,0.03588161941057533,0.0932460545946933,0.06,0.06,1.0,0.11770415615896819,False,False,SPN23F_RS02445,SPN23F_RS02445,response regulator transcription factor
465646,465646,logistic+PCs,4.030335869970144,1.9959258354454115,2.019281377291623,0.04345798234524016,56.27981077142234,0.25,0.25,1.0,0.13647279765583334,False,False,SPN23F_RS02445,SPN23F_RS02445,response regulator transcription factor
465658,465658,logistic+PCs,30.448562235846268,1237884.4122500094,2.4597257978636475e-05,0.9999803742276228,16735649083820.238,0.16,0.16,1.0,0.9999999852469791,False,False,SPN23F_RS02445,SPN23F_RS02445,response regulator transcription factor
465661,465661,logistic+PCs,30.448562235846268,1237884.4122500094,2.4597257978636475e-05,0.9999803742276228,16735649083820.238,0.16,0.16,1.0,0.9999999852469791,False,False,SPN23F_RS02445,SPN23F_RS02445,response regulator transcription factor
465697,465697,logistic+PCs,-1.0868314579216674,0.7005885608378118,-1.55131202345348,0.12082692683573801,0.33728349934791096,0.41,0.41,1.0,0.2809328345126901,False,False,SPN23F_RS02445,SPN23F_RS02445,response regulator transcription factor
465704,465704,logistic+PCs,-1.7358444788388134,0.6274319475745846,-2.76658605853421,0.005664663144161693,0.17625129693175084,0.17,0.17,1.0,0.03331291538146902,False,True,SPN23F_RS02445,SPN23F_RS02445,response regulator transcription factor
465706,465706,logistic+PCs,0.621509315080824,0.9846133805261486,0.6312216829195512,0.5278955864071297,1.861735868388513,0.05,0.05,1.0,0.6181170810578669,False,False,SPN23F_RS02445,SPN23F_RS02445,response regulator transcription factor
465709,465709,logistic+PCs,11.741987811396758,4.022628019978928,2.9189842443990797,0.003511739725195489,125742.04322366399,0.14,0.14,1.0,0.02256127125337857,False,True,SPN23F_RS02445,SPN23F_RS02445,response regulator transcription factor
465726,465726,logistic+PCs,0.9501114436515672,1.1644545109990103,0.8159283464293048,0.41454111852941034,2.5859978362996223,0.44,0.44,1.0,0.5659633153940025,False,False,SPN23F_RS02445,SPN23F_RS02445,response regulator transcription factor
465757,465757,logistic+PCs,0.1767682397176251,1.3167625224909818,0.13424458601937142,0.8932091704255488,1.193354488902119,0.39,0.39,1.0,0.9343708833483851,False,False,SPN23F_RS02450,SPN23F_RS02450,sensor histidine kinase
465804,465804,logistic+PCs,11.741987811396758,4.022628019978928,2.9189842443990797,0.003511739725195489,125742.04322366399,0.14,0.14,1.0,0.02256127125337857,False,True,SPN23F_RS02450,SPN23F_RS02450,sensor histidine kinase
465883,465883,logistic+PCs,1.2242103414389442,0.8825438103290892,1.387138323458925,0.165399588025828,3.40147901497297,0.16,0.16,1.0,0.3681265817790471,False,False,SPN23F_RS02450,SPN23F_RS02450,sensor histidine kinase
465955,465955,logistic+PCs,-2.6093763927665767,0.9085948236800234,-2.8718812002449967,0.004080363285459803,0.07358041473770346,0.32,0.32,1.0,0.02553977387314454,False,True,SPN23F_RS02450,SPN23F_RS02450,sensor histidine kinase
465970,465970,logistic+PCs,-0.8212857721919222,1.0957867995257036,-0.7494941283718737,0.4535594363114165,0.43986572363924553,0.18,0.18,1.0,0.5731338238716763,False,False,SPN23F_RS02450,SPN23F_RS02450,sensor histidine kinase
465973,465973,logistic+PCs,-0.8212857721919222,1.0957867995257036,-0.7494941283718737,0.4535594363114165,0.43986572363924553,0.18,0.18,1.0,0.5731338238716763,False,False,SPN23F_RS02450,SPN23F_RS02450,sensor histidine kinase
465988,465988,logistic+PCs,-0.06290480974803804,0.5573805876727915,-0.11285791277855932,0.9101432038186835,0.9390328562090765,0.39,0.39,1.0,0.9503335200866659,False,False,SPN23F_RS02450,SPN23F_RS02450,sensor histidine kinase
466007,466007,logistic+PCs,-0.4236426005885893,0.5761631997710926,-0.7352822963301038,0.462167587792755,0.6546578144202467,0.28,0.28,1.0,0.5731338238716763,False,False,SPN23F_RS02450,SPN23F_RS02450,sensor histidine kinase
466012,466012,logistic+PCs,11.741987811396758,4.022628019978928,2.9189842443990797,0.003511739725195489,125742.04322366399,0.14,0.14,1.0,0.02256127125337857,False,True,SPN23F_RS02450,SPN23F_RS02450,sensor histidine kinase
466033,466033,logistic+PCs,-0.16323616474948377,0.5462150918832985,-0.2988496055403024,0.7650547997251612,0.8493905686150095,0.38,0.38,1.0,0.8288296509908284,False,False,SPN23F_RS02450,SPN23F_RS02450,sensor histidine kinase
466081,466081,logistic+PCs,0.5645815907348519,1.5272782866270533,0.36966517214208083,0.7116319849598831,1.758711767456521,0.32,0.32,1.0,0.7801374464869292,False,False,SPN23F_RS02450,SPN23F_RS02450,sensor histidine kinase
466105,466105,logistic+PCs,1.0763302761354354,0.9082519906992405,1.1850568863678412,0.23599495584131103,2.9338931938246455,0.15,0.15,1.0,0.4783112051426572,False,False,blpC,SPN23F_RS02455,quorum-sensing system pheromone BlpC
466189,466189,logistic+PCs,-2.2961024829932364,1.1287379475654329,-2.0342210412484882,0.041929313987135966,0.10065036675951525,0.06,0.06,1.0,0.13405569401520936,False,False,blpC,SPN23F_RS02455,quorum-sensing system pheromone BlpC
466342,466342,logistic+PCs,1.073770031872292,2.552160729349266,0.42072978379620907,0.673952409879727,2.92639131802153,0.08,0.08,1.0,0.755367990665066,False,False,blpC,SPN23F_RS02455,quorum-sensing system pheromone BlpC
466348,466348,logistic+PCs,0.621509315080824,0.9846133805261486,0.6312216829195512,0.5278955864071297,1.861735868388513,0.05,0.05,1.0,0.6181170810578669,False,False,blpC,SPN23F_RS02455,quorum-sensing system pheromone BlpC
466363,466363,logistic+PCs,1.073770031872292,2.552160729349266,0.42072978379620907,0.673952409879727,2.92639131802153,0.08,0.08,1.0,0.755367990665066,False,False,blpC,SPN23F_RS02455,quorum-sensing system pheromone BlpC
466372,466372,logistic+PCs,0.06400945925693854,0.5964086561283933,0.10732483272871672,0.9145312846513209,1.0661024832511212,0.24,0.24,1.0,0.9519960330901094,False,False,blpC,SPN23F_RS02455,quorum-sensing system pheromone BlpC
466402,466402,logistic+PCs,-0.36296886105066056,0.5803735160230767,-0.6254056241881103,0.531704871794377,0.6956080936670447,0.25,0.25,1.0,0.6214446709492288,False,False,blpC,SPN23F_RS02455,quorum-sensing system pheromone BlpC
466421,466421,logistic+PCs,-0.4236426005885893,0.5761631997710926,-0.7352822963301038,0.462167587792755,0.6546578144202467,0.28,0.28,1.0,0.5731338238716763,False,False,blpC,SPN23F_RS02455,quorum-sensing system pheromone BlpC
466452,466452,logistic+PCs,1.073770031872292,2.552160729349266,0.42072978379620907,0.673952409879727,2.92639131802153,0.08,0.08,1.0,0.755367990665066,False,False,blpC,SPN23F_RS02455,quorum-sensing system pheromone BlpC
466475,466475,logistic+PCs,-0.30055084557196093,0.5486874491707581,-0.5477632958912934,0.5838544441748414,0.7404102566181421,0.48,0.48,1.0,0.6664513517986373,False,False,blpC,SPN23F_RS02455,quorum-sensing system pheromone BlpC
466480,466480,logistic+PCs,0.06400945925693854,0.5964086561283933,0.10732483272871672,0.9145312846513209,1.0661024832511212,0.24,0.24,1.0,0.9519960330901094,False,False,blpC,SPN23F_RS02455,quorum-sensing system pheromone BlpC
466484,466484,logistic+PCs,-0.07816967579607312,0.5369737746922646,-0.14557447585009442,0.8842573186215973,0.9248074957821786,0.34,0.34,1.0,0.9277050031878366,False,False,blpC,SPN23F_RS02455,quorum-sensing system pheromone BlpC
466492,466492,logistic+PCs,-6.142452933485942,6.607494765637623,-0.9296190388874559,0.3525683662737379,0.0021496442116584404,0.07,0.07,1.0,0.4989589722203148,False,False,blpC,SPN23F_RS02455,quorum-sensing system pheromone BlpC
466513,466513,logistic+PCs,-0.36296886105066056,0.5803735160230767,-0.6254056241881103,0.531704871794377,0.6956080936670447,0.25,0.25,1.0,0.6214446709492288,False,False,blpC,SPN23F_RS02455,quorum-sensing system pheromone BlpC
466514,466514,logistic+PCs,-6.142452933485942,6.607494765637623,-0.9296190388874559,0.3525683662737379,0.0021496442116584404,0.07,0.07,1.0,0.4989589722203148,False,False,blpC,SPN23F_RS02455,quorum-sensing system pheromone BlpC
466538,466538,logistic+PCs,-1.9593430404198329,0.735324594831471,-2.6645960902054346,0.007708084149902764,0.14095098961373168,0.12,0.12,1.0,0.04352574880666486,False,True,blpC,SPN23F_RS02455,quorum-sensing system pheromone BlpC
466556,466556,logistic+PCs,1.8485006421569041,0.7231843612368064,2.5560572673274575,0.010586569427082743,6.350291022420748,0.48,0.48,1.0,0.05098623606678464,False,False,blpC,SPN23F_RS02455,quorum-sensing system pheromone BlpC
466564,466564,logistic+PCs,1.073770031872292,2.552160729349266,0.42072978379620907,0.673952409879727,2.92639131802153,0.08,0.08,1.0,0.755367990665066,False,False,blpC,SPN23F_RS02455,quorum-sensing system pheromone BlpC
466588,466588,logistic+PCs,-2.5220358642565412,0.8439110873236179,-2.988508981739929,0.002803422604021047,0.08029596854116526,0.11,0.11,1.0,0.02256127125337857,False,True,blpC,SPN23F_RS02455,quorum-sensing system pheromone BlpC
466593,466593,logistic+PCs,-1.8676591547231105,0.660541331639277,-2.8274675107583476,0.004691777601279966,0.15448486405529158,0.4,0.4,1.0,0.02868133345127161,False,True,blpC,SPN23F_RS02455,quorum-sensing system pheromone BlpC
466602,466602,logistic+PCs,1.073770031872292,2.552160729349266,0.42072978379620907,0.673952409879727,2.92639131802153,0.08,0.08,1.0,0.755367990665066,False,False,blpC,SPN23F_RS02455,quorum-sensing system pheromone BlpC
466660,466660,logistic+PCs,-0.25168573717334514,0.5934258805884826,-0.4241232905510558,0.671475900671752,0.7774890355821372,0.24,0.24,1.0,0.7543303997978607,False,False,blpC,SPN23F_RS02455,quorum-sensing system pheromone BlpC
467102,467102,logistic+PCs,-2.0931340883612024,0.7761510625856011,-2.6968127588311486,0.007000662204518094,0.12330009622960098,0.33,0.33,1.0,0.03986163011101022,False,True,blpC,SPN23F_RS02455,quorum-sensing system pheromone BlpC
467150,467150,logistic+PCs,11.741987811396758,4.022628019978928,2.9189842443990797,0.003511739725195489,125742.04322366399,0.14,0.14,1.0,0.02256127125337857,False,True,blpC,SPN23F_RS02455,quorum-sensing system pheromone BlpC
467297,467297,logistic+PCs,0.05193750225825585,0.8837835943949915,0.05876721698348623,0.9531375203710373,1.0533099109654325,0.06,0.06,1.0,0.9882561683506035,False,False,blpC,SPN23F_RS02455,quorum-sensing system pheromone BlpC
471838,471838,logistic+PCs,0.8124041373882203,0.5855803328285084,1.3873487408022955,0.1653354473168197,2.253318767837026,0.25,0.25,1.0,0.3681265817790471,False,False,blpK,SPN23F_RS02485,bacteriocin-like peptide BlpK
471870,471870,logistic+PCs,0.004300678207771383,1.253443004463661,0.003431091954286036,0.9972623900743508,1.0043099393959987,0.17,0.17,1.0,0.9999999852469791,False,False,blpK,SPN23F_RS02485,bacteriocin-like peptide BlpK
471899,471899,logistic+PCs,-3.0516102411732953,0.8426069771202731,-3.62162944769648,0.0002927532542355984,0.047282726466145716,0.14,0.14,0.9968248306722125,0.0055956229536504015,False,True,blpK,SPN23F_RS02485,bacteriocin-like peptide BlpK
472076,472076,logistic+PCs,6.265326622048363,5.729585294950995,1.0935043811232676,0.2741724064714991,526.0133654672064,0.1,0.1,1.0,0.4989589722203148,False,False,blpK,SPN23F_RS02485,bacteriocin-like peptide BlpK
472142,472142,logistic+PCs,-2.403501029938163,0.664143693304973,-3.618947306384315,0.000295803856580638,0.09040090234528766,0.46,0.46,1.0,0.0055956229536504015,False,True,blpO,SPN23F_RS02490,bacteriocin-like peptide BlpO
472217,472217,logistic+PCs,-0.3767430199989032,0.7112543722066832,-0.529688160411653,0.5963281580932673,0.6860923632598925,0.1,0.1,1.0,0.6779623967637981,False,False,blpO,SPN23F_RS02490,bacteriocin-like peptide BlpO
472219,472219,logistic+PCs,-0.3767430199989032,0.7112543722066832,-0.529688160411653,0.5963281580932673,0.6860923632598925,0.1,0.1,1.0,0.6779623967637981,False,False,blpO,SPN23F_RS02490,bacteriocin-like peptide BlpO
472258,472258,logistic+PCs,0.6874681730894062,1.1630539761247713,0.5910887948468312,0.5544609272506028,1.9886741752198902,0.18,0.18,1.0,0.6383443755237673,False,False,blpO,SPN23F_RS02490,bacteriocin-like peptide BlpO
472267,472267,logistic+PCs,1.798540251253768,0.8224285314324409,2.1868650983219333,0.028752373468203644,6.040822941471764,0.17,0.17,1.0,0.1017690557788289,False,False,SPN23F_RS14245,SPN23F_RS14245,ComC/BlpC family peptide pheromone/bacteriocin
472288,472288,logistic+PCs,11.741987811396758,4.022628019978928,2.9189842443990797,0.003511739725195489,125742.04322366399,0.14,0.14,1.0,0.02256127125337857,False,True,SPN23F_RS14245,SPN23F_RS14245,ComC/BlpC family peptide pheromone/bacteriocin
472337,472337,logistic+PCs,1.349312348068413,1.3904848893730704,0.9703897959486487,0.33185223300072386,3.85477387639193,0.1,0.1,1.0,0.4989589722203148,False,False,SPN23F_RS14245,SPN23F_RS14245,ComC/BlpC family peptide pheromone/bacteriocin
472338,472338,logistic+PCs,-2.613153503466684,1.0819808959212758,-2.415156786332774,0.015728437727895832,0.07330301757556598,0.24,0.24,1.0,0.06475856162452878,False,False,SPN23F_RS14245,SPN23F_RS14245,ComC/BlpC family peptide pheromone/bacteriocin
472496,472496,logistic+PCs,3.1605145229198817,1.4688996725327346,2.151620414939843,0.0314272628964003,23.582726661411193,0.48,0.48,1.0,0.10711694710935238,False,False,SPN23F_RS14245,SPN23F_RS14245,ComC/BlpC family peptide pheromone/bacteriocin
472540,472540,logistic+PCs,-2.4608922347711126,1.8865094917530623,-1.3044685147511759,0.1920738878525433,0.08535875692993937,0.25,0.25,1.0,0.407230129600193,False,False,SPN23F_RS14245,SPN23F_RS14245,ComC/BlpC family peptide pheromone/bacteriocin
472835,472835,logistic+PCs,0.1767682397176251,1.3167625224909818,0.13424458601937142,0.8932091704255488,1.193354488902119,0.39,0.39,1.0,0.9343708833483851,False,False,SPN23F_RS14245,SPN23F_RS14245,ComC/BlpC family peptide pheromone/bacteriocin
472981,472981,logistic+PCs,-2.4608922347711126,1.8865094917530623,-1.3044685147511759,0.1920738878525433,0.08535875692993937,0.25,0.25,1.0,0.407230129600193,False,False,SPN23F_RS14245,SPN23F_RS14245,ComC/BlpC family peptide pheromone/bacteriocin
473032,473032,logistic+PCs,8.473861315535846,2.2454437525090754,3.773802530598725,0.00016077803898720313,4787.967675641131,0.45,0.45,0.5474492227514266,0.0035548650828014718,False,True,SPN23F_RS14245,SPN23F_RS14245,ComC/BlpC family peptide pheromone/bacteriocin
473044,473044,logistic+PCs,8.473861315535846,2.2454437525090754,3.773802530598725,0.00016077803898720313,4787.967675641131,0.45,0.45,0.5474492227514266,0.0035548650828014718,False,True,SPN23F_RS14245,SPN23F_RS14245,ComC/BlpC family peptide pheromone/bacteriocin
473080,473080,logistic+PCs,8.473861315535846,2.2454437525090754,3.773802530598725,0.00016077803898720313,4787.967675641131,0.45,0.45,0.5474492227514266,0.0035548650828014718,False,True,SPN23F_RS14245,SPN23F_RS14245,ComC/BlpC family peptide pheromone/bacteriocin
473155,473155,logistic+PCs,8.473861315535846,2.2454437525090754,3.773802530598725,0.00016077803898720313,4787.967675641131,0.45,0.45,0.5474492227514266,0.0035548650828014718,False,True,SPN23F_RS02495,SPN23F_RS02495,PncF family bacteriocin immunity protein
473161,473161,logistic+PCs,8.473861315535846,2.2454437525090754,3.773802530598725,0.00016077803898720313,4787.967675641131,0.45,0.45,0.5474492227514266,0.0035548650828014718,False,True,SPN23F_RS02495,SPN23F_RS02495,PncF family bacteriocin immunity protein
473194,473194,logistic+PCs,-6.142452933485942,6.607494765637623,-0.9296190388874559,0.3525683662737379,0.0021496442116584404,0.07,0.07,1.0,0.4989589722203148,False,False,SPN23F_RS02495,SPN23F_RS02495,PncF family bacteriocin immunity protein
473486,473486,logistic+PCs,11.741987811396758,4.022628019978928,2.9189842443990797,0.003511739725195489,125742.04322366399,0.14,0.14,1.0,0.02256127125337857,False,True,SPN23F_RS02495,SPN23F_RS02495,PncF family bacteriocin immunity protein
473531,473531,logistic+PCs,-6.142452933485942,6.607494765637623,-0.9296190388874559,0.3525683662737379,0.0021496442116584404,0.07,0.07,1.0,0.4989589722203148,False,False,SPN23F_RS02495,SPN23F_RS02495,PncF family bacteriocin immunity protein
473567,473567,logistic+PCs,-0.7615601706614956,0.7107057677485862,-1.0715547913365173,0.28392004833397133,0.4669373564562537,0.1,0.1,1.0,0.4989589722203148,False,False,SPN23F_RS02510,SPN23F_RS02510,immunity protein
473578,473578,logistic+PCs,30.448562235846268,1237884.4122500094,2.4597257978636475e-05,0.9999803742276228,16735649083820.238,0.16,0.16,1.0,0.9999999852469791,False,False,SPN23F_RS02510,SPN23F_RS02510,immunity protein
473603,473603,logistic+PCs,-0.45450894663589847,0.8280783477915987,-0.548871912721819,0.5830933546952053,0.6347595922630587,0.07,0.07,1.0,0.6658057923330564,False,False,SPN23F_RS02510,SPN23F_RS02510,immunity protein
473670,473670,logistic+PCs,1.3288481529564777,0.6615610020871162,2.0086555113801756,0.04457367986354303,3.7766907112113204,0.42,0.42,1.0,0.13847936125489416,False,False,SPN23F_RS02520,SPN23F_RS02520,hypothetical protein
473759,473759,logistic+PCs,2.756859331414923,1.6471432680941265,1.6737216396511911,0.0941853188518962,15.750298719589445,0.21,0.21,1.0,0.2269646218617881,False,False,SPN23F_RS02520,SPN23F_RS02520,hypothetical protein
473818,473818,logistic+PCs,-0.7615601706614956,0.7107057677485862,-1.0715547913365173,0.28392004833397133,0.4669373564562537,0.1,0.1,1.0,0.4989589722203148,False,False,SPN23F_RS02520,SPN23F_RS02520,hypothetical protein
473827,473827,logistic+PCs,-0.7615601706614956,0.7107057677485862,-1.0715547913365173,0.28392004833397133,0.4669373564562537,0.1,0.1,1.0,0.4989589722203148,False,False,SPN23F_RS02520,SPN23F_RS02520,hypothetical protein
473890,473890,logistic+PCs,11.741987811396758,4.022628019978928,2.9189842443990797,0.003511739725195489,125742.04322366399,0.14,0.14,1.0,0.02256127125337857,False,True,SPN23F_RS02520,SPN23F_RS02520,hypothetical protein
473894,473894,logistic+PCs,-0.7615601706614956,0.7107057677485862,-1.0715547913365173,0.28392004833397133,0.4669373564562537,0.1,0.1,1.0,0.4989589722203148,False,False,SPN23F_RS02520,SPN23F_RS02520,hypothetical protein
473897,473897,logistic+PCs,-0.7615601706614956,0.7107057677485862,-1.0715547913365173,0.28392004833397133,0.4669373564562537,0.1,0.1,1.0,0.4989589722203148,False,False,SPN23F_RS02520,SPN23F_RS02520,hypothetical protein
473923,473923,logistic+PCs,-0.7615601706614956,0.7107057677485862,-1.0715547913365173,0.28392004833397133,0.4669373564562537,0.1,0.1,1.0,0.4989589722203148,False,False,SPN23F_RS02520,SPN23F_RS02520,hypothetical protein
474109,474109,logistic+PCs,0.6026226675906213,0.9869054058118542,0.6106184686412658,0.5414521930773186,1.8269038844141445,0.05,0.05,1.0,0.6249643109926339,False,False,SPN23F_RS02520,SPN23F_RS02520,hypothetical protein
474155,474155,logistic+PCs,2.2884062386886477,1.1314072921836331,2.0226193118059097,0.043112411588511465,9.859211922426573,0.29,0.29,1.0,0.13647279765583334,False,False,SPN23F_RS02520,SPN23F_RS02520,hypothetical protein
474194,474194,logistic+PCs,-0.45450894663589847,0.8280783477915987,-0.548871912721819,0.5830933546952053,0.6347595922630587,0.07,0.07,1.0,0.6658057923330564,False,False,SPN23F_RS02520,SPN23F_RS02520,hypothetical protein
474226,474226,logistic+PCs,-0.45450894663589847,0.8280783477915987,-0.548871912721819,0.5830933546952053,0.6347595922630587,0.07,0.07,1.0,0.6658057923330564,False,False,SPN23F_RS02520,SPN23F_RS02520,hypothetical protein
474313,474313,logistic+PCs,-0.7615601706614956,0.7107057677485862,-1.0715547913365173,0.28392004833397133,0.4669373564562537,0.1,0.1,1.0,0.4989589722203148,False,False,SPN23F_RS02520,SPN23F_RS02520,hypothetical protein
474491,474491,logistic+PCs,0.6026226675906213,0.9869054058118542,0.6106184686412658,0.5414521930773186,1.8269038844141445,0.05,0.05,1.0,0.6249643109926339,False,False,SPN23F_RS02525,SPN23F_RS02525,CPBP family intramembrane glutamic endopeptidase
474511,474511,logistic+PCs,-0.45450894663589847,0.8280783477915987,-0.548871912721819,0.5830933546952053,0.6347595922630587,0.07,0.07,1.0,0.6658057923330564,False,False,SPN23F_RS02525,SPN23F_RS02525,CPBP family intramembrane glutamic endopeptidase
474557,474557,logistic+PCs,-0.7615601706614956,0.7107057677485862,-1.0715547913365173,0.28392004833397133,0.4669373564562537,0.1,0.1,1.0,0.4989589722203148,False,False,SPN23F_RS02525,SPN23F_RS02525,CPBP family intramembrane glutamic endopeptidase
474562,474562,logistic+PCs,0.005268127562451617,0.8806194247415292,0.005982297703684955,0.9952268454943051,1.0052820285464574,0.06,0.06,1.0,0.9999999852469791,False,False,SPN23F_RS02525,SPN23F_RS02525,CPBP family intramembrane glutamic endopeptidase
474679,474679,logistic+PCs,-2.100608849264937,0.8540559279274611,-2.4595682561006136,0.013910424364497256,0.12238189343918908,0.09,0.09,1.0,0.0586200432687044,False,False,SPN23F_RS02525,SPN23F_RS02525,CPBP family intramembrane glutamic endopeptidase
474758,474758,logistic+PCs,-2.0774332633269994,1.1506465138373634,-1.8054487093510905,0.07100449479266499,0.12525128703680555,0.05,0.05,1.0,0.18652296597989912,False,False,SPN23F_RS02525,SPN23F_RS02525,CPBP family intramembrane glutamic endopeptidase
474810,474810,logistic+PCs,-1.9150591561524586,1.1596031163405145,-1.651478104160343,0.09864098811225575,0.14733311666805257,0.05,0.05,1.0,0.2363836895272327,False,False,blpZ,SPN23F_RS02530,immunity protein BlpZ
475206,475206,logistic+PCs,-1.0183554521323495,1.0389297348777562,-0.9801966561792289,0.3269890547867088,0.361188443701744,0.19,0.19,1.0,0.4989589722203148,False,False,blpZ,SPN23F_RS02530,immunity protein BlpZ
475230,475230,logistic+PCs,-2.957603291722973,0.8485857501616775,-3.4853322615415983,0.0004915262870995546,0.05194326094877751,0.2,0.2,1.0,0.008285381225613779,False,True,blpZ,SPN23F_RS02530,immunity protein BlpZ
475341,475341,logistic+PCs,-1.722197276737281,0.7693742031337095,-2.2384390712902293,0.025192436518659628,0.1786731219817473,0.18,0.18,1.0,0.09164556233550859,False,False,blpZ,SPN23F_RS02530,immunity protein BlpZ
475375,475375,logistic+PCs,-1.8254264000735072,2.6167900403835045,-0.6975822943005321,0.48543845757589266,0.1611489155684423,0.17,0.17,1.0,0.5731338238716763,False,False,blpZ,SPN23F_RS02530,immunity protein BlpZ
475376,475376,logistic+PCs,-1.8254264000735072,2.6167900403835045,-0.6975822943005321,0.48543845757589266,0.1611489155684423,0.17,0.17,1.0,0.5731338238716763,False,False,blpZ,SPN23F_RS02530,immunity protein BlpZ
475541,475541,logistic+PCs,30.448562235846268,1237884.4122500094,2.4597257978636475e-05,0.9999803742276228,16735649083820.238,0.16,0.16,1.0,0.9999999852469791,False,False,blpZ,SPN23F_RS02530,immunity protein BlpZ
475587,475587,logistic+PCs,0.7021163517638819,0.5863054585097832,1.197526547933659,0.2311013862993846,2.018019029491636,0.24,0.24,1.0,0.4704649642872742,False,False,blpZ,SPN23F_RS02530,immunity protein BlpZ
475612,475612,logistic+PCs,0.8872065744994014,0.6399432675648336,1.3863831678009133,0.16562993341718069,2.4283367901176933,0.36,0.36,1.0,0.3681265817790471,False,False,blpZ,SPN23F_RS02530,immunity protein BlpZ
475637,475637,logistic+PCs,-0.8212857721919222,1.0957867995257036,-0.7494941283718737,0.4535594363114165,0.43986572363924553,0.18,0.18,1.0,0.5731338238716763,False,False,SPN23F_RS02535,SPN23F_RS02535,CPBP family intramembrane glutamic endopeptidase
475705,475705,logistic+PCs,-1.8254264000735072,2.6167900403835045,-0.6975822943005321,0.48543845757589266,0.1611489155684423,0.17,0.17,1.0,0.5731338238716763,False,False,SPN23F_RS02535,SPN23F_RS02535,CPBP family intramembrane glutamic endopeptidase
475810,475810,logistic+PCs,-1.8727847867446703,0.6247534561251054,-2.997638137706676,0.0027208052182683133,0.15369505734767536,0.18,0.18,1.0,0.02256127125337857,False,True,SPN23F_RS02535,SPN23F_RS02535,CPBP family intramembrane glutamic endopeptidase
475890,475890,logistic+PCs,-1.8254264000735072,2.6167900403835045,-0.6975822943005321,0.48543845757589266,0.1611489155684423,0.17,0.17,1.0,0.5731338238716763,False,False,SPN23F_RS02535,SPN23F_RS02535,CPBP family intramembrane glutamic endopeptidase
476113,476113,logistic+PCs,1.1923795095181455,0.7536337467730386,1.5821737211526938,0.11360991772299753,3.2949121616231314,0.44,0.44,1.0,0.2656880287409386,False,False,SPN23F_RS02535,SPN23F_RS02535,CPBP family intramembrane glutamic endopeptidase
476227,476227,logistic+PCs,-6.142452933485942,6.607494765637623,-0.9296190388874559,0.3525683662737379,0.0021496442116584404,0.07,0.07,1.0,0.4989589722203148,False,False,SPN23F_RS02535,SPN23F_RS02535,CPBP family intramembrane glutamic endopeptidase
476260,476260,logistic+PCs,-2.1766399799883365,0.6748159428812209,-3.2255313511042254,0.0012573906357385525,0.11342199126526581,0.42,0.42,1.0,0.017216910128475725,False,True,SPN23F_RS02535,SPN23F_RS02535,CPBP family intramembrane glutamic endopeptidase
476410,476410,logistic+PCs,-6.142452933485942,6.607494765637623,-0.9296190388874559,0.3525683662737379,0.0021496442116584404,0.07,0.07,1.0,0.4989589722203148,False,False,ccrZ,SPN23F_RS02540,cell cycle regulator CcrZ
476608,476608,logistic+PCs,1.3766459781623612,0.6970472195085156,1.9749680360722581,0.04827177548048352,3.961592053411854,0.39,0.39,1.0,0.14794365032497425,False,False,ccrZ,SPN23F_RS02540,cell cycle regulator CcrZ
476632,476632,logistic+PCs,-0.7766530044090014,0.5728787834746619,-1.3557021604088648,0.1751939517679285,0.45994286468999984,0.42,0.42,1.0,0.3789075794569246,False,False,ccrZ,SPN23F_RS02540,cell cycle regulator CcrZ
476646,476646,logistic+PCs,-2.8881827472456627,1.1112273149859184,-2.599092650347838,0.009347054146591144,0.05567730046019323,0.08,0.08,1.0,0.045337207078551066,False,True,ccrZ,SPN23F_RS02540,cell cycle regulator CcrZ
476857,476857,logistic+PCs,-6.142452933485942,6.607494765637623,-0.9296190388874559,0.3525683662737379,0.0021496442116584404,0.07,0.07,1.0,0.4989589722203148,False,False,ccrZ,SPN23F_RS02540,cell cycle regulator CcrZ
476883,476883,logistic+PCs,-6.142452933485942,6.607494765637623,-0.9296190388874559,0.3525683662737379,0.0021496442116584404,0.07,0.07,1.0,0.4989589722203148,False,False,ccrZ,SPN23F_RS02540,cell cycle regulator CcrZ
476888,476888,logistic+PCs,-6.142452933485942,6.607494765637623,-0.9296190388874559,0.3525683662737379,0.0021496442116584404,0.07,0.07,1.0,0.4989589722203148,False,False,ccrZ,SPN23F_RS02540,cell cycle regulator CcrZ
476915,476915,logistic+PCs,-2.437516504941085,0.7666195558039844,-3.1795647351896266,0.001474964201077766,0.0873775840216425,0.35,0.35,1.0,0.01946609730492168,False,True,ccrZ,SPN23F_RS02540,cell cycle regulator CcrZ
476977,476977,logistic+PCs,-3.2751087253125464,1.1020986305396978,-2.9717020188190646,0.0029615396481939274,0.03781275780191076,0.1,0.1,1.0,0.02256127125337857,False,True,ccrZ,SPN23F_RS02540,cell cycle regulator CcrZ
477013,477013,logistic+PCs,30.448562235846268,1237884.4122500094,2.4597257978636475e-05,0.9999803742276228,16735649083820.238,0.16,0.16,1.0,0.9999999852469791,False,False,ccrZ,SPN23F_RS02540,cell cycle regulator CcrZ
477145,477145,logistic+PCs,0.6152128455473894,0.544860393197214,1.1291201438543745,0.258847154752995,1.8500503326304216,0.43,0.43,1.0,0.4989589722203148,False,False,trmB,SPN23F_RS02545,tRNA (guanosine(46)-N7)-methyltransferase TrmB
477491,477491,logistic+PCs,-2.416312909616364,0.6748964453374254,-3.580272094051835,0.00034323660404199916,0.08925008467205285,0.49,0.49,1.0,0.0063517425911033,False,True,trmB,SPN23F_RS02545,tRNA (guanosine(46)-N7)-methyltransferase TrmB
477593,477593,logistic+PCs,-1.8254264000735072,2.6167900403835045,-0.6975822943005321,0.48543845757589266,0.1611489155684423,0.17,0.17,1.0,0.5731338238716763,False,False,trmB,SPN23F_RS02545,tRNA (guanosine(46)-N7)-methyltransferase TrmB
477604,477604,logistic+PCs,-1.8254264000735072,2.6167900403835045,-0.6975822943005321,0.48543845757589266,0.1611489155684423,0.17,0.17,1.0,0.5731338238716763,False,False,trmB,SPN23F_RS02545,tRNA (guanosine(46)-N7)-methyltransferase TrmB
477610,477610,logistic+PCs,-2.8881827472456627,1.1112273149859184,-2.599092650347838,0.009347054146591144,0.05567730046019323,0.08,0.08,1.0,0.045337207078551066,False,True,trmB,SPN23F_RS02545,tRNA (guanosine(46)-N7)-methyltransferase TrmB
477617,477617,logistic+PCs,-1.3141090857944926,0.5750306198422577,-2.2852854099403936,0.02229609787574418,0.26871361740708327,0.29,0.29,1.0,0.08501479649149936,False,False,trmB,SPN23F_RS02545,tRNA (guanosine(46)-N7)-methyltransferase TrmB
477720,477720,logistic+PCs,0.250617171559903,0.8347152011156589,0.3002427309637281,0.7639920131009662,1.284818125250542,0.07,0.07,1.0,0.8279416946558847,False,False,rimP,SPN23F_RS02550,ribosome maturation factor RimP
477796,477796,logistic+PCs,8.049506613569061,3.646126207391915,2.207687325043775,0.02726607700272311,3132.2491807394445,0.3,0.3,1.0,0.09701253102849759,False,False,rimP,SPN23F_RS02550,ribosome maturation factor RimP
478232,478232,logistic+PCs,4.982427731731632,1.992546435860485,2.500532806694646,0.012400664695181248,145.82798347760033,0.31,0.31,1.0,0.05288964410811788,False,False,rimP,SPN23F_RS02550,ribosome maturation factor RimP
478663,478663,logistic+PCs,4.982427731731632,1.992546435860485,2.500532806694646,0.012400664695181248,145.82798347760033,0.31,0.31,1.0,0.05288964410811788,False,False,rimP,SPN23F_RS02550,ribosome maturation factor RimP
479405,479405,logistic+PCs,-6.142452933485942,6.607494765637623,-0.9296190388874559,0.3525683662737379,0.0021496442116584404,0.07,0.07,1.0,0.4989589722203148,False,False,rnpM,SPN23F_RS02560,RNase P modulator RnpM
479406,479406,logistic+PCs,-6.142452933485942,6.607494765637623,-0.9296190388874559,0.3525683662737379,0.0021496442116584404,0.07,0.07,1.0,0.4989589722203148,False,False,rnpM,SPN23F_RS02560,RNase P modulator RnpM
479642,479642,logistic+PCs,-0.06016231263159734,0.5490275032521432,-0.10957977929198119,0.9127426478569625,0.9416116857093636,0.47,0.47,1.0,0.9519960330901094,False,False,SPN23F_RS02565,SPN23F_RS02565,YlxQ-related RNA-binding protein
479651,479651,logistic+PCs,2.335312423389702,1.0917352448702606,2.139083110454335,0.032428938004996945,10.332687598427857,0.17,0.17,1.0,0.10901665345577051,False,False,SPN23F_RS02565,SPN23F_RS02565,YlxQ-related RNA-binding protein
479661,479661,logistic+PCs,-0.1420790495085713,0.5857456100264239,-0.24256101467352337,0.808345485122239,0.867552674162698,0.25,0.25,1.0,0.8707422894151294,False,False,SPN23F_RS02565,SPN23F_RS02565,YlxQ-related RNA-binding protein
479711,479711,logistic+PCs,-1.8721685784902617,0.8645924575071189,-2.165376949838643,0.030358829783242367,0.15378979469664528,0.08,0.08,1.0,0.1062403036093939,False,False,SPN23F_RS02565,SPN23F_RS02565,YlxQ-related RNA-binding protein
479726,479726,logistic+PCs,-1.8721685784902617,0.8645924575071189,-2.165376949838643,0.030358829783242367,0.15378979469664528,0.08,0.08,1.0,0.1062403036093939,False,False,SPN23F_RS02565,SPN23F_RS02565,YlxQ-related RNA-binding protein
480164,480164,logistic+PCs,-1.0018089715277874,0.6070035384534127,-1.650417020764494,0.09885767221344476,0.36721455929420954,0.29,0.29,1.0,0.2363836895272327,False,False,SPN23F_RS02565,SPN23F_RS02565,YlxQ-related RNA-binding protein
480191,480191,logistic+PCs,1.0000222634964209,0.7360501031735577,1.3586334125689534,0.17426278190055322,2.718342347590485,0.18,0.18,1.0,0.37721854569064445,False,False,SPN23F_RS02565,SPN23F_RS02565,YlxQ-related RNA-binding protein
480207,480207,logistic+PCs,-0.642377570570914,0.7387998556643556,-0.8694879481172406,0.38458029718517783,0.5260402382632748,0.28,0.28,1.0,0.5299457352956416,False,False,SPN23F_RS02565,SPN23F_RS02565,YlxQ-related RNA-binding protein
480208,480208,logistic+PCs,-0.5662473497652794,0.5841476742849986,-0.9693565081096499,0.3323673441768106,0.5676516448286077,0.44,0.44,1.0,0.4989589722203148,False,False,SPN23F_RS02565,SPN23F_RS02565,YlxQ-related RNA-binding protein
480245,480245,logistic+PCs,-1.8254264000735072,2.6167900403835045,-0.6975822943005321,0.48543845757589266,0.1611489155684423,0.17,0.17,1.0,0.5731338238716763,False,False,SPN23F_RS02565,SPN23F_RS02565,YlxQ-related RNA-binding protein
480464,480464,logistic+PCs,-1.5537079565444842,0.6136513352900014,-2.5319067476814463,0.011344415704844256,0.21146242485390482,0.25,0.25,1.0,0.05288964410811788,False,False,SPN23F_RS02565,SPN23F_RS02565,YlxQ-related RNA-binding protein
480509,480509,logistic+PCs,-0.7089136581915976,0.5966226544342217,-1.1882110961137766,0.23475025316169806,0.49217858131673364,0.26,0.26,1.0,0.4760718356257188,False,False,SPN23F_RS02565,SPN23F_RS02565,YlxQ-related RNA-binding protein
480648,480648,logistic+PCs,1.1862299087363892,2.2175642713556,0.5349247027736631,0.592701925754926,3.274711942520049,0.15,0.15,1.0,0.6742900291331516,False,False,SPN23F_RS02565,SPN23F_RS02565,YlxQ-related RNA-binding protein
480656,480656,logistic+PCs,6.068918736003424,3.531294205335713,1.718610340320388,0.08568534757097984,432.21309237071733,0.2,0.2,1.0,0.2115725949812809,False,False,SPN23F_RS02565,SPN23F_RS02565,YlxQ-related RNA-binding protein
480962,480962,logistic+PCs,3.537817337000621,1.8342549977960876,1.9287489150916393,0.053762040501018744,34.39177156244465,0.23,0.23,1.0,0.15980099047697158,False,False,SPN23F_RS02565,SPN23F_RS02565,YlxQ-related RNA-binding protein
481079,481079,logistic+PCs,-1.8254264000735072,2.6167900403835045,-0.6975822943005321,0.48543845757589266,0.1611489155684423,0.17,0.17,1.0,0.5731338238716763,False,False,SPN23F_RS02565,SPN23F_RS02565,YlxQ-related RNA-binding protein
481246,481246,logistic+PCs,-2.8881827472456627,1.1112273149859184,-2.599092650347838,0.009347054146591144,0.05567730046019323,0.08,0.08,1.0,0.045337207078551066,False,True,infB,SPN23F_RS02570,translation initiation factor IF-2
481451,481451,logistic+PCs,-1.9352253457684192,0.8540369047307196,-2.2659739117229383,0.02345298059729375,0.14439172709241396,0.09,0.09,1.0,0.08686651591247109,False,False,infB,SPN23F_RS02570,translation initiation factor IF-2
481502,481502,logistic+PCs,30.448562235846268,1237884.4122500094,2.4597257978636475e-05,0.9999803742276228,16735649083820.238,0.16,0.16,1.0,0.9999999852469791,False,False,infB,SPN23F_RS02570,translation initiation factor IF-2
481570,481570,logistic+PCs,-1.8510546510349137,0.8643477903081243,-2.1415623106701602,0.0322287193177728,0.15707142338928423,0.08,0.08,1.0,0.10901665345577051,False,False,infB,SPN23F_RS02570,translation initiation factor IF-2
481592,481592,logistic+PCs,-8.767897233065455,7.071600903855846,-1.2398744431808488,0.21502183803787367,0.0001556505335708582,0.08,0.08,1.0,0.4442653874508251,False,False,infB,SPN23F_RS02570,translation initiation factor IF-2
481860,481860,logistic+PCs,-6.142452933485942,6.607494765637623,-0.9296190388874559,0.3525683662737379,0.0021496442116584404,0.07,0.07,1.0,0.4989589722203148,False,False,infB,SPN23F_RS02570,translation initiation factor IF-2
481883,481883,logistic+PCs,6.265326622048363,5.729585294950995,1.0935043811232676,0.2741724064714991,526.0133654672064,0.1,0.1,1.0,0.4989589722203148,False,False,infB,SPN23F_RS02570,translation initiation factor IF-2
481939,481939,logistic+PCs,-31.421860816641832,1096941.7053003667,-2.8644968702359473e-05,0.9999771446217308,2.257663627194996e-14,0.16,0.16,1.0,0.9999999852469791,False,False,infB,SPN23F_RS02570,translation initiation factor IF-2
481957,481957,logistic+PCs,30.448562235846268,1237884.4122500094,2.4597257978636475e-05,0.9999803742276228,16735649083820.238,0.16,0.16,1.0,0.9999999852469791,False,False,infB,SPN23F_RS02570,translation initiation factor IF-2
481991,481991,logistic+PCs,-0.10629284705024743,0.5863789278439093,-0.18126989563059806,0.8561557343686452,0.8991612927841075,0.25,0.25,1.0,0.9144955360611808,False,False,infB,SPN23F_RS02570,translation initiation factor IF-2
482291,482291,logistic+PCs,-6.142452933485942,6.607494765637623,-0.9296190388874559,0.3525683662737379,0.0021496442116584404,0.07,0.07,1.0,0.4989589722203148,False,False,infB,SPN23F_RS02570,translation initiation factor IF-2
482294,482294,logistic+PCs,-6.142452933485942,6.607494765637623,-0.9296190388874559,0.3525683662737379,0.0021496442116584404,0.07,0.07,1.0,0.4989589722203148,False,False,infB,SPN23F_RS02570,translation initiation factor IF-2
482312,482312,logistic+PCs,-6.142452933485942,6.607494765637623,-0.9296190388874559,0.3525683662737379,0.0021496442116584404,0.07,0.07,1.0,0.4989589722203148,False,False,infB,SPN23F_RS02570,translation initiation factor IF-2
482370,482370,logistic+PCs,30.448562235846268,1237884.4122500094,2.4597257978636475e-05,0.9999803742276228,16735649083820.238,0.16,0.16,1.0,0.9999999852469791,False,False,infB,SPN23F_RS02570,translation initiation factor IF-2
482372,482372,logistic+PCs,3.8527563920448586,0.8605767460769795,4.476946895913715,7.57180739908718e-06,47.12277322090094,0.37,0.37,0.025782004193891848,0.0035548650828014718,True,True,infB,SPN23F_RS02570,translation initiation factor IF-2
482654,482654,logistic+PCs,0.016340343875379217,0.5823508145951821,0.028059278815876845,0.9776148720722411,1.0164745774385484,0.26,0.26,1.0,0.9999999852469791,False,False,rbfA,SPN23F_RS02575,30S ribosome-binding factor RbfA
483015,483015,logistic+PCs,-8.767897233065455,7.071600903855846,-1.2398744431808488,0.21502183803787367,0.0001556505335708582,0.08,0.08,1.0,0.4442653874508251,False,False,rbfA,SPN23F_RS02575,30S ribosome-binding factor RbfA
483657,483657,logistic+PCs,3.584079863504116,1.5594090061212034,2.2983578069867496,0.02154143285204756,36.020198966251655,0.24,0.24,1.0,0.08232163733021543,False,False,rbfA,SPN23F_RS02575,30S ribosome-binding factor RbfA
483663,483663,logistic+PCs,-1.8254264000735072,2.6167900403835045,-0.6975822943005321,0.48543845757589266,0.1611489155684423,0.17,0.17,1.0,0.5731338238716763,False,False,rbfA,SPN23F_RS02575,30S ribosome-binding factor RbfA
483674,483674,logistic+PCs,-1.8254264000735072,2.6167900403835045,-0.6975822943005321,0.48543845757589266,0.1611489155684423,0.17,0.17,1.0,0.5731338238716763,False,False,rbfA,SPN23F_RS02575,30S ribosome-binding factor RbfA
483786,483786,logistic+PCs,-6.142452933485942,6.607494765637623,-0.9296190388874559,0.3525683662737379,0.0021496442116584404,0.07,0.07,1.0,0.4989589722203148,False,False,rbfA,SPN23F_RS02575,30S ribosome-binding factor RbfA
484124,484124,logistic+PCs,-6.142452933485942,6.607494765637623,-0.9296190388874559,0.3525683662737379,0.0021496442116584404,0.07,0.07,1.0,0.4989589722203148,False,False,SPN23F_RS02580,SPN23F_RS02580,hypothetical protein
484127,484127,logistic+PCs,-6.142452933485942,6.607494765637623,-0.9296190388874559,0.3525683662737379,0.0021496442116584404,0.07,0.07,1.0,0.4989589722203148,False,False,SPN23F_RS02580,SPN23F_RS02580,hypothetical protein
484311,484311,logistic+PCs,-2.2971381298287845,0.7374885791688693,-3.114811801448641,0.0018406230635447348,0.10054618248405363,0.13,0.13,1.0,0.02256127125337857,False,True,SPN23F_RS02585,SPN23F_RS02585,hypothetical protein
484487,484487,logistic+PCs,-6.142452933485942,6.607494765637623,-0.9296190388874559,0.3525683662737379,0.0021496442116584404,0.07,0.07,1.0,0.4989589722203148,False,False,SPN23F_RS02585,SPN23F_RS02585,hypothetical protein
484793,484793,logistic+PCs,-1.1345516635247639,0.6240717850264157,-1.8179826275542013,0.06906678805308986,0.32156625890398394,0.31,0.31,1.0,0.18258727742295883,False,False,SPN23F_RS13780,SPN23F_RS13780,hypothetical protein
485352,485352,logistic+PCs,0.2327213476293561,0.584836172970011,0.39792570703606167,0.6906849500012062,1.262029762740996,0.25,0.25,1.0,0.7683950011605347,False,False,SPN23F_RS13780,SPN23F_RS13780,hypothetical protein
485764,485764,logistic+PCs,-2.8987207529890306,0.9711122045887278,-2.9849493593962784,0.0028362527439868158,0.05509365338740719,0.33,0.33,1.0,0.02256127125337857,False,True,SPN23F_RS13780,SPN23F_RS13780,hypothetical protein
485780,485780,logistic+PCs,-1.4249847171060295,0.8331089181742435,-1.7104422795387675,0.08718411840431686,0.24051213890177192,0.3,0.3,1.0,0.2129324567899366,False,False,SPN23F_RS13780,SPN23F_RS13780,hypothetical protein
485789,485789,logistic+PCs,-6.142452933485942,6.607494765637623,-0.9296190388874559,0.3525683662737379,0.0021496442116584404,0.07,0.07,1.0,0.4989589722203148,False,False,SPN23F_RS13780,SPN23F_RS13780,hypothetical protein
485819,485819,logistic+PCs,-6.142452933485942,6.607494765637623,-0.9296190388874559,0.3525683662737379,0.0021496442116584404,0.07,0.07,1.0,0.4989589722203148,False,False,SPN23F_RS13780,SPN23F_RS13780,hypothetical protein
486123,486123,logistic+PCs,0.47036335841099897,1.181694263897832,0.3980415009035417,0.6905995945105489,1.600575670200894,0.18,0.18,1.0,0.7683950011605347,False,False,SPN23F_RS02590,SPN23F_RS02590,DUF1858 domain-containing protein
486341,486341,logistic+PCs,2.5863360691446178,1.2007695825869764,2.1538987218284897,0.03124811523189249,13.281021604572274,0.06,0.06,1.0,0.10672568205773438,False,False,SPN23F_RS02595,SPN23F_RS02595,DUF438 domain-containing protein
486684,486684,logistic+PCs,1.0000222634964209,0.7360501031735577,1.3586334125689534,0.17426278190055322,2.718342347590485,0.18,0.18,1.0,0.37721854569064445,False,False,SPN23F_RS02600,SPN23F_RS02600,DUF1912 family protein
487323,487323,logistic+PCs,-2.8881827472456627,1.1112273149859184,-2.599092650347838,0.009347054146591144,0.05567730046019323,0.08,0.08,1.0,0.045337207078551066,False,True,SPN23F_RS02605,SPN23F_RS02605,helix-hairpin-helix domain-containing protein
487536,487536,logistic+PCs,4.982427731731632,1.992546435860485,2.500532806694646,0.012400664695181248,145.82798347760033,0.31,0.31,1.0,0.05288964410811788,False,False,SPN23F_RS02605,SPN23F_RS02605,helix-hairpin-helix domain-containing protein
488156,488156,logistic+PCs,1.349312348068413,1.3904848893730704,0.9703897959486487,0.33185223300072386,3.85477387639193,0.1,0.1,1.0,0.4989589722203148,False,False,SPN23F_RS02610,SPN23F_RS02610,flavin reductase
488553,488553,logistic+PCs,0.4609274269226865,1.3511469845702728,0.34113788668912487,0.7329997806045441,1.5855437793137541,0.21,0.21,1.0,0.7994440272128355,False,False,SPN23F_RS02615,SPN23F_RS02615,GNAT family N-acetyltransferase
488586,488586,logistic+PCs,0.33943641559611787,0.6114135856642883,0.5551666229780079,0.578780696337708,1.404156007096281,0.23,0.23,1.0,0.6637750997069369,False,False,SPN23F_RS02615,SPN23F_RS02615,GNAT family N-acetyltransferase
488640,488640,logistic+PCs,0.016340343875379217,0.5823508145951821,0.028059278815876845,0.9776148720722411,1.0164745774385484,0.26,0.26,1.0,0.9999999852469791,False,False,SPN23F_RS02615,SPN23F_RS02615,GNAT family N-acetyltransferase
489138,489138,logistic+PCs,1.3360014690915871,0.71034291393107,1.880783833962803,0.060001330121936924,3.803803431128668,0.33,0.33,1.0,0.16645386956803981,False,False,SPN23F_RS02615,SPN23F_RS02615,GNAT family N-acetyltransferase
489153,489153,logistic+PCs,-1.0108225843299987,0.5885027928254305,-1.7176173106621813,0.08586644074995337,0.3639195019359314,0.36,0.36,1.0,0.2117126942459024,False,False,SPN23F_RS02615,SPN23F_RS02615,GNAT family N-acetyltransferase
489267,489267,logistic+PCs,-1.9150591561524586,1.1596031163405145,-1.651478104160343,0.09864098811225575,0.14733311666805257,0.05,0.05,1.0,0.2363836895272327,False,False,SPN23F_RS02615,SPN23F_RS02615,GNAT family N-acetyltransferase
489399,489399,logistic+PCs,-6.142452933485942,6.607494765637623,-0.9296190388874559,0.3525683662737379,0.0021496442116584404,0.07,0.07,1.0,0.4989589722203148,False,False,SPN23F_RS02620,SPN23F_RS02620,hypothetical protein
489447,489447,logistic+PCs,-6.142452933485942,6.607494765637623,-0.9296190388874559,0.3525683662737379,0.0021496442116584404,0.07,0.07,1.0,0.4989589722203148,False,False,SPN23F_RS02620,SPN23F_RS02620,hypothetical protein
489477,489477,logistic+PCs,-1.8254264000735072,2.6167900403835045,-0.6975822943005321,0.48543845757589266,0.1611489155684423,0.17,0.17,1.0,0.5731338238716763,False,False,SPN23F_RS02620,SPN23F_RS02620,hypothetical protein
489639,489639,logistic+PCs,2.5863360691446178,1.2007695825869764,2.1538987218284897,0.03124811523189249,13.281021604572274,0.06,0.06,1.0,0.10672568205773438,False,False,SPN23F_RS02620,SPN23F_RS02620,hypothetical protein
489806,489806,logistic+PCs,-0.11363663088435101,0.5322691789577165,-0.21349466656490043,0.8309411486954827,0.8925822337794864,0.33,0.33,1.0,0.8919781246242492,False,False,SPN23F_RS02620,SPN23F_RS02620,hypothetical protein
489818,489818,logistic+PCs,-1.8254264000735072,2.6167900403835045,-0.6975822943005321,0.48543845757589266,0.1611489155684423,0.17,0.17,1.0,0.5731338238716763,False,False,SPN23F_RS02620,SPN23F_RS02620,hypothetical protein
489828,489828,logistic+PCs,-0.6909450126132402,0.5716472751000475,-1.208691167979964,0.22678151606600672,0.5011022972497182,0.37,0.37,1.0,0.4632837552132297,False,False,SPN23F_RS02620,SPN23F_RS02620,hypothetical protein
489836,489836,logistic+PCs,4.945396279944009,1.8911750599814723,2.6149859865392147,0.008923111641833978,140.52652766342982,0.43,0.43,1.0,0.045337207078551066,False,True,SPN23F_RS02620,SPN23F_RS02620,hypothetical protein
489846,489846,logistic+PCs,0.9002054279260714,1.150960595714946,0.782134011605226,0.43413582025382447,2.460108434224991,0.44,0.44,1.0,0.5731338238716763,False,False,SPN23F_RS02620,SPN23F_RS02620,hypothetical protein
489988,489988,logistic+PCs,1.5667750723633425,0.8339348518634382,1.8787739460251163,0.060275365984550106,4.791172069279024,0.18,0.18,1.0,0.16645386956803981,False,False,SPN23F_RS02620,SPN23F_RS02620,hypothetical protein
490031,490031,logistic+PCs,-1.762751994400869,0.6478844021964687,-2.7207816524441046,0.006512776403297739,0.17157204821247238,0.46,0.46,1.0,0.03727059437517445,False,True,SPN23F_RS02620,SPN23F_RS02620,hypothetical protein
490041,490041,logistic+PCs,-1.762751994400869,0.6478844021964687,-2.7207816524441046,0.006512776403297739,0.17157204821247238,0.46,0.46,1.0,0.03727059437517445,False,True,SPN23F_RS02620,SPN23F_RS02620,hypothetical protein
490043,490043,logistic+PCs,-1.762751994400869,0.6478844021964687,-2.7207816524441046,0.006512776403297739,0.17157204821247238,0.46,0.46,1.0,0.03727059437517445,False,True,SPN23F_RS02620,SPN23F_RS02620,hypothetical protein
490068,490068,logistic+PCs,-1.5539797166653289,1.3184180879988774,-1.1786699005502814,0.23852964557230938,0.2114049656076919,0.17,0.17,1.0,0.48267471104162696,False,False,SPN23F_RS02620,SPN23F_RS02620,hypothetical protein
490077,490077,logistic+PCs,-2.149386483692375,1.152878307185543,-1.8643654497581372,0.06227040135667486,0.11655564463080503,0.05,0.05,1.0,0.17030088547922442,False,False,SPN23F_RS02620,SPN23F_RS02620,hypothetical protein
490232,490232,logistic+PCs,11.741987811396758,4.022628019978928,2.9189842443990797,0.003511739725195489,125742.04322366399,0.14,0.14,1.0,0.02256127125337857,False,True,SPN23F_RS02620,SPN23F_RS02620,hypothetical protein
490286,490286,logistic+PCs,4.982427731731632,1.992546435860485,2.500532806694646,0.012400664695181248,145.82798347760033,0.31,0.31,1.0,0.05288964410811788,False,False,SPN23F_RS02620,SPN23F_RS02620,hypothetical protein
490475,490475,logistic+PCs,-6.142452933485942,6.607494765637623,-0.9296190388874559,0.3525683662737379,0.0021496442116584404,0.07,0.07,1.0,0.4989589722203148,False,False,SPN23F_RS02625,SPN23F_RS02625,valine--tRNA ligase
490764,490764,logistic+PCs,-2.355229979664877,1.0318910698089785,-2.282440510024834,0.022463345956894684,0.09487168546708837,0.23,0.23,1.0,0.08527056073938283,False,False,SPN23F_RS02625,SPN23F_RS02625,valine--tRNA ligase
490964,490964,logistic+PCs,-2.2457903068989906,0.7346640531700666,-3.0568942324160715,0.002236431743124206,0.10584385817925834,0.13,0.13,1.0,0.02256127125337857,False,True,SPN23F_RS02625,SPN23F_RS02625,valine--tRNA ligase
490981,490981,logistic+PCs,-1.8254264000735072,2.6167900403835045,-0.6975822943005321,0.48543845757589266,0.1611489155684423,0.17,0.17,1.0,0.5731338238716763,False,False,SPN23F_RS02625,SPN23F_RS02625,valine--tRNA ligase
491097,491097,logistic+PCs,-2.675895267810013,0.8404015353128563,-3.1840675621967507,0.0014522111316631855,0.06884516593563662,0.12,0.12,1.0,0.019315542591066978,False,True,SPN23F_RS02625,SPN23F_RS02625,valine--tRNA ligase
491339,491339,logistic+PCs,-1.4797951288622682,0.5651352393926024,-2.6184796588737353,0.008832255718185375,0.2276843295535742,0.22,0.22,1.0,0.045337207078551066,False,True,SPN23F_RS02625,SPN23F_RS02625,valine--tRNA ligase
491465,491465,logistic+PCs,11.741987811396758,4.022628019978928,2.9189842443990797,0.003511739725195489,125742.04322366399,0.14,0.14,1.0,0.02256127125337857,False,True,SPN23F_RS02625,SPN23F_RS02625,valine--tRNA ligase
491483,491483,logistic+PCs,1.0000222634964209,0.7360501031735577,1.3586334125689534,0.17426278190055322,2.718342347590485,0.18,0.18,1.0,0.37721854569064445,False,False,SPN23F_RS02625,SPN23F_RS02625,valine--tRNA ligase
491685,491685,logistic+PCs,-2.3951442889672956,1.131391976485111,-2.1169889293437247,0.034260787369801315,0.09115952465994084,0.06,0.06,1.0,0.11348052625892362,False,False,SPN23F_RS02625,SPN23F_RS02625,valine--tRNA ligase
492203,492203,logistic+PCs,-1.2964583458826304,1.0335344932783168,-1.254392915102749,0.20969922645370254,0.2734987176264546,0.19,0.19,1.0,0.43751584931057425,False,False,SPN23F_RS02630,SPN23F_RS02630,protein NO VEIN domain-containing protein
492236,492236,logistic+PCs,-6.142452933485942,6.607494765637623,-0.9296190388874559,0.3525683662737379,0.0021496442116584404,0.07,0.07,1.0,0.4989589722203148,False,False,SPN23F_RS02630,SPN23F_RS02630,protein NO VEIN domain-containing protein
492266,492266,logistic+PCs,-6.142452933485942,6.607494765637623,-0.9296190388874559,0.3525683662737379,0.0021496442116584404,0.07,0.07,1.0,0.4989589722203148,False,False,SPN23F_RS02630,SPN23F_RS02630,protein NO VEIN domain-containing protein
492335,492335,logistic+PCs,1.0930063669054486,1.5404666282339776,0.7095294028917026,0.4779960118746962,2.9832292862866896,0.27,0.27,1.0,0.5731338238716763,False,False,SPN23F_RS02630,SPN23F_RS02630,protein NO VEIN domain-containing protein
492347,492347,logistic+PCs,4.982427731731632,1.992546435860485,2.500532806694646,0.012400664695181248,145.82798347760033,0.31,0.31,1.0,0.05288964410811788,False,False,SPN23F_RS02630,SPN23F_RS02630,protein NO VEIN domain-containing protein
492389,492389,logistic+PCs,-6.142452933485942,6.607494765637623,-0.9296190388874559,0.3525683662737379,0.0021496442116584404,0.07,0.07,1.0,0.4989589722203148,False,False,SPN23F_RS02630,SPN23F_RS02630,protein NO VEIN domain-containing protein
492584,492584,logistic+PCs,11.741987811396758,4.022628019978928,2.9189842443990797,0.003511739725195489,125742.04322366399,0.14,0.14,1.0,0.02256127125337857,False,True,SPN23F_RS02630,SPN23F_RS02630,protein NO VEIN domain-containing protein
493109,493109,logistic+PCs,-1.8254264000735072,2.6167900403835045,-0.6975822943005321,0.48543845757589266,0.1611489155684423,0.17,0.17,1.0,0.5731338238716763,False,False,SPN23F_RS02630,SPN23F_RS02630,protein NO VEIN domain-containing protein
493535,493535,logistic+PCs,3.5634251554698473,1.3668660306838947,2.6070039605029405,0.009133830382578728,35.28384305970429,0.21,0.21,1.0,0.045337207078551066,False,True,SPN23F_RS02630,SPN23F_RS02630,protein NO VEIN domain-containing protein
494048,494048,logistic+PCs,1.2091345702159069,0.7070188038489408,1.7101872872878305,0.08723124575279483,3.350583702515549,0.32,0.32,1.0,0.2129324567899366,False,False,SPN23F_RS02635,SPN23F_RS02635,Fic/DOC family protein
494105,494105,logistic+PCs,4.982427731731632,1.992546435860485,2.500532806694646,0.012400664695181248,145.82798347760033,0.31,0.31,1.0,0.05288964410811788,False,False,SPN23F_RS02635,SPN23F_RS02635,Fic/DOC family protein
494255,494255,logistic+PCs,-6.142452933485942,6.607494765637623,-0.9296190388874559,0.3525683662737379,0.0021496442116584404,0.07,0.07,1.0,0.4989589722203148,False,False,SPN23F_RS02635,SPN23F_RS02635,Fic/DOC family protein
494572,494572,logistic+PCs,-0.08872513606273376,0.5699197146650051,-0.15568006120806996,0.8762852143777761,0.9150970661923374,0.28,0.28,1.0,0.9220491826193843,False,False,SPN23F_RS02635,SPN23F_RS02635,Fic/DOC family protein
494611,494611,logistic+PCs,1.0000222634964209,0.7360501031735577,1.3586334125689534,0.17426278190055322,2.718342347590485,0.18,0.18,1.0,0.37721854569064445,False,False,SPN23F_RS02635,SPN23F_RS02635,Fic/DOC family protein
494728,494728,logistic+PCs,-6.742596455519978,6.373121638104902,-1.0579739158289378,0.29006733444129507,0.0011795804488855706,0.08,0.08,1.0,0.4989589722203148,False,False,SPN23F_RS02635,SPN23F_RS02635,Fic/DOC family protein
494958,494958,logistic+PCs,-6.142452933485942,6.607494765637623,-0.9296190388874559,0.3525683662737379,0.0021496442116584404,0.07,0.07,1.0,0.4989589722203148,False,False,SPN23F_RS12005,SPN23F_RS12005,transposase
495122,495122,logistic+PCs,-6.142452933485942,6.607494765637623,-0.9296190388874559,0.3525683662737379,0.0021496442116584404,0.07,0.07,1.0,0.4989589722203148,False,False,SPN23F_RS12005,SPN23F_RS12005,transposase
495354,495354,logistic+PCs,-2.0940395820471682,0.8048292925254822,-2.6018431504602173,0.009272424946971568,0.12318849930376699,0.37,0.37,1.0,0.045337207078551066,False,True,SPN23F_RS12005,SPN23F_RS12005,transposase
495873,495873,logistic+PCs,-2.675895267810013,0.8404015353128563,-3.1840675621967507,0.0014522111316631855,0.06884516593563662,0.12,0.12,1.0,0.019315542591066978,False,True,SPN23F_RS02660,SPN23F_RS02660,TOTE conflict system archaeo-eukaryotic primase domain-containing protein
496242,496242,logistic+PCs,-6.142452933485942,6.607494765637623,-0.9296190388874559,0.3525683662737379,0.0021496442116584404,0.07,0.07,1.0,0.4989589722203148,False,False,SPN23F_RS02660,SPN23F_RS02660,TOTE conflict system archaeo-eukaryotic primase domain-containing protein
496487,496487,logistic+PCs,-2.1397866542024557,0.753387937804029,-2.8402188923272305,0.004508258723903795,0.11767994686590323,0.27,0.27,1.0,0.02770870208464336,False,True,SPN23F_RS02660,SPN23F_RS02660,TOTE conflict system archaeo-eukaryotic primase domain-containing protein
496559,496559,logistic+PCs,-6.142452933485942,6.607494765637623,-0.9296190388874559,0.3525683662737379,0.0021496442116584404,0.07,0.07,1.0,0.4989589722203148,False,False,SPN23F_RS02660,SPN23F_RS02660,TOTE conflict system archaeo-eukaryotic primase domain-containing protein
496580,496580,logistic+PCs,-0.9403452768351999,0.7854542215055206,-1.1971993415896238,0.2312288664450175,0.39049298389767007,0.27,0.27,1.0,0.4704649642872742,False,False,SPN23F_RS02660,SPN23F_RS02660,TOTE conflict system archaeo-eukaryotic primase domain-containing protein
496598,496598,logistic+PCs,-8.767897233065455,7.071600903855846,-1.2398744431808488,0.21502183803787367,0.0001556505335708582,0.08,0.08,1.0,0.4442653874508251,False,False,SPN23F_RS02660,SPN23F_RS02660,TOTE conflict system archaeo-eukaryotic primase domain-containing protein
496608,496608,logistic+PCs,-6.142452933485942,6.607494765637623,-0.9296190388874559,0.3525683662737379,0.0021496442116584404,0.07,0.07,1.0,0.4989589722203148,False,False,SPN23F_RS02660,SPN23F_RS02660,TOTE conflict system archaeo-eukaryotic primase domain-containing protein
497137,497137,fisher,inf,,,9.98125019602994e-05,,0.13,0.13,0.33986156917481947,0.0035548650828014718,False,True,SPN23F_RS02660,SPN23F_RS02660,TOTE conflict system archaeo-eukaryotic primase domain-containing protein
497264,497264,logistic+PCs,2.2591799607201803,1.1208783378670413,2.015544314130696,0.04384764776372443,9.575233878488287,0.14,0.14,1.0,0.13647279765583334,False,False,SPN23F_RS02660,SPN23F_RS02660,TOTE conflict system archaeo-eukaryotic primase domain-containing protein
497535,497535,logistic+PCs,0.4609274269226865,1.3511469845702728,0.34113788668912487,0.7329997806045441,1.5855437793137541,0.21,0.21,1.0,0.7994440272128355,False,False,SPN23F_RS02660,SPN23F_RS02660,TOTE conflict system archaeo-eukaryotic primase domain-containing protein
497630,497630,logistic+PCs,1.0835417237380256,0.5825889355110979,1.8598735020387027,0.06290342509819245,2.955127283101499,0.48,0.48,1.0,0.17134892996747622,False,False,SPN23F_RS02660,SPN23F_RS02660,TOTE conflict system archaeo-eukaryotic primase domain-containing protein
497639,497639,logistic+PCs,-6.142452933485942,6.607494765637623,-0.9296190388874559,0.3525683662737379,0.0021496442116584404,0.07,0.07,1.0,0.4989589722203148,False,False,SPN23F_RS02660,SPN23F_RS02660,TOTE conflict system archaeo-eukaryotic primase domain-containing protein
497759,497759,logistic+PCs,-2.5982124288003,1.1175906336431976,-2.3248337544942297,0.020080851338594816,0.07440646626168562,0.07,0.07,1.0,0.08025269813135603,False,False,SPN23F_RS02660,SPN23F_RS02660,TOTE conflict system archaeo-eukaryotic primase domain-containing protein
498463,498463,logistic+PCs,29.720502621983844,808247.2725105315,3.67715470658722e-05,0.9999706605503259,8080724271319.125,0.17,0.17,1.0,0.9999999852469791,False,False,SPN23F_RS02660,SPN23F_RS02660,TOTE conflict system archaeo-eukaryotic primase domain-containing protein
498479,498479,logistic+PCs,-0.9646942830281775,0.601902190579856,-1.6027426019148023,0.10899149375221565,0.3810996905751823,0.25,0.25,1.0,0.2557657038086108,False,False,SPN23F_RS02660,SPN23F_RS02660,TOTE conflict system archaeo-eukaryotic primase domain-containing protein
498751,498751,logistic+PCs,-6.142452933485942,6.607494765637623,-0.9296190388874559,0.3525683662737379,0.0021496442116584404,0.07,0.07,1.0,0.4989589722203148,False,False,licT,SPN23F_RS02665,BglG family transcription antiterminator LicT
498886,498886,logistic+PCs,1.349312348068413,1.3904848893730704,0.9703897959486487,0.33185223300072386,3.85477387639193,0.1,0.1,1.0,0.4989589722203148,False,False,licT,SPN23F_RS02665,BglG family transcription antiterminator LicT
498960,498960,logistic+PCs,-0.36708746981407087,0.5569852832538641,-0.6590613447981513,0.5098563768347544,0.6927490477638082,0.49,0.49,1.0,0.5988482108045321,False,False,licT,SPN23F_RS02665,BglG family transcription antiterminator LicT
498979,498979,logistic+PCs,-6.142452933485942,6.607494765637623,-0.9296190388874559,0.3525683662737379,0.0021496442116584404,0.07,0.07,1.0,0.4989589722203148,False,False,licT,SPN23F_RS02665,BglG family transcription antiterminator LicT
499177,499177,logistic+PCs,1.8285257785787123,0.9591542241578878,1.9063939171868944,0.056599117331931785,6.2247033000899075,0.07,0.07,1.0,0.15980099047697158,False,False,licT,SPN23F_RS02665,BglG family transcription antiterminator LicT
499297,499297,logistic+PCs,6.265326622048363,5.729585294950995,1.0935043811232676,0.2741724064714991,526.0133654672064,0.1,0.1,1.0,0.4989589722203148,False,False,licT,SPN23F_RS02665,BglG family transcription antiterminator LicT
500182,500182,logistic+PCs,6.265326622048363,5.729585294950995,1.0935043811232676,0.2741724064714991,526.0133654672064,0.1,0.1,1.0,0.4989589722203148,False,False,licT,SPN23F_RS02665,BglG family transcription antiterminator LicT
500261,500261,logistic+PCs,0.8969080970084378,0.8205358524245058,1.0930760604284,0.27436040593281896,2.452010001567725,0.17,0.17,1.0,0.4989589722203148,False,False,licT,SPN23F_RS02665,BglG family transcription antiterminator LicT
500290,500290,logistic+PCs,2.2591799607201803,1.1208783378670413,2.015544314130696,0.04384764776372443,9.575233878488287,0.14,0.14,1.0,0.13647279765583334,False,False,SPN23F_RS02670,SPN23F_RS02670,beta-glucoside-specific PTS transporter subunit IIABC
500305,500305,logistic+PCs,4.982427731731632,1.992546435860485,2.500532806694646,0.012400664695181248,145.82798347760033,0.31,0.31,1.0,0.05288964410811788,False,False,SPN23F_RS02670,SPN23F_RS02670,beta-glucoside-specific PTS transporter subunit IIABC
500327,500327,logistic+PCs,0.5883405538593015,0.6283769220229313,0.9362860621380861,0.34912592239978624,1.8009972762875934,0.22,0.22,1.0,0.4989589722203148,False,False,SPN23F_RS02670,SPN23F_RS02670,beta-glucoside-specific PTS transporter subunit IIABC
500429,500429,logistic+PCs,0.4003701729153542,0.9380510971311284,0.4268106227260104,0.6695172686523077,1.4923770329622745,0.35,0.35,1.0,0.7528752641218981,False,False,SPN23F_RS02670,SPN23F_RS02670,beta-glucoside-specific PTS transporter subunit IIABC
500626,500626,logistic+PCs,2.2591799607201803,1.1208783378670413,2.015544314130696,0.04384764776372443,9.575233878488287,0.14,0.14,1.0,0.13647279765583334,False,False,SPN23F_RS02670,SPN23F_RS02670,beta-glucoside-specific PTS transporter subunit IIABC
500809,500809,logistic+PCs,1.2091345702159069,0.7070188038489408,1.7101872872878305,0.08723124575279483,3.350583702515549,0.32,0.32,1.0,0.2129324567899366,False,False,SPN23F_RS02670,SPN23F_RS02670,beta-glucoside-specific PTS transporter subunit IIABC
501373,501373,logistic+PCs,11.741987811396758,4.022628019978928,2.9189842443990797,0.003511739725195489,125742.04322366399,0.14,0.14,1.0,0.02256127125337857,False,True,SPN23F_RS02670,SPN23F_RS02670,beta-glucoside-specific PTS transporter subunit IIABC
501733,501733,logistic+PCs,1.0000222634964209,0.7360501031735577,1.3586334125689534,0.17426278190055322,2.718342347590485,0.18,0.18,1.0,0.37721854569064445,False,False,SPN23F_RS02675,SPN23F_RS02675,glycoside hydrolase family 1 protein
501808,501808,logistic+PCs,29.720502621983844,808247.2725105315,3.67715470658722e-05,0.9999706605503259,8080724271319.125,0.17,0.17,1.0,0.9999999852469791,False,False,SPN23F_RS02675,SPN23F_RS02675,glycoside hydrolase family 1 protein
501976,501976,fisher,inf,,,9.98125019602994e-05,,0.13,0.13,0.33986156917481947,0.0035548650828014718,False,True,SPN23F_RS02675,SPN23F_RS02675,glycoside hydrolase family 1 protein
502301,502301,logistic+PCs,11.741987811396758,4.022628019978928,2.9189842443990797,0.003511739725195489,125742.04322366399,0.14,0.14,1.0,0.02256127125337857,False,True,SPN23F_RS02675,SPN23F_RS02675,glycoside hydrolase family 1 protein
502309,502309,logistic+PCs,-1.625690719659669,0.6233619241313644,-2.607940358123443,0.009108882385965193,0.19677571140075378,0.17,0.17,1.0,0.045337207078551066,False,True,SPN23F_RS02675,SPN23F_RS02675,glycoside hydrolase family 1 protein
503156,503156,logistic+PCs,-6.142452933485942,6.607494765637623,-0.9296190388874559,0.3525683662737379,0.0021496442116584404,0.07,0.07,1.0,0.4989589722203148,False,False,SPN23F_RS02675,SPN23F_RS02675,glycoside hydrolase family 1 protein
503742,503742,logistic+PCs,-1.4525740209122306,1.885006429813014,-0.7705936690392726,0.4409478149374113,0.2339672756830764,0.24,0.24,1.0,0.5731338238716763,False,False,pheS,SPN23F_RS02680,phenylalanine--tRNA ligase subunit alpha
503754,503754,logistic+PCs,-2.7310446026346105,0.7543728582704324,-3.620284813661162,0.0002942789056120551,0.06515119699739626,0.37,0.37,1.0,0.0055956229536504015,False,True,pheS,SPN23F_RS02680,phenylalanine--tRNA ligase subunit alpha
503815,503815,logistic+PCs,-1.8254264000735072,2.6167900403835045,-0.6975822943005321,0.48543845757589266,0.1611489155684423,0.17,0.17,1.0,0.5731338238716763,False,False,pheS,SPN23F_RS02680,phenylalanine--tRNA ligase subunit alpha
503856,503856,logistic+PCs,0.250617171559903,0.8347152011156589,0.3002427309637281,0.7639920131009662,1.284818125250542,0.07,0.07,1.0,0.8279416946558847,False,False,pheS,SPN23F_RS02680,phenylalanine--tRNA ligase subunit alpha
503982,503982,logistic+PCs,0.7472240182818394,0.9028761713061075,0.8276040968064308,0.40789474737185083,2.111131412606586,0.27,0.27,1.0,0.5575598614215785,False,False,pheS,SPN23F_RS02680,phenylalanine--tRNA ligase subunit alpha
503983,503983,logistic+PCs,2.573063573018455,0.768092895479806,3.3499379933870297,0.0008082965244307606,13.10591392533212,0.36,0.36,1.0,0.012402295911693761,False,True,pheS,SPN23F_RS02680,phenylalanine--tRNA ligase subunit alpha
504471,504471,logistic+PCs,-1.8254264000735072,2.6167900403835045,-0.6975822943005321,0.48543845757589266,0.1611489155684423,0.17,0.17,1.0,0.5731338238716763,False,False,pheS,SPN23F_RS02680,phenylalanine--tRNA ligase subunit alpha
504662,504662,logistic+PCs,-1.4525740209122306,1.885006429813014,-0.7705936690392726,0.4409478149374113,0.2339672756830764,0.24,0.24,1.0,0.5731338238716763,False,False,pheS,SPN23F_RS02680,phenylalanine--tRNA ligase subunit alpha
505017,505017,logistic+PCs,2.2591799607201803,1.1208783378670413,2.015544314130696,0.04384764776372443,9.575233878488287,0.14,0.14,1.0,0.13647279765583334,False,False,SPN23F_RS02685,SPN23F_RS02685,GNAT family N-acetyltransferase
505034,505034,logistic+PCs,0.08010721131804176,0.7147642406565033,0.1120750126565707,0.9107639295943026,1.0834032145353194,0.19,0.19,1.0,0.9506901227064992,False,False,SPN23F_RS02685,SPN23F_RS02685,GNAT family N-acetyltransferase
505071,505071,logistic+PCs,-1.8254264000735072,2.6167900403835045,-0.6975822943005321,0.48543845757589266,0.1611489155684423,0.17,0.17,1.0,0.5731338238716763,False,False,SPN23F_RS02685,SPN23F_RS02685,GNAT family N-acetyltransferase
505117,505117,logistic+PCs,-1.8254264000735072,2.6167900403835045,-0.6975822943005321,0.48543845757589266,0.1611489155684423,0.17,0.17,1.0,0.5731338238716763,False,False,SPN23F_RS02685,SPN23F_RS02685,GNAT family N-acetyltransferase
505128,505128,logistic+PCs,-1.8254264000735072,2.6167900403835045,-0.6975822943005321,0.48543845757589266,0.1611489155684423,0.17,0.17,1.0,0.5731338238716763,False,False,SPN23F_RS02685,SPN23F_RS02685,GNAT family N-acetyltransferase
505341,505341,logistic+PCs,-1.8254264000735072,2.6167900403835045,-0.6975822943005321,0.48543845757589266,0.1611489155684423,0.17,0.17,1.0,0.5731338238716763,False,False,SPN23F_RS02685,SPN23F_RS02685,GNAT family N-acetyltransferase
505526,505526,logistic+PCs,-1.8254264000735072,2.6167900403835045,-0.6975822943005321,0.48543845757589266,0.1611489155684423,0.17,0.17,1.0,0.5731338238716763,False,False,SPN23F_RS02685,SPN23F_RS02685,GNAT family N-acetyltransferase
505540,505540,logistic+PCs,-1.8254264000735072,2.6167900403835045,-0.6975822943005321,0.48543845757589266,0.1611489155684423,0.17,0.17,1.0,0.5731338238716763,False,False,SPN23F_RS02685,SPN23F_RS02685,GNAT family N-acetyltransferase
505645,505645,logistic+PCs,-6.142452933485942,6.607494765637623,-0.9296190388874559,0.3525683662737379,0.0021496442116584404,0.07,0.07,1.0,0.4989589722203148,False,False,SPN23F_RS02685,SPN23F_RS02685,GNAT family N-acetyltransferase
505669,505669,logistic+PCs,-6.142452933485942,6.607494765637623,-0.9296190388874559,0.3525683662737379,0.0021496442116584404,0.07,0.07,1.0,0.4989589722203148,False,False,SPN23F_RS02685,SPN23F_RS02685,GNAT family N-acetyltransferase
505759,505759,logistic+PCs,-3.115747722539495,2.5328115368909283,-1.2301537943735568,0.2186395187907857,0.044345336740101396,0.18,0.18,1.0,0.45010130682141797,False,False,SPN23F_RS02685,SPN23F_RS02685,GNAT family N-acetyltransferase
505869,505869,logistic+PCs,-1.8254264000735072,2.6167900403835045,-0.6975822943005321,0.48543845757589266,0.1611489155684423,0.17,0.17,1.0,0.5731338238716763,False,False,SPN23F_RS02685,SPN23F_RS02685,GNAT family N-acetyltransferase
505873,505873,logistic+PCs,-1.8254264000735072,2.6167900403835045,-0.6975822943005321,0.48543845757589266,0.1611489155684423,0.17,0.17,1.0,0.5731338238716763,False,False,SPN23F_RS02685,SPN23F_RS02685,GNAT family N-acetyltransferase
505888,505888,logistic+PCs,-3.4309546010491108,0.781353705896386,-4.391039007248382,1.128102984217386e-05,0.032356038917086376,0.19,0.19,0.03841190661260199,0.0035548650828014718,True,True,SPN23F_RS02685,SPN23F_RS02685,GNAT family N-acetyltransferase
505909,505909,logistic+PCs,-1.8254264000735072,2.6167900403835045,-0.6975822943005321,0.48543845757589266,0.1611489155684423,0.17,0.17,1.0,0.5731338238716763,False,False,SPN23F_RS02685,SPN23F_RS02685,GNAT family N-acetyltransferase
505912,505912,logistic+PCs,-1.8254264000735072,2.6167900403835045,-0.6975822943005321,0.48543845757589266,0.1611489155684423,0.17,0.17,1.0,0.5731338238716763,False,False,SPN23F_RS02685,SPN23F_RS02685,GNAT family N-acetyltransferase
505929,505929,logistic+PCs,-1.8254264000735072,2.6167900403835045,-0.6975822943005321,0.48543845757589266,0.1611489155684423,0.17,0.17,1.0,0.5731338238716763,False,False,SPN23F_RS02685,SPN23F_RS02685,GNAT family N-acetyltransferase
506398,506398,logistic+PCs,-1.4525740209122306,1.885006429813014,-0.7705936690392726,0.4409478149374113,0.2339672756830764,0.24,0.24,1.0,0.5731338238716763,False,False,pheT,SPN23F_RS02690,phenylalanine--tRNA ligase subunit beta
506479,506479,logistic+PCs,2.834082120062283,1.7446680052997237,1.6244248828162609,0.10428516008165918,17.014775609521305,0.28,0.28,1.0,0.24539804428337908,False,False,pheT,SPN23F_RS02690,phenylalanine--tRNA ligase subunit beta
506671,506671,logistic+PCs,-1.8254264000735072,2.6167900403835045,-0.6975822943005321,0.48543845757589266,0.1611489155684423,0.17,0.17,1.0,0.5731338238716763,False,False,pheT,SPN23F_RS02690,phenylalanine--tRNA ligase subunit beta
506770,506770,logistic+PCs,2.459378423675512,1.0891895370226599,2.257989394938841,0.023946320614159203,11.697538366895277,0.18,0.18,1.0,0.08780550630883054,False,False,pheT,SPN23F_RS02690,phenylalanine--tRNA ligase subunit beta
506807,506807,logistic+PCs,-1.8254264000735072,2.6167900403835045,-0.6975822943005321,0.48543845757589266,0.1611489155684423,0.17,0.17,1.0,0.5731338238716763,False,False,pheT,SPN23F_RS02690,phenylalanine--tRNA ligase subunit beta
506845,506845,logistic+PCs,-2.0519130238535275,1.1498103841959977,-1.7845664398728864,0.07433166904797711,0.12848886605932408,0.05,0.05,1.0,0.1932055977926428,False,False,pheT,SPN23F_RS02690,phenylalanine--tRNA ligase subunit beta
506902,506902,logistic+PCs,-1.8254264000735072,2.6167900403835045,-0.6975822943005321,0.48543845757589266,0.1611489155684423,0.17,0.17,1.0,0.5731338238716763,False,False,pheT,SPN23F_RS02690,phenylalanine--tRNA ligase subunit beta
506927,506927,logistic+PCs,-1.8254264000735072,2.6167900403835045,-0.6975822943005321,0.48543845757589266,0.1611489155684423,0.17,0.17,1.0,0.5731338238716763,False,False,pheT,SPN23F_RS02690,phenylalanine--tRNA ligase subunit beta
507148,507148,logistic+PCs,11.741987811396758,4.022628019978928,2.9189842443990797,0.003511739725195489,125742.04322366399,0.14,0.14,1.0,0.02256127125337857,False,True,pheT,SPN23F_RS02690,phenylalanine--tRNA ligase subunit beta
507270,507270,logistic+PCs,-1.8254264000735072,2.6167900403835045,-0.6975822943005321,0.48543845757589266,0.1611489155684423,0.17,0.17,1.0,0.5731338238716763,False,False,pheT,SPN23F_RS02690,phenylalanine--tRNA ligase subunit beta
507289,507289,logistic+PCs,3.2554592078023687,1.0784701039416094,3.018590126795602,0.0025395385216068103,25.931519756503764,0.49,0.49,1.0,0.02256127125337857,False,True,pheT,SPN23F_RS02690,phenylalanine--tRNA ligase subunit beta
507292,507292,logistic+PCs,-1.8254264000735072,2.6167900403835045,-0.6975822943005321,0.48543845757589266,0.1611489155684423,0.17,0.17,1.0,0.5731338238716763,False,False,pheT,SPN23F_RS02690,phenylalanine--tRNA ligase subunit beta
507559,507559,logistic+PCs,-6.142452933485942,6.607494765637623,-0.9296190388874559,0.3525683662737379,0.0021496442116584404,0.07,0.07,1.0,0.4989589722203148,False,False,SPN23F_RS02695,SPN23F_RS02695,endonuclease/exonuclease/phosphatase family protein
508069,508069,logistic+PCs,1.509050869310677,0.7471106282502027,2.019849286370084,0.04339902301096228,4.522436373500744,0.33,0.33,1.0,0.13647279765583334,False,False,SPN23F_RS02695,SPN23F_RS02695,endonuclease/exonuclease/phosphatase family protein
508103,508103,logistic+PCs,-2.8881827472456627,1.1112273149859184,-2.599092650347838,0.009347054146591144,0.05567730046019323,0.08,0.08,1.0,0.045337207078551066,False,True,SPN23F_RS02695,SPN23F_RS02695,endonuclease/exonuclease/phosphatase family protein
508481,508481,logistic+PCs,-1.8254264000735072,2.6167900403835045,-0.6975822943005321,0.48543845757589266,0.1611489155684423,0.17,0.17,1.0,0.5731338238716763,False,False,SPN23F_RS02695,SPN23F_RS02695,endonuclease/exonuclease/phosphatase family protein
508765,508765,logistic+PCs,2.2591799607201803,1.1208783378670413,2.015544314130696,0.04384764776372443,9.575233878488287,0.14,0.14,1.0,0.13647279765583334,False,False,SPN23F_RS02695,SPN23F_RS02695,endonuclease/exonuclease/phosphatase family protein
508810,508810,logistic+PCs,-1.4525740209122306,1.885006429813014,-0.7705936690392726,0.4409478149374113,0.2339672756830764,0.24,0.24,1.0,0.5731338238716763,False,False,SPN23F_RS02695,SPN23F_RS02695,endonuclease/exonuclease/phosphatase family protein
509446,509446,logistic+PCs,-1.8254264000735072,2.6167900403835045,-0.6975822943005321,0.48543845757589266,0.1611489155684423,0.17,0.17,1.0,0.5731338238716763,False,False,SPN23F_RS02700,SPN23F_RS02700,IS30 family transposase
509706,509706,logistic+PCs,1.3105808748791519,0.6961347238283986,1.8826540754519494,0.05974726293551705,3.7083271607989383,0.46,0.46,1.0,0.16634458732251475,False,False,SPN23F_RS02705,SPN23F_RS02705,helix-turn-helix domain-containing protein
509784,509784,logistic+PCs,-1.8254264000735072,2.6167900403835045,-0.6975822943005321,0.48543845757589266,0.1611489155684423,0.17,0.17,1.0,0.5731338238716763,False,False,SPN23F_RS02705,SPN23F_RS02705,helix-turn-helix domain-containing protein
509807,509807,logistic+PCs,-1.8254264000735072,2.6167900403835045,-0.6975822943005321,0.48543845757589266,0.1611489155684423,0.17,0.17,1.0,0.5731338238716763,False,False,SPN23F_RS02705,SPN23F_RS02705,helix-turn-helix domain-containing protein
510067,510067,logistic+PCs,30.448562235846268,1237884.4122500094,2.4597257978636475e-05,0.9999803742276228,16735649083820.238,0.16,0.16,1.0,0.9999999852469791,False,False,SPN23F_RS02705,SPN23F_RS02705,helix-turn-helix domain-containing protein
510182,510182,logistic+PCs,1.3320519638469763,1.4958682456513777,0.8904874929455653,0.3732041811827612,3.7888099174981194,0.2,0.2,1.0,0.5167792748789353,False,False,SPN23F_RS02705,SPN23F_RS02705,helix-turn-helix domain-containing protein
510194,510194,logistic+PCs,1.8285257785787123,0.9591542241578878,1.9063939171868944,0.056599117331931785,6.2247033000899075,0.07,0.07,1.0,0.15980099047697158,False,False,SPN23F_RS02705,SPN23F_RS02705,helix-turn-helix domain-containing protein
510234,510234,logistic+PCs,-1.4525740209122306,1.885006429813014,-0.7705936690392726,0.4409478149374113,0.2339672756830764,0.24,0.24,1.0,0.5731338238716763,False,False,SPN23F_RS02705,SPN23F_RS02705,helix-turn-helix domain-containing protein
510749,510749,logistic+PCs,-1.7198908582457058,0.699920431862974,-2.4572662547768216,0.013999888356868597,0.17908569257156084,0.33,0.33,1.0,0.05892412837470652,False,False,SPN23F_RS02705,SPN23F_RS02705,helix-turn-helix domain-containing protein
510909,510909,logistic+PCs,30.448562235846268,1237884.4122500094,2.4597257978636475e-05,0.9999803742276228,16735649083820.238,0.16,0.16,1.0,0.9999999852469791,False,False,SPN23F_RS02705,SPN23F_RS02705,helix-turn-helix domain-containing protein
511162,511162,logistic+PCs,-6.142452933485942,6.607494765637623,-0.9296190388874559,0.3525683662737379,0.0021496442116584404,0.07,0.07,1.0,0.4989589722203148,False,False,metE,SPN23F_RS02710,5-methyltetrahydropteroyltriglutamate--homocysteine S-methyltransferase
511207,511207,logistic+PCs,-6.142452933485942,6.607494765637623,-0.9296190388874559,0.3525683662737379,0.0021496442116584404,0.07,0.07,1.0,0.4989589722203148,False,False,metE,SPN23F_RS02710,5-methyltetrahydropteroyltriglutamate--homocysteine S-methyltransferase
511246,511246,logistic+PCs,1.4377249485448316,1.2256385883877516,1.173041516615486,0.24077915730354382,4.211104431421098,0.32,0.32,1.0,0.48454670840340824,False,False,metE,SPN23F_RS02710,5-methyltetrahydropteroyltriglutamate--homocysteine S-methyltransferase
511252,511252,logistic+PCs,0.9286646710622377,1.1598246628877102,0.8006940193443252,0.42330880572232243,2.5311270328104336,0.33,0.33,1.0,0.5731338238716763,False,False,metE,SPN23F_RS02710,5-methyltetrahydropteroyltriglutamate--homocysteine S-methyltransferase
511267,511267,logistic+PCs,0.9286646710622377,1.1598246628877102,0.8006940193443252,0.42330880572232243,2.5311270328104336,0.33,0.33,1.0,0.5731338238716763,False,False,metE,SPN23F_RS02710,5-methyltetrahydropteroyltriglutamate--homocysteine S-methyltransferase
511276,511276,logistic+PCs,4.982427731731632,1.992546435860485,2.500532806694646,0.012400664695181248,145.82798347760033,0.31,0.31,1.0,0.05288964410811788,False,False,metE,SPN23F_RS02710,5-methyltetrahydropteroyltriglutamate--homocysteine S-methyltransferase
511288,511288,logistic+PCs,4.982427731731632,1.992546435860485,2.500532806694646,0.012400664695181248,145.82798347760033,0.31,0.31,1.0,0.05288964410811788,False,False,metE,SPN23F_RS02710,5-methyltetrahydropteroyltriglutamate--homocysteine S-methyltransferase
511304,511304,logistic+PCs,-6.142452933485942,6.607494765637623,-0.9296190388874559,0.3525683662737379,0.0021496442116584404,0.07,0.07,1.0,0.4989589722203148,False,False,metE,SPN23F_RS02710,5-methyltetrahydropteroyltriglutamate--homocysteine S-methyltransferase
511378,511378,logistic+PCs,-1.5030548893125408,0.6678835974060041,-2.2504743268890897,0.02441885143207002,0.22244956231171356,0.34,0.34,1.0,0.08911703014597902,False,False,metE,SPN23F_RS02710,5-methyltetrahydropteroyltriglutamate--homocysteine S-methyltransferase
511714,511714,logistic+PCs,-6.142452933485942,6.607494765637623,-0.9296190388874559,0.3525683662737379,0.0021496442116584404,0.07,0.07,1.0,0.4989589722203148,False,False,metE,SPN23F_RS02710,5-methyltetrahydropteroyltriglutamate--homocysteine S-methyltransferase
511729,511729,logistic+PCs,-6.142452933485942,6.607494765637623,-0.9296190388874559,0.3525683662737379,0.0021496442116584404,0.07,0.07,1.0,0.4989589722203148,False,False,metE,SPN23F_RS02710,5-methyltetrahydropteroyltriglutamate--homocysteine S-methyltransferase
511751,511751,logistic+PCs,4.6847324229151095,1.8581992172325574,2.521114194576052,0.011698388068474256,108.28129483828224,0.42,0.42,1.0,0.05288964410811788,False,False,metE,SPN23F_RS02710,5-methyltetrahydropteroyltriglutamate--homocysteine S-methyltransferase
511783,511783,logistic+PCs,2.8071172431009455,1.6113984645039123,1.7420379285052559,0.08150180768252814,16.56210481277371,0.41,0.41,1.0,0.20390422862528165,False,False,metE,SPN23F_RS02710,5-methyltetrahydropteroyltriglutamate--homocysteine S-methyltransferase
511894,511894,logistic+PCs,6.068918736003424,3.531294205335713,1.718610340320388,0.08568534757097984,432.21309237071733,0.2,0.2,1.0,0.2115725949812809,False,False,metE,SPN23F_RS02710,5-methyltetrahydropteroyltriglutamate--homocysteine S-methyltransferase
511906,511906,logistic+PCs,0.4145530321499934,0.6228432644506487,0.6655816251230259,0.5056785544595815,1.5136940169061224,0.28,0.28,1.0,0.5943512177890491,False,False,metE,SPN23F_RS02710,5-methyltetrahydropteroyltriglutamate--homocysteine S-methyltransferase
512694,512694,logistic+PCs,-2.0802185171137535,0.6842194679899426,-3.0402796389656817,0.00236358582556901,0.12490291579166682,0.41,0.41,1.0,0.02256127125337857,False,True,metF,SPN23F_RS02715,methylenetetrahydrofolate reductase [NAD(P)H]
512701,512701,logistic+PCs,-33.94579286523151,6852500.323288622,-4.953782015867223e-06,0.999996047453812,1.8093787054227696e-15,0.15,0.15,1.0,0.9999999852469791,False,False,metF,SPN23F_RS02715,methylenetetrahydrofolate reductase [NAD(P)H]
512820,512820,logistic+PCs,11.179119578914301,2.893932324538931,3.8629512805540087,0.00011202535617239785,71619.27917424511,0.44,0.44,0.3814463377670147,0.0035548650828014718,False,True,metF,SPN23F_RS02715,methylenetetrahydrofolate reductase [NAD(P)H]
513192,513192,logistic+PCs,-1.8254264000735072,2.6167900403835045,-0.6975822943005321,0.48543845757589266,0.1611489155684423,0.17,0.17,1.0,0.5731338238716763,False,False,metF,SPN23F_RS02715,methylenetetrahydrofolate reductase [NAD(P)H]
513409,513409,logistic+PCs,4.958612928408206,1.994370066255824,2.4863053313457373,0.012907716704031324,142.39614520305508,0.3,0.3,1.0,0.05486988186919683,False,False,metF,SPN23F_RS02715,methylenetetrahydrofolate reductase [NAD(P)H]
513432,513432,logistic+PCs,1.349312348068413,1.3904848893730704,0.9703897959486487,0.33185223300072386,3.85477387639193,0.1,0.1,1.0,0.4989589722203148,False,False,metF,SPN23F_RS02715,methylenetetrahydrofolate reductase [NAD(P)H]
513450,513450,logistic+PCs,2.088222179828355,1.3510397722004472,1.5456407892620763,0.12219134446792776,8.07055440824326,0.11,0.11,1.0,0.2809328345126901,False,False,metF,SPN23F_RS02715,methylenetetrahydrofolate reductase [NAD(P)H]
513482,513482,logistic+PCs,4.982427731731632,1.992546435860485,2.500532806694646,0.012400664695181248,145.82798347760033,0.31,0.31,1.0,0.05288964410811788,False,False,metF,SPN23F_RS02715,methylenetetrahydrofolate reductase [NAD(P)H]
513488,513488,logistic+PCs,-2.885639033673692,0.8415290619222093,-3.4290426370805953,0.0006057143642474705,0.05581910784724858,0.13,0.13,1.0,0.009852188017658409,False,True,metF,SPN23F_RS02715,methylenetetrahydrofolate reductase [NAD(P)H]
513511,513511,logistic+PCs,8.473861315535846,2.2454437525090754,3.773802530598725,0.00016077803898720313,4787.967675641131,0.45,0.45,0.5474492227514266,0.0035548650828014718,False,True,metF,SPN23F_RS02715,methylenetetrahydrofolate reductase [NAD(P)H]
513629,513629,logistic+PCs,-3.563696435447872,2.0659838164330564,-1.7249391825346594,0.08453843331960216,0.028333896484104806,0.26,0.26,1.0,0.21057305446470034,False,False,metF,SPN23F_RS02715,methylenetetrahydrofolate reductase [NAD(P)H]
513669,513669,logistic+PCs,-6.142452933485942,6.607494765637623,-0.9296190388874559,0.3525683662737379,0.0021496442116584404,0.07,0.07,1.0,0.4989589722203148,False,False,metF,SPN23F_RS02715,methylenetetrahydrofolate reductase [NAD(P)H]
513681,513681,logistic+PCs,-1.8254264000735072,2.6167900403835045,-0.6975822943005321,0.48543845757589266,0.1611489155684423,0.17,0.17,1.0,0.5731338238716763,False,False,metF,SPN23F_RS02715,methylenetetrahydrofolate reductase [NAD(P)H]
513770,513770,logistic+PCs,-6.142452933485942,6.607494765637623,-0.9296190388874559,0.3525683662737379,0.0021496442116584404,0.07,0.07,1.0,0.4989589722203148,False,False,metF,SPN23F_RS02715,methylenetetrahydrofolate reductase [NAD(P)H]
513787,513787,logistic+PCs,-0.32672313629943206,1.0033883588384855,-0.32561981950602276,0.7447120149821622,0.7212834125794709,0.19,0.19,1.0,0.8101419843496046,False,False,metF,SPN23F_RS02715,methylenetetrahydrofolate reductase [NAD(P)H]
513849,513849,logistic+PCs,0.6377750473778472,0.6791664892323765,0.9390555298137401,0.34770223470308526,1.8922659899030798,0.19,0.19,1.0,0.4989589722203148,False,False,metF,SPN23F_RS02715,methylenetetrahydrofolate reductase [NAD(P)H]
513856,513856,logistic+PCs,4.982427731731632,1.992546435860485,2.500532806694646,0.012400664695181248,145.82798347760033,0.31,0.31,1.0,0.05288964410811788,False,False,metF,SPN23F_RS02715,methylenetetrahydrofolate reductase [NAD(P)H]
513960,513960,logistic+PCs,4.982427731731632,1.992546435860485,2.500532806694646,0.012400664695181248,145.82798347760033,0.31,0.31,1.0,0.05288964410811788,False,False,pnp,SPN23F_RS02720,polyribonucleotide nucleotidyltransferase
521716,521716,logistic+PCs,-6.142452933485942,6.607494765637623,-0.9296190388874559,0.3525683662737379,0.0021496442116584404,0.07,0.07,1.0,0.4989589722203148,False,False,SPN23F_RS02750,SPN23F_RS02750,ISL3-like element IS1167A family transposase
521821,521821,logistic+PCs,-6.142452933485942,6.607494765637623,-0.9296190388874559,0.3525683662737379,0.0021496442116584404,0.07,0.07,1.0,0.4989589722203148,False,False,SPN23F_RS02750,SPN23F_RS02750,ISL3-like element IS1167A family transposase
521840,521840,logistic+PCs,-6.142452933485942,6.607494765637623,-0.9296190388874559,0.3525683662737379,0.0021496442116584404,0.07,0.07,1.0,0.4989589722203148,False,False,SPN23F_RS02750,SPN23F_RS02750,ISL3-like element IS1167A family transposase
521868,521868,logistic+PCs,-1.8254264000735072,2.6167900403835045,-0.6975822943005321,0.48543845757589266,0.1611489155684423,0.17,0.17,1.0,0.5731338238716763,False,False,SPN23F_RS02750,SPN23F_RS02750,ISL3-like element IS1167A family transposase
522139,522139,logistic+PCs,2.5863360691446178,1.2007695825869764,2.1538987218284897,0.03124811523189249,13.281021604572274,0.06,0.06,1.0,0.10672568205773438,False,False,SPN23F_RS02755,SPN23F_RS02755,hypothetical protein
522305,522305,logistic+PCs,1.3320519638469763,1.4958682456513777,0.8904874929455653,0.3732041811827612,3.7888099174981194,0.2,0.2,1.0,0.5167792748789353,False,False,SPN23F_RS02755,SPN23F_RS02755,hypothetical protein
522622,522622,logistic+PCs,1.8285257785787123,0.9591542241578878,1.9063939171868944,0.056599117331931785,6.2247033000899075,0.07,0.07,1.0,0.15980099047697158,False,False,SPN23F_RS02755,SPN23F_RS02755,hypothetical protein
522822,522822,logistic+PCs,2.335312423389702,1.0917352448702606,2.139083110454335,0.032428938004996945,10.332687598427857,0.17,0.17,1.0,0.10901665345577051,False,False,SPN23F_RS02755,SPN23F_RS02755,hypothetical protein
522830,522830,logistic+PCs,4.982427731731632,1.992546435860485,2.500532806694646,0.012400664695181248,145.82798347760033,0.31,0.31,1.0,0.05288964410811788,False,False,SPN23F_RS02755,SPN23F_RS02755,hypothetical protein
523523,523523,logistic+PCs,1.8488085462196078,0.7429604872096959,2.4884345507566588,0.012830685103579488,6.35224660387619,0.5,0.5,1.0,0.0546106034721102,False,False,SPN23F_RS13235,SPN23F_RS13235,group II intron maturase-specific domain-containing protein
524954,524954,logistic+PCs,-1.8254264000735072,2.6167900403835045,-0.6975822943005321,0.48543845757589266,0.1611489155684423,0.17,0.17,1.0,0.5731338238716763,False,False,vex2,SPN23F_RS02770,ABC transporter ATP-binding subunit Vex2
525072,525072,logistic+PCs,0.9076555545171285,0.6374133929656435,1.4239668706899151,0.15445606246948373,2.4785049967567985,0.36,0.36,1.0,0.34760270502881174,False,False,vex2,SPN23F_RS02770,ABC transporter ATP-binding subunit Vex2
525392,525392,logistic+PCs,-1.4525740209122306,1.885006429813014,-0.7705936690392726,0.4409478149374113,0.2339672756830764,0.24,0.24,1.0,0.5731338238716763,False,False,vex2,SPN23F_RS02770,ABC transporter ATP-binding subunit Vex2
525527,525527,logistic+PCs,2.756859331414923,1.6471432680941265,1.6737216396511911,0.0941853188518962,15.750298719589445,0.21,0.21,1.0,0.2269646218617881,False,False,vex2,SPN23F_RS02770,ABC transporter ATP-binding subunit Vex2
526253,526253,logistic+PCs,30.448562235846268,1237884.4122500094,2.4597257978636475e-05,0.9999803742276228,16735649083820.238,0.16,0.16,1.0,0.9999999852469791,False,False,vex3,SPN23F_RS02775,ABC transporter permease subunit Vex3
526257,526257,logistic+PCs,-6.142452933485942,6.607494765637623,-0.9296190388874559,0.3525683662737379,0.0021496442116584404,0.07,0.07,1.0,0.4989589722203148,False,False,vex3,SPN23F_RS02775,ABC transporter permease subunit Vex3
526360,526360,logistic+PCs,-3.115747722539495,2.5328115368909283,-1.2301537943735568,0.2186395187907857,0.044345336740101396,0.18,0.18,1.0,0.45010130682141797,False,False,vex3,SPN23F_RS02775,ABC transporter permease subunit Vex3
526779,526779,logistic+PCs,-6.142452933485942,6.607494765637623,-0.9296190388874559,0.3525683662737379,0.0021496442116584404,0.07,0.07,1.0,0.4989589722203148,False,False,pep27,SPN23F_RS13785,putative autolysis signal peptide Pep27
526812,526812,logistic+PCs,-2.7723236738680033,0.67771884086825,-4.090669325817001,4.3013004183756846e-05,0.06251656771876257,0.45,0.45,0.14645927924569205,0.0035548650828014718,False,True,pep27,SPN23F_RS13785,putative autolysis signal peptide Pep27
526865,526865,logistic+PCs,-6.142452933485942,6.607494765637623,-0.9296190388874559,0.3525683662737379,0.0021496442116584404,0.07,0.07,1.0,0.4989589722203148,False,False,pep27,SPN23F_RS13785,putative autolysis signal peptide Pep27
526866,526866,logistic+PCs,-1.8254264000735072,2.6167900403835045,-0.6975822943005321,0.48543845757589266,0.1611489155684423,0.17,0.17,1.0,0.5731338238716763,False,False,pep27,SPN23F_RS13785,putative autolysis signal peptide Pep27
526932,526932,logistic+PCs,-1.0868314579216674,0.7005885608378118,-1.55131202345348,0.12082692683573801,0.33728349934791096,0.41,0.41,1.0,0.2809328345126901,False,False,pep27,SPN23F_RS13785,putative autolysis signal peptide Pep27
527321,527321,logistic+PCs,-2.2961024829932364,1.1287379475654329,-2.0342210412484882,0.041929313987135966,0.10065036675951525,0.06,0.06,1.0,0.13405569401520936,False,False,vncR,SPN23F_RS02780,response regulator transcription factor VncR
528204,528204,logistic+PCs,2.4088042265059975,1.087424104820861,2.215146984352362,0.026749977400431956,11.120655406355077,0.17,0.17,1.0,0.09565656470977249,False,False,vncR,SPN23F_RS02780,response regulator transcription factor VncR
528340,528340,logistic+PCs,0.8469932173109284,0.9365560894065444,0.9043699858356927,0.36579924777107153,2.3326226077530015,0.06,0.06,1.0,0.5106791466422709,False,False,vncR,SPN23F_RS02780,response regulator transcription factor VncR
528733,528733,logistic+PCs,1.9621020742886848,1.2031945854933792,1.6307437699149134,0.10294439672386378,7.114266073999519,0.25,0.25,1.0,0.24478049639996938,False,False,vncS,SPN23F_RS02785,sensor histidine kinase VncS
529504,529504,logistic+PCs,1.349312348068413,1.3904848893730704,0.9703897959486487,0.33185223300072386,3.85477387639193,0.1,0.1,1.0,0.4989589722203148,False,False,SPN23F_RS02790,SPN23F_RS02790,class II fructose-bisphosphate aldolase
529633,529633,logistic+PCs,4.982427731731632,1.992546435860485,2.500532806694646,0.012400664695181248,145.82798347760033,0.31,0.31,1.0,0.05288964410811788,False,False,SPN23F_RS02790,SPN23F_RS02790,class II fructose-bisphosphate aldolase
529837,529837,logistic+PCs,1.0930063669054486,1.5404666282339776,0.7095294028917026,0.4779960118746962,2.9832292862866896,0.27,0.27,1.0,0.5731338238716763,False,False,SPN23F_RS02790,SPN23F_RS02790,class II fructose-bisphosphate aldolase
530030,530030,logistic+PCs,0.4865188069891127,0.6368601386686371,0.7639335192279194,0.44490686120293343,1.6266436914508446,0.21,0.21,1.0,0.5731338238716763,False,False,SPN23F_RS02790,SPN23F_RS02790,class II fructose-bisphosphate aldolase
530569,530569,logistic+PCs,-6.142452933485942,6.607494765637623,-0.9296190388874559,0.3525683662737379,0.0021496442116584404,0.07,0.07,1.0,0.4989589722203148,False,False,SPN23F_RS02795,SPN23F_RS02795,ferredoxin reductase family protein
530611,530611,logistic+PCs,30.448562235846268,1237884.4122500094,2.4597257978636475e-05,0.9999803742276228,16735649083820.238,0.16,0.16,1.0,0.9999999852469791,False,False,SPN23F_RS02795,SPN23F_RS02795,ferredoxin reductase family protein
530641,530641,logistic+PCs,-1.8254264000735072,2.6167900403835045,-0.6975822943005321,0.48543845757589266,0.1611489155684423,0.17,0.17,1.0,0.5731338238716763,False,False,SPN23F_RS02795,SPN23F_RS02795,ferredoxin reductase family protein
530656,530656,logistic+PCs,30.448562235846268,1237884.4122500094,2.4597257978636475e-05,0.9999803742276228,16735649083820.238,0.16,0.16,1.0,0.9999999852469791,False,False,SPN23F_RS02795,SPN23F_RS02795,ferredoxin reductase family protein
531903,531903,logistic+PCs,11.741987811396758,4.022628019978928,2.9189842443990797,0.003511739725195489,125742.04322366399,0.14,0.14,1.0,0.02256127125337857,False,True,SPN23F_RS02800,SPN23F_RS02800,amino acid ABC transporter permease
532080,532080,logistic+PCs,1.9103156586606787,0.7272544302728483,2.626750115422431,0.008620461323283066,6.7552208059724785,0.38,0.38,1.0,0.045337207078551066,False,True,SPN23F_RS02800,SPN23F_RS02800,amino acid ABC transporter permease
532089,532089,logistic+PCs,-1.3494652538311296,0.6571847421291284,-2.053403202057264,0.04003348901597986,0.259378925454022,0.44,0.44,1.0,0.12847693694572238,False,False,SPN23F_RS02800,SPN23F_RS02800,amino acid ABC transporter permease
532173,532173,logistic+PCs,-2.2867614500185676,0.8219263311207788,-2.7821975807738624,0.0053992158787586715,0.1015949499775392,0.25,0.25,1.0,0.03202844959437853,False,True,SPN23F_RS02800,SPN23F_RS02800,amino acid ABC transporter permease
532326,532326,logistic+PCs,1.1314762260837126,0.7315142611266604,1.5467589440307568,0.1219213836624253,3.1002297637514156,0.19,0.19,1.0,0.2809328345126901,False,False,SPN23F_RS02800,SPN23F_RS02800,amino acid ABC transporter permease
532402,532402,logistic+PCs,-1.8254264000735072,2.6167900403835045,-0.6975822943005321,0.48543845757589266,0.1611489155684423,0.17,0.17,1.0,0.5731338238716763,False,False,SPN23F_RS02800,SPN23F_RS02800,amino acid ABC transporter permease
532546,532546,logistic+PCs,-2.149386483692375,1.152878307185543,-1.8643654497581372,0.06227040135667486,0.11655564463080503,0.05,0.05,1.0,0.17030088547922442,False,False,SPN23F_RS02800,SPN23F_RS02800,amino acid ABC transporter permease
532851,532851,logistic+PCs,1.0000222634964209,0.7360501031735577,1.3586334125689534,0.17426278190055322,2.718342347590485,0.18,0.18,1.0,0.37721854569064445,False,False,SPN23F_RS02805,SPN23F_RS02805,amino acid ABC transporter permease
533593,533593,logistic+PCs,-6.142452933485942,6.607494765637623,-0.9296190388874559,0.3525683662737379,0.0021496442116584404,0.07,0.07,1.0,0.4989589722203148,False,False,SPN23F_RS02810,SPN23F_RS02810,transporter substrate-binding domain-containing protein
533916,533916,logistic+PCs,2.756859331414923,1.6471432680941265,1.6737216396511911,0.0941853188518962,15.750298719589445,0.21,0.21,1.0,0.2269646218617881,False,False,SPN23F_RS02810,SPN23F_RS02810,transporter substrate-binding domain-containing protein
533923,533923,logistic+PCs,-1.8254264000735072,2.6167900403835045,-0.6975822943005321,0.48543845757589266,0.1611489155684423,0.17,0.17,1.0,0.5731338238716763,False,False,SPN23F_RS02810,SPN23F_RS02810,transporter substrate-binding domain-containing protein
535276,535276,logistic+PCs,1.2091345702159069,0.7070188038489408,1.7101872872878305,0.08723124575279483,3.350583702515549,0.32,0.32,1.0,0.2129324567899366,False,False,SPN23F_RS02815,SPN23F_RS02815,amino acid ABC transporter ATP-binding protein
535310,535310,logistic+PCs,-6.142452933485942,6.607494765637623,-0.9296190388874559,0.3525683662737379,0.0021496442116584404,0.07,0.07,1.0,0.4989589722203148,False,False,SPN23F_RS02815,SPN23F_RS02815,amino acid ABC transporter ATP-binding protein
536028,536028,logistic+PCs,-1.8254264000735072,2.6167900403835045,-0.6975822943005321,0.48543845757589266,0.1611489155684423,0.17,0.17,1.0,0.5731338238716763,False,False,recJ,SPN23F_RS02820,single-stranded-DNA-specific exonuclease RecJ
